writeToMemory(0x8000,[0xFF,0xFF,0xFF,0xFF,0xFF,0xFF,0xFF,0xFF,0xFF,0xFF,0x84,0xE4,0x50,0xBF,0xF0,0xBF,
    0x7F,0x80,0x7F,0x87,0x7F,0x8E,0x07,0x00,0x07,0x00,0x00,0xE0,0x00,0x00,0x10,0x00,
    0x1F,0x20,0x20,0x25,0xE6,0xAD,0x02,0x20,0xAD,0x1D,0x05,0x0A,0xAA,0xBD,0x00,0x80,
    0x85,0x00,0xBD,0x06,0x80,0x85,0x02,0xBD,0x0C,0x80,0x8D,0x06,0x20,0xE8,0xBD,0x00,
    0x80,0x85,0x01,0xBD,0x06,0x80,0x85,0x03,0xBD,0x0C,0x80,0x20,0x4F,0x80,0xAD,0x1D,
    0x05,0xC9,0x03,0xD0,0xD3,0xA9,0x5A,0x85,0xF5,0xA9,0x00,0x8D,0x1D,0x05,0x60,0x8D,
    0x06,0x20,0xA0,0x00,0xB1,0x00,0x8D,0x07,0x20,0xA5,0x00,0x18,0x69,0x01,0x85,0x00,
    0xA5,0x01,0x69,0x00,0x85,0x01,0xA5,0x03,0x38,0xE9,0x01,0x85,0x03,0xA5,0x02,0xE9,
    0x00,0x85,0x02,0xA5,0x02,0xD0,0xDD,0xA5,0x03,0xD0,0xD9,0xEE,0x1D,0x05,0x60,0x00,
    0x07,0x1F,0x77,0xF3,0xB1,0x39,0x1C,0x00,0x00,0x00,0x09,0x0F,0x0F,0x1F,0x1F,0x0F,
    0x3E,0x3E,0x7E,0x7F,0xFF,0xFF,0x70,0x00,0x19,0x3F,0x3F,0x1E,0xC1,0xE0,0x70,0x00,
    0x80,0xF0,0xF8,0xF0,0x20,0x20,0x04,0x00,0x00,0xF0,0xF8,0xF0,0xD0,0xFC,0xF4,0x04,
    0x34,0x34,0x74,0xE4,0xF4,0xF8,0x70,0xF4,0xFC,0xDC,0x94,0x24,0xE4,0x18,0x70,0x07,
    0x1F,0x77,0xF3,0xB1,0x39,0x1C,0x0F,0x00,0x00,0x09,0x0F,0x0F,0x1F,0x1F,0x00,0x3F,
    0x78,0x78,0x79,0x3F,0x7F,0x0F,0x0F,0x20,0x77,0x7F,0x7E,0x19,0x00,0x0F,0x0F,0x80,
    0xF0,0xF8,0xF0,0x22,0x22,0x02,0x02,0x00,0xF0,0xF8,0xF0,0xD2,0xFE,0xF2,0xF2,0xFA,
    0xFA,0xFA,0xE2,0xE2,0xE0,0x00,0x80,0x3E,0x1E,0x1A,0x22,0xE2,0x00,0x00,0x80,0x07,
    0x0F,0x0F,0x0F,0x0A,0x0A,0x20,0x39,0x00,0x00,0x27,0x2F,0x3D,0x3F,0x3F,0x37,0x1C,
    0x1F,0x1F,0x1F,0x1F,0x0F,0x0E,0x0E,0x23,0x20,0x13,0x0E,0x03,0x08,0x0E,0x0E,0xE0,
    0xF0,0xF0,0xF0,0x50,0x50,0x04,0x9C,0x00,0x00,0xE4,0xF4,0xBC,0xFC,0xFC,0xE4,0x3E,
    0xF6,0xE2,0xF0,0xF8,0xF0,0x70,0x00,0xCE,0x0E,0x9E,0xFE,0x84,0x00,0x70,0x00,0x07,
    0x0F,0x0F,0x1F,0x1F,0x0F,0x0F,0x1F,0x00,0x00,0x20,0x20,0x30,0x3C,0x1E,0x17,0x3F,
    0x3F,0x1F,0x1F,0x1F,0x1F,0x1E,0x0C,0x30,0x30,0x18,0x07,0x00,0x1C,0x1E,0x0C,0xE0,
    0xF0,0xF0,0xF8,0xF8,0xF0,0xF0,0xF8,0x00,0x00,0x04,0x04,0x0C,0x3C,0x78,0xE8,0xF8,
    0xF8,0xF8,0xF0,0xF8,0xF0,0x60,0x00,0x18,0x1C,0x1C,0xEC,0x00,0x10,0x60,0x00,0x00,
    0x03,0x0F,0x1B,0x19,0x38,0x7C,0x4E,0x00,0x00,0x00,0x04,0x07,0x07,0x0F,0x0F,0x0F,
    0x1F,0x1F,0x3F,0x7F,0xFF,0xFF,0x70,0x00,0x07,0x0F,0x0F,0x07,0xC0,0xE0,0x70,0x00,
    0xC0,0xF8,0xFC,0xF8,0x90,0x90,0x00,0x00,0x00,0x78,0xFC,0xF8,0xE8,0xFE,0xF8,0x80,
    0xE0,0xE0,0xF0,0xF8,0xF8,0xFC,0x1E,0x7C,0xFC,0xF8,0xE0,0x18,0xF8,0x0C,0x1E,0x1B,
    0x2F,0x6F,0xCF,0xCA,0x6A,0x39,0x1D,0x18,0x38,0x73,0xF7,0xFD,0xFF,0x77,0x33,0x0E,
    0x0F,0x0F,0x0F,0x1F,0x3B,0x00,0x00,0x11,0x08,0x05,0x03,0x19,0x38,0x00,0x00,0xE0,
    0xF0,0xF8,0xF8,0x78,0x58,0x80,0x98,0x00,0x00,0xC0,0xE2,0xB6,0xF4,0xF8,0xF8,0x3C,
    0xFC,0xFC,0xFC,0x9E,0x1F,0x0F,0x00,0xFC,0x3C,0xF8,0x70,0xF2,0xE7,0xEF,0x00,0x1F,
    0x1F,0x3F,0x1F,0x5F,0x5F,0x7F,0x7F,0x10,0x40,0x60,0x60,0x70,0x78,0x6D,0x67,0x3F,
    0x3F,0x3F,0x7F,0xFF,0xE1,0x00,0x00,0x20,0x20,0x10,0x4F,0xC0,0xE0,0x00,0x00,0x80,
    0xC0,0xE0,0xE0,0xE0,0xE0,0xE1,0xFB,0x00,0x00,0x00,0x08,0x38,0xF1,0xD3,0xBF,0xF7,
    0xEF,0xDE,0xEC,0xF0,0xF8,0x3C,0x3C,0x3F,0x3F,0x3E,0xFC,0x08,0x18,0x3C,0x3C,0x00,
    0x00,0x00,0x00,0x00,0x00,0x00,0x00,0x00,0x00,0x00,0x00,0x00,0x00,0x00,0x00,0x00,
    0x00,0x00,0x00,0x00,0x00,0x00,0x00,0x00,0x00,0x00,0x00,0x00,0x00,0x00,0x00,0xE0,
    0x80,0x80,0x00,0x00,0x00,0x00,0x00,0x00,0x00,0x00,0x00,0x00,0x00,0x00,0x00,0x00,
    0x00,0x00,0x00,0x00,0x80,0x80,0xE0,0x00,0x00,0x00,0x00,0x00,0x00,0x00,0x00,0x10,
    0x38,0x38,0x38,0x38,0x38,0x38,0x38,0x10,0x38,0x38,0x38,0x38,0x38,0x38,0x38,0x38,
    0x38,0x38,0xFE,0x82,0x38,0x00,0x38,0x38,0x38,0x38,0x00,0x38,0x00,0x38,0x00,0x2C,
    0x18,0x18,0x3C,0x7E,0xAB,0x7F,0xEF,0x2C,0x18,0x18,0x18,0x00,0x54,0x80,0x10,0x5F,
    0xFD,0x56,0x3C,0x18,0x18,0x18,0x34,0xA0,0x02,0x28,0x00,0x18,0x18,0x18,0x34,0x1C,
    0x10,0x10,0x10,0x10,0x10,0x10,0x10,0x00,0x14,0x1C,0x14,0x1C,0x14,0x1C,0x14,0x10,
    0x10,0x10,0x10,0x00,0x10,0x10,0x10,0x1C,0x14,0x1C,0x1C,0x08,0x1C,0x14,0x1C,0x08,
    0x3C,0x74,0x6E,0x24,0x00,0x3C,0x3C,0x00,0x00,0x08,0x10,0x18,0x00,0x3C,0x3C,0x3C,
    0x3C,0x3C,0x3C,0x3C,0x3C,0x00,0x00,0x3C,0x3D,0x3D,0x3D,0x3D,0x3D,0xFF,0x7E,0x00,
    0x00,0x00,0x08,0x08,0x08,0x08,0x08,0x08,0x08,0x1C,0x14,0x00,0x00,0x00,0x00,0x08,
    0x08,0x1C,0x2A,0x1C,0x2A,0x1C,0x2A,0x00,0x00,0x14,0x22,0x14,0x22,0x14,0x22,0xE0,
    0x98,0x8C,0x86,0x86,0x83,0x83,0x83,0xE0,0x18,0x0C,0x06,0x06,0x03,0x03,0x03,0x83,
    0x83,0x83,0x86,0x86,0x8C,0x98,0xE0,0x03,0x03,0x03,0x06,0x06,0x0C,0x18,0xE0,0x00,
    0x03,0x06,0x01,0x83,0x05,0x03,0x06,0x04,0x1C,0x28,0x2E,0x7C,0xEA,0x0C,0x78,0x00,
    0x00,0x00,0x00,0x00,0x00,0x00,0x00,0x08,0x08,0x08,0x08,0x78,0x08,0x78,0x08,0x04,
    0x42,0xA1,0xC1,0xC1,0x01,0x87,0x08,0x38,0x7C,0xC6,0x82,0x82,0xFE,0xF8,0x10,0x08,
    0x08,0x08,0x48,0x08,0x08,0x08,0x08,0x10,0x10,0x10,0x70,0x70,0x30,0x70,0x10,0x00,
    0x00,0x00,0x78,0xFC,0xFC,0xE6,0xC3,0x00,0x00,0x00,0x78,0xFC,0xFC,0xFE,0xFF,0xDB,
    0xC8,0x60,0x70,0x30,0x00,0x00,0x00,0xE7,0xF0,0x70,0x70,0x30,0x00,0x00,0x00,0x10,
    0x30,0x70,0xA0,0xC0,0xC0,0xC0,0xC0,0x18,0x3C,0x7E,0xF5,0xFB,0xFB,0xFB,0xFB,0xC0,
    0xC0,0xC0,0xA0,0x10,0x00,0x00,0x00,0xFB,0xFB,0xFB,0xFB,0xF5,0x7E,0x3C,0x18,0x04,
    0x04,0x02,0x01,0x01,0x02,0x3C,0x4E,0x04,0x04,0x02,0x01,0x01,0x02,0x00,0x30,0xAF,
    0x9F,0xFF,0xFF,0x7E,0x3C,0x00,0x00,0x70,0x60,0x00,0x00,0x00,0x00,0x00,0x00,0x00,
    0x00,0x00,0x00,0x14,0x38,0x30,0x10,0x00,0x00,0x00,0x00,0x0C,0x08,0x50,0x70,0x10,
    0x10,0x08,0x04,0x00,0x00,0x00,0x00,0x70,0x70,0x38,0x1C,0x00,0x00,0x00,0x00,0x00,
    0x00,0x00,0x00,0x40,0x40,0x60,0xF0,0x00,0x00,0x00,0x00,0xC0,0xC0,0xA0,0x10,0x48,
    0x04,0x03,0x00,0x00,0x00,0x00,0x00,0x38,0x7C,0x3F,0x0F,0x00,0x00,0x00,0x00,0x00,
    0x00,0x00,0x00,0x00,0x00,0x81,0x42,0x00,0x00,0x00,0x00,0x00,0x00,0x81,0xC3,0xFC,
    0x60,0x00,0x00,0x00,0x00,0x00,0x00,0x3F,0x1E,0x3C,0x00,0x00,0x00,0x00,0x00,0x00,
    0x00,0x00,0x00,0x44,0x2D,0xBE,0x7C,0x00,0x00,0x00,0x00,0x44,0x2D,0xBE,0x7C,0x38,
    0x7C,0x90,0x08,0x00,0x00,0x00,0x00,0x38,0x7C,0x90,0x08,0x00,0x00,0x00,0x00,0xE0,
    0xE0,0xE0,0x00,0x00,0x00,0x00,0x00,0x00,0x00,0x00,0x00,0x00,0x00,0x00,0x00,0x00,
    0x00,0x00,0x00,0x00,0x00,0x00,0x00,0x00,0x00,0x00,0x00,0x00,0x00,0x00,0x00,0x00,
    0x18,0x3C,0x3C,0x24,0x24,0x66,0x81,0x3C,0x00,0x3C,0x24,0x24,0x24,0x66,0x81,0x81,
    0xFF,0xFD,0xDF,0xF7,0xFF,0xFF,0x7E,0x81,0x81,0x83,0xA1,0x89,0xC3,0xFF,0x7E,0xFE,
    0xFF,0xFF,0xFF,0xFF,0xFF,0xC1,0xFF,0x00,0xFC,0xFE,0xFC,0x80,0x80,0x80,0x80,0xD5,
    0xFF,0xFF,0xF7,0xE3,0xF7,0x7F,0x7E,0x80,0x80,0x80,0x80,0x80,0x00,0x00,0x00,0x00,
    0x00,0x00,0x3C,0x7E,0x66,0xC3,0xDB,0x00,0x00,0x00,0x00,0x00,0x18,0x3C,0x3C,0xDB,
    0xC3,0x66,0x7E,0x3C,0x00,0x00,0x00,0x3C,0x3C,0x18,0x00,0x00,0x00,0x00,0x00,0x00,
    0x00,0x00,0x1C,0x3E,0x7F,0x3E,0x00,0x00,0x00,0x00,0x00,0x10,0x00,0x41,0x3E,0x41,
    0x00,0x00,0x00,0x00,0x00,0x00,0x00,0x60,0x41,0x62,0x3C,0x00,0x00,0x00,0x00,0x80,
    0xC0,0xE0,0xE0,0x70,0x70,0x34,0x3A,0x80,0xC0,0xE0,0xE0,0x70,0x70,0x30,0x3A,0x1A,
    0x5F,0x4E,0x2C,0x18,0x12,0x00,0x01,0x18,0x1C,0x48,0x02,0x06,0x05,0x03,0x02,0x18,
    0x3C,0x3C,0x3C,0x18,0x00,0x18,0x00,0x00,0x10,0x00,0x24,0x18,0x18,0x18,0x18,0x00,
    0x00,0x00,0x00,0x00,0x00,0x00,0x00,0x18,0x18,0x18,0x18,0x18,0x18,0x18,0x18,0x00,
    0x00,0x00,0x35,0x01,0x2B,0x06,0x5E,0xDB,0xFF,0xFF,0xCB,0x7F,0xD7,0xFE,0xAE,0x1E,
    0x3C,0x7C,0x1C,0x58,0x08,0x08,0x10,0xFE,0xFC,0xFC,0xFC,0xA8,0x78,0xF8,0xF0,0x00,
    0x14,0x3A,0x0B,0x73,0xF0,0x31,0xD0,0x00,0x08,0x04,0x74,0x08,0x01,0xC0,0xE0,0xD0,
    0x30,0xF1,0x70,0x71,0x0C,0x18,0x00,0xE0,0xC0,0x00,0x01,0x0A,0x32,0x04,0x00,0x38,
    0x54,0xFF,0xC7,0xC7,0x6E,0x46,0x28,0x44,0x28,0x81,0xB9,0xB9,0x52,0x3A,0x54,0x38,
    0x7C,0x12,0x04,0x00,0x00,0x00,0x20,0x6C,0xC6,0x2A,0x38,0x30,0x20,0x20,0x00,0x38,
    0x54,0x7E,0x46,0x47,0xED,0xC7,0xAE,0x44,0x28,0x00,0x38,0x79,0x91,0xBB,0xD6,0x12,
    0x39,0x10,0x04,0x00,0x00,0x00,0x20,0x46,0x83,0x28,0x38,0x30,0x20,0x20,0x00,0x80,
    0xF0,0xF8,0xF3,0x23,0x22,0x02,0x02,0x00,0xF0,0xF8,0xF3,0xD3,0xFF,0xF3,0xF3,0xFA,
    0xFA,0xFA,0xE2,0xE2,0xE3,0x03,0x80,0x3F,0x1F,0x1B,0x23,0xE3,0x03,0x03,0x80,0x00,
    0x00,0xFF,0xFF,0xE7,0xE7,0x81,0x81,0x00,0x00,0xFF,0xFF,0xFF,0xFF,0xFF,0xFF,0xE7,
    0xE7,0xE7,0xE7,0x7E,0x3C,0x00,0x00,0xFF,0xFF,0xFF,0xFF,0x7E,0x3C,0x00,0x00,0x07,
    0x0F,0x0F,0x0F,0x0A,0x0A,0x00,0x19,0x00,0x00,0x27,0x2F,0x3D,0x3F,0x1F,0x07,0x7C,
    0xDF,0x8D,0xDD,0xDD,0xFD,0x02,0x0E,0x7F,0xFE,0xFF,0xFE,0xFF,0xFE,0x7E,0x0E,0x07,
    0x0F,0x0F,0x0F,0x0A,0x0A,0x00,0x09,0x00,0x00,0x27,0x2F,0x3D,0x3F,0x1F,0x07,0x3E,
    0x6F,0x46,0x6E,0x6E,0x7E,0x00,0x00,0x3F,0x7F,0x7F,0x7F,0x7F,0x7F,0x3E,0x00,0x00,
    0x04,0x29,0x2B,0x0F,0x2D,0x7B,0x7A,0x00,0x10,0x00,0x00,0x00,0x42,0x04,0x05,0x72,
    0xA0,0xE9,0xE5,0x73,0x73,0x3C,0x07,0x0D,0x1F,0x17,0x1F,0x0F,0x0F,0x03,0x00,0x44,
    0x84,0xA0,0xE0,0xE8,0xDA,0xDE,0xFD,0x00,0x00,0x00,0x04,0x00,0x00,0x20,0x00,0xBD,
    0x5F,0x0F,0x46,0xE6,0xCC,0x1C,0xF0,0x40,0xA0,0xF0,0xF8,0xF8,0xF0,0xE0,0x00,0x07,
    0x0F,0x0F,0x0F,0x0A,0x0A,0xFF,0xE7,0x00,0x00,0x27,0x2F,0x3D,0x3F,0xFF,0xFF,0xE7,
    0x81,0x81,0xE7,0xE7,0xE7,0x7E,0x3C,0xFF,0xFF,0xFF,0xFF,0xFF,0xFF,0x7E,0x3C,0x00,
    0x00,0x00,0x10,0x01,0x04,0x01,0x0A,0x00,0x00,0x00,0x10,0x01,0x05,0x01,0x0F,0x0A,
    0x01,0x04,0x01,0x10,0x00,0x00,0x00,0x0F,0x01,0x05,0x01,0x10,0x00,0x00,0x00,0x01,
    0x40,0x01,0x11,0x08,0x05,0x00,0xB5,0x01,0x40,0x21,0x11,0x09,0x05,0x03,0xBF,0xB5,
    0x00,0x05,0x08,0x11,0x01,0x40,0x01,0xBF,0x03,0x05,0x09,0x11,0x21,0x40,0x01,0x07,
    0x07,0x01,0x07,0x0E,0x1F,0x1F,0x3F,0x00,0x00,0x01,0x00,0x03,0x07,0x0F,0x0B,0x3F,
    0x2F,0x3F,0x3F,0x1F,0x1F,0x0E,0x07,0x1D,0x1E,0x1F,0x0F,0x0F,0x07,0x03,0x00,0x00,
    0x00,0x08,0x3E,0x3E,0x7F,0x3F,0x7F,0x00,0x00,0x1C,0x22,0x41,0x40,0x40,0x40,0x1F,
    0x3F,0x0F,0x0F,0x03,0x03,0x00,0x00,0x20,0x20,0x10,0x08,0x04,0x02,0x01,0x00,0x00,
    0x00,0x07,0x09,0x13,0x27,0x27,0x23,0x00,0x00,0x07,0x0E,0x1C,0x38,0x3F,0x3B,0x31,
    0x38,0x3F,0x1F,0x1F,0x07,0x00,0x00,0x1D,0x0E,0x07,0x00,0x00,0x00,0x00,0x00,0x31,
    0x7B,0x7B,0x7B,0x7F,0x7B,0x7B,0x7F,0x31,0x7B,0x7B,0x7B,0x40,0x3B,0x7B,0x7B,0x7B,
    0x7B,0x7F,0x7B,0x7B,0x4E,0x00,0x00,0x7B,0x7B,0x40,0x3B,0x7B,0x7B,0x7B,0x31,0x00,
    0x00,0x00,0x00,0x00,0x00,0x00,0x00,0x00,0x00,0x00,0x00,0x00,0x00,0x01,0x01,0x00,
    0x00,0x00,0x00,0x00,0x00,0x00,0x00,0x03,0x03,0x07,0x07,0x0F,0x0F,0x1F,0x1F,0x38,
    0x4C,0xC6,0xC6,0xC6,0x64,0x38,0x00,0x00,0x00,0x00,0x00,0x00,0x00,0x00,0x00,0x18,
    0x38,0x18,0x18,0x18,0x18,0x7E,0x00,0x00,0x00,0x00,0x00,0x00,0x00,0x00,0x00,0x7C,
    0xC6,0x0E,0x3C,0x78,0xE0,0xFE,0x00,0x00,0x00,0x00,0x00,0x00,0x00,0x00,0x00,0x7E,
    0x0C,0x18,0x3C,0x06,0xC6,0x7C,0x00,0x00,0x00,0x00,0x00,0x00,0x00,0x00,0x00,0x1C,
    0x3C,0x6C,0xCC,0xFE,0x0C,0x0C,0x00,0x00,0x00,0x00,0x00,0x00,0x00,0x00,0x00,0xFC,
    0xC0,0xFC,0x06,0x06,0xC6,0x7C,0x00,0x00,0x00,0x00,0x00,0x00,0x00,0x00,0x00,0x3C,
    0x60,0xC0,0xFC,0xC6,0xC6,0x7C,0x00,0x00,0x00,0x00,0x00,0x00,0x00,0x00,0x00,0xFE,
    0xC6,0x0C,0x18,0x30,0x30,0x30,0x00,0x00,0x00,0x00,0x00,0x00,0x00,0x00,0x00,0x78,
    0xC4,0xE4,0x78,0x86,0x86,0x7C,0x00,0x00,0x00,0x00,0x00,0x00,0x00,0x00,0x00,0x7C,
    0xC6,0xC6,0x7E,0x06,0x0C,0x78,0x00,0x00,0x00,0x00,0x00,0x00,0x00,0x00,0x00,0x38,
    0x6C,0xC6,0xC6,0xFE,0xC6,0xC6,0x00,0x00,0x00,0x00,0x00,0x00,0x00,0x00,0x00,0xFC,
    0xC6,0xC6,0xFC,0xC6,0xC6,0xFC,0x00,0x00,0x00,0x00,0x00,0x00,0x00,0x00,0x00,0x3C,
    0x66,0xC0,0xC0,0xC0,0x66,0x3C,0x00,0x00,0x00,0x00,0x00,0x00,0x00,0x00,0x00,0xF8,
    0xCC,0xC6,0xC6,0xC6,0xCC,0xF8,0x00,0x00,0x00,0x00,0x00,0x00,0x00,0x00,0x00,0xFE,
    0xC0,0xC0,0xFC,0xC0,0xC0,0xFE,0x00,0x00,0x00,0x00,0x00,0x00,0x00,0x00,0x00,0xFE,
    0xC0,0xC0,0xFC,0xC0,0xC0,0xC0,0x00,0x00,0x00,0x00,0x00,0x00,0x00,0x00,0x00,0x3E,
    0x60,0xC0,0xCE,0xC6,0x66,0x3E,0x00,0x00,0x00,0x00,0x00,0x00,0x00,0x00,0x00,0xC6,
    0xC6,0xC6,0xFE,0xC6,0xC6,0xC6,0x00,0x00,0x00,0x00,0x00,0x00,0x00,0x00,0x00,0x3C,
    0x18,0x18,0x18,0x18,0x18,0x3C,0x00,0x00,0x00,0x00,0x00,0x00,0x00,0x00,0x00,0x1E,
    0x06,0x06,0x06,0xC6,0xC6,0x7C,0x00,0x00,0x00,0x00,0x00,0x00,0x00,0x00,0x00,0xC6,
    0xCC,0xD8,0xF0,0xD8,0xCC,0xC6,0x00,0x00,0x00,0x00,0x00,0x00,0x00,0x00,0x00,0x60,
    0x60,0x60,0x60,0x60,0x60,0x7E,0x00,0x00,0x00,0x00,0x00,0x00,0x00,0x00,0x00,0xC6,
    0xEE,0xFE,0xFE,0xD6,0xC6,0xC6,0x00,0x00,0x00,0x00,0x00,0x00,0x00,0x00,0x00,0xC6,
    0xE6,0xF6,0xFE,0xDE,0xCE,0xC6,0x00,0x00,0x00,0x00,0x00,0x00,0x00,0x00,0x00,0x7C,
    0xC6,0xC6,0xC6,0xC6,0xC6,0x7C,0x00,0x00,0x00,0x00,0x00,0x00,0x00,0x00,0x00,0xFC,
    0xC6,0xC6,0xFC,0xC0,0xC0,0xC0,0x00,0x00,0x00,0x00,0x00,0x00,0x00,0x00,0x00,0x7C,
    0xC6,0xC6,0xC6,0xDE,0xCC,0x7A,0x00,0x00,0x00,0x00,0x00,0x00,0x00,0x00,0x00,0xFC,
    0xC6,0xC6,0xFC,0xD8,0xCC,0xC6,0x00,0x00,0x00,0x00,0x00,0x00,0x00,0x00,0x00,0x78,
    0xCC,0xC0,0x7C,0x06,0xC6,0x7C,0x00,0x00,0x00,0x00,0x00,0x00,0x00,0x00,0x00,0x7E,
    0x18,0x18,0x18,0x18,0x18,0x18,0x00,0x00,0x00,0x00,0x00,0x00,0x00,0x00,0x00,0xC6,
    0xC6,0xC6,0xC6,0xC6,0xC6,0x7C,0x00,0x00,0x00,0x00,0x00,0x00,0x00,0x00,0x00,0xC6,
    0xC6,0xC6,0xEE,0x7C,0x38,0x10,0x00,0x00,0x00,0x00,0x00,0x00,0x00,0x00,0x00,0xC6,
    0xC6,0xD6,0xFE,0xFE,0xEE,0xC6,0x00,0x00,0x00,0x00,0x00,0x00,0x00,0x00,0x00,0xC6,
    0xEE,0x7C,0x38,0x7C,0xEE,0xC6,0x00,0x00,0x00,0x00,0x00,0x00,0x00,0x00,0x00,0x66,
    0x66,0x66,0x3C,0x18,0x18,0x18,0x00,0x00,0x00,0x00,0x00,0x00,0x00,0x00,0x00,0xFE,
    0x0E,0x1C,0x38,0x70,0xE0,0xFE,0x00,0x00,0x00,0x00,0x00,0x00,0x00,0x00,0x00,0x00,
    0x00,0x00,0x00,0x00,0x00,0x00,0x00,0x00,0x00,0x00,0x00,0x00,0x00,0x00,0x00,0xFF,
    0xFF,0xFF,0xFF,0xFF,0xFF,0xFF,0xFF,0x00,0x00,0x00,0x00,0x00,0x00,0x00,0x00,0x00,
    0x00,0x00,0x00,0x00,0x00,0x00,0x00,0xFF,0xFF,0xFF,0xFF,0xFF,0xFF,0xFF,0xFF,0xFF,
    0xFF,0xFF,0xFF,0xFF,0xFF,0xFF,0xFF,0xFF,0xFF,0xFF,0xFF,0xFF,0xFF,0xFF,0xFF,0x00,
    0x00,0x00,0x00,0x30,0x10,0x20,0x00,0x00,0x00,0x00,0x00,0x00,0x00,0x00,0x00,0x18,
    0x18,0x18,0x18,0x18,0x00,0x18,0x00,0x00,0x00,0x00,0x00,0x00,0x00,0x00,0x00,0x30,
    0x10,0x20,0x00,0x00,0x00,0x00,0x00,0x00,0x00,0x00,0x00,0x00,0x00,0x00,0x00,0x70,
    0x88,0x50,0x20,0x54,0x88,0x76,0x00,0x00,0x00,0x00,0x00,0x00,0x00,0x00,0x00,0x00,
    0x00,0x00,0x00,0x00,0x30,0x30,0x00,0x00,0x00,0x00,0x00,0x00,0x00,0x00,0x00,0x24,
    0x24,0x24,0x00,0x00,0x00,0x00,0x00,0x00,0x00,0x00,0x00,0x00,0x00,0x00,0x00,0x38,
    0x44,0x04,0x08,0x10,0x00,0x10,0x00,0x00,0x00,0x00,0x00,0x00,0x00,0x00,0x00,0x00,
    0x00,0x00,0xFC,0x00,0x00,0x00,0x00,0x00,0x00,0x00,0x00,0x00,0x00,0x00,0x00,0xFB,
    0x5F,0x55,0x55,0x55,0x00,0x00,0x00,0xFB,0x5F,0x55,0x55,0x55,0x00,0x00,0x00,0x00,
    0x00,0x00,0x00,0x00,0x00,0x00,0x00,0x00,0x00,0x00,0x00,0x00,0x00,0x00,0x00,0x00,
    0x00,0x00,0x00,0x00,0x00,0x00,0x00,0x00,0x00,0x00,0x00,0x00,0x00,0x00,0x00,0x00,
    0x00,0x00,0x00,0x00,0x00,0x00,0x00,0x00,0x00,0x00,0x00,0x00,0x00,0x00,0x00,0x00,
    0x00,0x00,0x00,0x00,0x00,0x00,0x00,0x00,0x00,0x00,0x00,0x00,0x00,0x00,0x00,0x00,
    0x00,0x00,0x00,0x00,0x00,0x00,0x00,0x00,0x00,0x00,0x00,0x00,0x00,0x00,0x00,0x00,
    0x00,0x00,0x00,0x00,0x00,0x00,0x00,0x00,0x00,0x00,0x00,0x00,0x00,0x00,0x00,0x00,
    0x00,0x00,0x00,0x00,0x00,0x00,0x00,0x00,0x00,0x00,0x00,0x00,0x00,0x00,0x00,0x00,
    0x00,0x00,0x00,0x00,0x00,0x00,0x00,0x00,0x00,0x00,0x00,0x00,0x00,0x00,0x00,0x00,
    0x00,0x00,0x00,0x00,0x00,0x00,0x00,0x00,0x00,0x00,0x00,0x00,0x00,0x00,0x00,0x00,
    0x00,0x00,0x00,0x00,0x00,0x00,0x00,0x00,0x00,0x00,0x00,0x00,0x00,0x00,0x00,0x00,
    0x00,0x00,0x00,0x00,0x00,0x00,0x00,0x00,0x00,0x00,0x00,0x00,0x00,0x00,0x00,0x00,
    0x00,0x00,0x00,0x00,0x00,0x00,0x00,0x00,0x00,0x00,0x00,0x00,0x00,0x00,0x00,0x00,
    0x00,0x00,0x00,0x00,0x00,0x00,0x00,0x00,0x00,0x00,0x00,0x00,0x00,0x00,0x00,0x00,
    0x00,0x00,0x00,0x00,0x00,0x00,0x00,0x00,0x00,0x00,0x00,0x00,0x00,0x00,0x00,0x00,
    0x00,0x00,0x00,0x00,0x00,0x00,0x00,0x00,0x00,0x00,0x00,0x00,0x00,0x00,0x00,0x00,
    0x00,0x00,0x00,0x00,0x00,0x00,0x00,0x00,0x00,0x00,0x00,0x00,0x00,0x00,0x00,0x00,
    0x00,0x00,0x00,0x00,0x00,0x00,0x00,0x00,0x00,0x00,0x00,0x00,0x00,0x00,0x00,0x00,
    0x00,0x00,0x00,0x00,0x00,0x00,0x00,0x00,0x00,0x00,0x00,0x00,0x00,0x00,0x00,0x00,
    0x00,0x00,0x00,0x00,0x00,0x00,0x00,0x00,0x00,0x00,0x00,0x00,0x00,0x00,0x00,0x00,
    0x00,0x00,0x00,0x00,0x00,0x00,0x00,0x00,0x00,0x00,0x00,0x00,0x00,0x00,0x00,0x00,
    0x00,0x00,0x00,0x00,0x00,0x00,0x00,0x00,0x00,0x00,0x00,0x00,0x00,0x00,0x00,0x00,
    0x00,0x00,0x00,0x00,0x00,0x00,0x00,0x00,0x00,0x00,0x00,0x00,0x00,0x00,0x00,0x00,
    0x00,0x00,0x00,0x00,0x00,0x00,0x00,0x00,0x00,0x00,0x00,0x00,0x00,0x00,0x00,0x00,
    0x00,0x00,0x00,0x00,0x00,0x00,0x00,0x00,0x00,0x00,0x00,0x00,0x00,0x00,0x00,0x00,
    0x00,0x00,0x00,0x00,0x00,0x00,0x00,0x00,0x00,0x00,0x00,0x00,0x00,0x00,0x00,0x00,
    0x00,0x00,0x00,0x00,0x00,0x00,0x00,0x00,0x00,0x00,0x00,0x00,0x00,0x00,0x00,0x00,
    0x00,0x00,0x00,0x00,0x00,0x00,0x00,0x00,0x00,0x00,0x00,0x00,0x00,0x00,0x00,0x00,
    0x00,0x00,0x00,0x00,0x00,0x00,0x00,0x00,0x00,0x00,0x00,0x00,0x00,0x00,0x00,0x00,
    0x00,0x00,0x00,0x00,0x00,0x00,0x00,0x00,0x00,0x00,0x00,0x00,0x00,0x00,0x00,0x00,
    0x00,0x00,0x00,0x00,0x00,0x00,0x00,0x00,0x00,0x00,0x00,0x00,0x00,0x00,0x00,0x00,
    0x00,0x00,0x00,0x00,0x00,0x00,0x00,0x00,0x00,0x00,0x00,0x00,0x00,0x00,0x00,0x00,
    0x00,0x00,0x00,0x00,0x00,0x00,0x00,0x00,0x00,0x00,0x00,0x00,0x00,0x00,0x00,0x00,
    0x00,0x00,0x00,0x00,0x00,0x00,0x00,0x00,0x00,0x00,0x00,0x00,0x00,0x00,0x00,0x00,
    0x00,0x00,0x00,0x00,0x00,0x00,0x00,0x00,0x00,0x00,0x00,0x00,0x00,0x00,0x00,0x00,
    0x00,0x00,0x00,0x00,0x00,0x00,0x00,0x00,0x00,0x00,0x00,0x00,0x00,0x00,0x00,0x00,
    0x00,0x00,0x00,0x00,0x00,0x00,0x00,0x00,0x00,0x00,0x00,0x00,0x00,0x00,0x00,0x00,
    0x00,0x00,0x00,0x00,0x00,0x00,0x00,0x00,0x00,0x00,0x00,0x00,0x00,0x00,0x00,0x00,
    0x00,0x00,0x00,0x00,0x00,0x00,0x00,0x00,0x00,0x00,0x00,0x00,0x00,0x00,0x00,0x00,
    0x00,0x00,0x00,0x00,0x00,0x00,0x00,0x00,0x00,0x00,0x00,0x00,0x00,0x00,0x00,0x00,
    0x00,0x00,0x00,0x00,0x00,0x00,0x00,0x00,0x00,0x00,0x00,0x00,0x00,0x00,0x00,0x00,
    0x00,0x00,0x00,0x00,0x00,0x00,0x00,0x00,0x00,0x00,0x00,0x00,0x00,0x00,0x00,0x00,
    0x00,0x00,0x00,0x00,0x00,0x00,0x00,0x00,0x00,0x00,0x00,0x00,0x00,0x00,0x00,0x00,
    0x00,0x00,0x00,0x00,0x00,0x00,0x00,0x00,0x00,0x00,0x00,0x00,0x00,0x00,0x00,0x00,
    0x00,0x00,0x00,0x00,0x00,0x00,0x00,0x00,0x00,0x00,0x00,0x00,0x00,0x00,0x00,0x00,
    0x00,0x00,0x00,0x00,0x00,0x00,0x00,0x00,0x00,0x00,0x00,0x00,0x00,0x00,0x00,0x00,
    0x00,0x00,0x00,0x00,0x00,0x00,0x00,0x00,0x00,0x00,0x00,0x00,0x00,0x00,0x00,0x00,
    0x00,0x00,0x00,0x00,0x00,0x00,0x00,0x00,0x00,0x00,0x00,0x00,0x00,0x00,0x00,0x00,
    0x00,0x00,0x00,0x00,0x00,0x00,0x00,0x00,0x00,0x00,0x00,0x00,0x00,0x00,0x00,0x01,
    0x1D,0x2E,0x5F,0x5F,0xBF,0x7E,0x3C,0x00,0x3C,0x5E,0xBF,0xBF,0xFF,0x7E,0x3C,0x00,
    0x00,0x00,0xFC,0x00,0x00,0x00,0x00,0x00,0x00,0x00,0x00,0x00,0x00,0x00,0x00,0x00,
    0x00,0x00,0x00,0x00,0x30,0x30,0x00,0x00,0x00,0x00,0x00,0x00,0x00,0x00,0x00,0x10,
    0x10,0x10,0xFE,0x10,0x10,0x10,0x00,0x00,0x00,0x00,0x00,0x00,0x00,0x00,0x00,0x6C,
    0xFE,0xFE,0xFE,0xFE,0x7C,0x38,0x10,0x0C,0x0E,0x1E,0x0E,0x1E,0x0C,0x18,0x00,0x6C,
    0xFE,0xFE,0xFE,0xFE,0x7C,0x38,0x10,0x6C,0xFE,0xFE,0xFE,0xFE,0x7C,0x38,0x10,0xFE,
    0xFE,0xFE,0x00,0x00,0x00,0x00,0x00,0xFE,0xFE,0xFE,0x00,0x00,0x00,0x00,0x00,0x01,
    0x90,0x00,0x42,0x08,0x02,0x20,0x04,0xFE,0xEF,0xFF,0xBF,0xF7,0xFD,0xDF,0xFF,0x00,
    0x00,0x00,0x0F,0x1F,0x18,0x18,0x18,0x00,0x00,0x00,0x0F,0x1F,0x18,0x18,0x18,0x00,
    0x00,0x00,0xFF,0xFF,0x00,0x00,0x00,0x00,0x00,0x00,0xFF,0xFF,0x00,0x00,0x00,0x00,
    0x00,0x00,0xF0,0xF8,0x18,0x18,0x18,0x00,0x00,0x00,0xF0,0xF8,0x18,0x18,0x18,0x18,
    0x18,0x18,0x18,0x18,0x18,0x18,0x18,0x18,0x18,0x18,0x18,0x18,0x18,0x18,0x18,0x18,
    0x18,0x18,0xF8,0xF0,0x00,0x00,0x00,0x18,0x18,0x18,0xF8,0xF0,0x00,0x00,0x00,0x18,
    0x18,0x18,0x1F,0x0F,0x00,0x00,0x00,0x18,0x18,0x18,0x1F,0x0F,0x00,0x00,0x00,0xFF,
    0xFF,0x00,0xFF,0xFF,0xFF,0x00,0xFF,0x00,0x00,0xFF,0xFF,0x00,0x00,0xFF,0xFF,0x6C,
    0xFE,0xFE,0xFE,0xFE,0x7C,0x38,0x10,0x00,0x00,0x00,0x00,0x00,0x00,0x00,0x00,0x00,
    0x00,0x00,0x00,0x00,0x00,0x00,0x00,0x00,0x00,0x00,0x00,0x00,0x00,0x00,0x00,0xFF,
    0xFF,0xFF,0xFF,0xFF,0xFF,0xFF,0xFF,0x00,0x00,0x00,0x00,0x00,0x00,0x00,0x00,0x00,
    0x00,0x00,0x00,0x00,0x00,0x00,0x00,0xFF,0xFF,0xFF,0xFF,0xFF,0xFF,0xFF,0xFF,0x60,
    0x40,0x40,0xFF,0x06,0x04,0x04,0xFF,0xBF,0xBF,0xBF,0x00,0xFB,0xFB,0xFB,0x00,0x0E,
    0x20,0x40,0x00,0x80,0x80,0x80,0x00,0x1F,0x3D,0x7D,0xFD,0xF8,0xF6,0x8C,0xE8,0x00,
    0x00,0x00,0x00,0x00,0x00,0x05,0x00,0x00,0x00,0x00,0x00,0x00,0x00,0x00,0x00,0x00,
    0x00,0x00,0x00,0x00,0x00,0x00,0x00,0x0E,0x13,0x11,0x09,0x16,0x20,0x50,0xA0,0xFD,
    0x01,0x01,0x00,0xDF,0x10,0x10,0x00,0x00,0xFC,0xFC,0x00,0x00,0xCF,0xCF,0x00,0x00,
    0x00,0x00,0x00,0xFE,0xFE,0xFE,0x00,0x00,0x00,0x00,0x00,0xFE,0xFE,0xFE,0x00,0x3C,
    0x42,0x99,0xA1,0xA1,0x99,0x42,0x3C,0x00,0x00,0x00,0x00,0x00,0x00,0x00,0x00,0x00,
    0x00,0x00,0x00,0x00,0x00,0x00,0x00,0x04,0x16,0x9E,0x9F,0xBF,0xBF,0xFF,0xFF,0x00,
    0x00,0x00,0x00,0x00,0x00,0x00,0x00,0xFF,0xFF,0xBF,0xBF,0xBF,0x9D,0x19,0x08,0xFE,
    0xFE,0xFE,0x00,0xFE,0xFE,0xFE,0x00,0xFE,0xFE,0xFE,0x00,0xFE,0xFE,0xFE,0x00,0xFF,
    0xFF,0xFF,0xFF,0xFF,0xFF,0xFF,0xFF,0xFF,0xFF,0xFF,0xFF,0xFF,0xFF,0xFF,0xFF,0xFF,
    0xFF,0xFF,0xFF,0xFF,0xFF,0xFF,0xFF,0xFF,0xFF,0xFF,0xFF,0xFF,0xFF,0xFF,0xFF,0xFF,
    0xFF,0xFF,0xFF,0xFF,0xFF,0xFF,0xFF,0xFF,0xFF,0xFF,0xFF,0xFF,0xFF,0xFF,0xFF,0xFF,
    0xFF,0xFF,0xFF,0xFF,0xFF,0xFF,0xFF,0xFF,0xFF,0xFF,0xFF,0xFF,0xFF,0xFF,0xFF,0xFF,
    0xFF,0xFF,0xFF,0xFF,0xFF,0xFF,0xFF,0xFF,0xFF,0xFF,0xFF,0xFF,0xFF,0xFF,0xFF,0xFF,
    0xFF,0xFF,0xFF,0xFF,0xFF,0xFF,0xFF,0xFF,0xFF,0xFF,0xFF,0xFF,0xFF,0xFF,0xFF,0xFF,
    0xFF,0xFF,0xFF,0xFF,0xFF,0xFF,0xFF,0xFF,0xFF,0xFF,0xFF,0xFF,0xFF,0xFF,0xFF,0xFF,
    0xFF,0xFF,0xFF,0xFF,0xFF,0xFF,0xFF,0xFF,0xFF,0xFF,0xFF,0xFF,0xFF,0xFF,0xFF,0xFF,
    0xFF,0xFF,0xFF,0xFF,0xFF,0xFF,0xFF,0xFF,0xFF,0xFF,0xFF,0xFF,0xFF,0xFF,0xFF,0xFF,
    0xFF,0xFF,0xFF,0xFF,0xFF,0xFF,0xFF,0xFF,0xFF,0xFF,0xFF,0xFF,0xFF,0xFF,0xFF,0xFF,
    0x20,0x25,0xE6,0xAD,0x2C,0x04,0xD0,0x0C,0xAD,0x2D,0x04,0x20,0xE2,0xE5,0xE7,0x94,
    0x12,0x95,0x45,0x95,0xAD,0x2D,0x04,0x20,0xE2,0xE5,0xE7,0x94,0x73,0x95,0x9A,0x95,
    0xA5,0x13,0xD0,0x0C,0xAD,0x28,0x05,0xD0,0x07,0x20,0xCF,0x90,0xA5,0x11,0xF0,0x2C,
    0xA5,0x13,0x20,0xE2,0xE5,0x3B,0x90,0xA0,0xA2,0x5D,0x90,0xA5,0xF8,0x29,0x10,0xF0,
    0x1B,0x85,0xF6,0xA9,0x00,0x8D,0x00,0x06,0x20,0xE9,0x6E,0xA9,0x5A,0x8D,0x28,0x05,
    0xE6,0x13,0x20,0x25,0xE6,0x20,0xF7,0xE5,0xA9,0x12,0x85,0x14,0x60,0x20,0x25,0xE6,
    0xA9,0x00,0x85,0x16,0x20,0xF1,0x6D,0xA0,0x02,0xB1,0x06,0x99,0x33,0x06,0xD0,0x13,
    0x98,0x48,0x84,0x16,0x20,0xF1,0x6D,0x20,0x5D,0xA3,0xA9,0x00,0x85,0x16,0x20,0xF1,
    0x6D,0x68,0xA8,0xB1,0x0A,0x99,0x30,0x06,0xB1,0x0C,0x99,0x2D,0x06,0x88,0x10,0xD9,
    0xA0,0x18,0xA2,0x00,0xB1,0x00,0x48,0x8A,0x4A,0xB0,0x0C,0x68,0x29,0xF0,0x85,0x0C,
    0x4A,0x4A,0x4A,0x4A,0x05,0x0C,0x48,0x68,0x9D,0x50,0x06,0xC8,0xE8,0xE0,0x06,0xF0,
    0x0B,0x8A,0x4A,0xB0,0xDF,0x98,0x69,0x26,0xA8,0x4C,0x94,0x90,0xA0,0x17,0xB1,0x04,
    0x99,0x38,0x06,0x88,0x10,0xF8,0xE6,0x12,0xA9,0x00,0x85,0x11,0x85,0x13,0x60,0xAD,
    0x2C,0x04,0xD0,0x0A,0xAD,0x2D,0x04,0x20,0xE2,0xE5,0xAC,0x95,0x79,0x9B,0xAD,0x2D,
    0x04,0x20,0xE2,0xE5,0xC1,0x95,0xEC,0x95,0x0C,0x96,0x30,0x98,0x3C,0x98,0x77,0xCA,
    0xC2,0xD0,0x77,0xCC,0xC2,0xC8,0x77,0xCA,0x82,0x28,0x77,0xCC,0x82,0x30,0x27,0xCA,
    0x42,0xD0,0x27,0xCC,0x42,0xC8,0x27,0xCA,0x02,0x28,0x27,0xCC,0x02,0x30,0x57,0xCE,
    0x02,0x74,0x57,0xD0,0x02,0x7C,0x31,0xD2,0x02,0x57,0x4F,0xD2,0x02,0xCC,0x67,0xD2,
    0x02,0x7B,0x83,0xD2,0x02,0x50,0x31,0xD4,0x02,0x5F,0x3F,0xD4,0x02,0x24,0x41,0xD4,
    0x02,0x64,0x7B,0xD4,0x02,0x90,0x27,0xD6,0x02,0x50,0x2B,0xD6,0x02,0xA0,0x4F,0xD6,
    0x02,0x2C,0x7B,0xD6,0x02,0xBC,0x67,0xA0,0x03,0x60,0x67,0xA0,0x03,0x68,0x67,0xA0,
    0x03,0x70,0x67,0xA0,0x03,0x78,0x67,0xA0,0x03,0x80,0x67,0xA0,0x03,0x88,0x80,0x00,
    0x00,0x00,0x00,0x00,0x00,0x00,0x40,0x80,0x80,0x00,0x60,0x00,0x00,0x00,0x40,0x80,
    0x00,0x00,0x60,0x00,0x00,0x00,0x00,0xC0,0x00,0x00,0x60,0x00,0x40,0x00,0x00,0xC0,
    0x00,0x00,0x20,0x00,0x40,0x00,0x00,0xC0,0x00,0x00,0x20,0x00,0x40,0x00,0x40,0x80,
    0x80,0x00,0x20,0x00,0x40,0x00,0x40,0x80,0x80,0x00,0x60,0x00,0x00,0x00,0x40,0x80,
    0x80,0x00,0x60,0x00,0x00,0x00,0x40,0x80,0x00,0x00,0x60,0x00,0x00,0x00,0x40,0x80,
    0x80,0x00,0x60,0x00,0x00,0x00,0x40,0xC0,0x80,0x00,0x20,0x00,0x40,0x00,0x40,0x80,
    0x80,0x00,0x20,0x00,0x40,0x00,0x40,0x80,0x80,0x00,0x20,0x00,0x40,0x00,0x40,0x80,
    0x00,0x00,0x20,0x00,0x40,0x00,0x40,0x80,0x80,0x00,0x60,0x00,0x00,0x00,0x40,0x80,
    0x80,0x00,0x60,0x00,0x00,0x00,0x00,0xC0,0x00,0x00,0x60,0x00,0x00,0x00,0x40,0x00,
    0xC0,0x00,0x00,0x20,0x40,0x00,0x00,0x00,0x40,0x00,0x00,0x00,0x00,0x20,0x00,0x20,
    0x00,0x20,0x00,0x20,0x00,0x00,0x00,0x00,0x00,0x00,0x00,0x00,0x00,0x00,0x00,0x00,
    0x00,0x00,0x00,0x00,0x00,0x00,0x00,0x00,0x00,0x00,0x00,0x00,0x00,0x00,0x00,0x00,
    0x00,0x00,0x00,0x00,0x00,0x00,0x00,0x00,0x00,0x00,0x00,0x00,0x00,0x00,0x00,0x00,
    0x00,0x00,0x00,0x00,0x00,0x00,0x00,0x00,0x00,0x00,0x00,0x00,0x00,0x00,0x00,0x00,
    0x22,0x23,0x18,0x1F,0x15,0x01,0x03,0x1D,0x00,0x08,0x06,0x12,0x14,0x0C,0x10,0x19,
    0x17,0x1B,0x30,0x31,0x32,0x33,0x1A,0x21,0x0F,0x20,0x04,0x02,0x1C,0x1E,0x0A,0x09,
    0x07,0x13,0x05,0x0D,0x11,0x0B,0x16,0x1B,0x44,0xAC,0xE0,0xE2,0xEC,0xEE,0xF8,0xFA,
    0xE4,0xE6,0xF0,0xF2,0xFC,0xFE,0xE8,0xEA,0xF4,0xF6,0xDC,0xDE,0x00,0x00,0x78,0x78,
    0x00,0x00,0x00,0x00,0x00,0x00,0x00,0x00,0x00,0x00,0x00,0x00,0x00,0x00,0x00,0x00,
    0x00,0x00,0x00,0x00,0x00,0x00,0x00,0x40,0x00,0x00,0x00,0xE4,0xE5,0xE4,0xE5,0xE4,
    0xE5,0xE6,0x24,0x0A,0x15,0x15,0x24,0x18,0x0F,0x24,0x1D,0x1B,0x0E,0x0A,0x1C,0x1E,
    0x1B,0x0E,0x1C,0x24,0xE6,0xE4,0xE5,0xE4,0xE5,0xE4,0xE5,0xFF,0x07,0x11,0x0E,0x0A,
    0x1B,0x1D,0x24,0x24,0x24,0x24,0x24,0x0C,0x18,0x17,0x1D,0x0A,0x12,0x17,0x0E,0x1B,
    0xFF,0x14,0x11,0x0E,0x0A,0x1B,0x1D,0xFF,0x07,0x0F,0x0A,0x12,0x1B,0x22,0x24,0x24,
    0x24,0x24,0x24,0x24,0x24,0x24,0x0C,0x15,0x18,0x0C,0x14,0xFF,0x07,0x1B,0x1E,0x19,
    0x22,0x24,0x24,0x24,0x24,0x24,0x24,0x24,0x05,0x24,0x1B,0x1E,0x19,0x12,0x0E,0x1C,
    0xFF,0x07,0x1C,0x20,0x18,0x1B,0x0D,0x24,0x24,0x24,0x24,0x24,0x24,0x24,0x24,0x20,
    0x11,0x12,0x1D,0x0E,0xFF,0x14,0x1C,0x20,0x18,0x1B,0x0D,0xFF,0x06,0x16,0x0A,0x10,
    0x12,0x0C,0x0A,0x15,0x24,0x24,0x24,0x24,0x24,0x24,0x16,0x0A,0x10,0x12,0x0C,0x0A,
    0x15,0xFF,0x07,0x1C,0x20,0x18,0x1B,0x0D,0x24,0x24,0x24,0x24,0x24,0x24,0x24,0x24,
    0x1C,0x11,0x12,0x0E,0x15,0x0D,0xFF,0x05,0x0B,0x18,0x18,0x16,0x0E,0x1B,0x0A,0x17,
    0x10,0x24,0x24,0x24,0x24,0x24,0x16,0x0A,0x10,0x12,0x0C,0x0A,0x15,0xFF,0x12,0x0B,
    0x18,0x18,0x16,0x0E,0x1B,0x0A,0x17,0x10,0xFF,0x07,0x0B,0x18,0x16,0x0B,0x24,0x24,
    0x24,0x24,0x24,0x24,0x24,0x24,0x24,0x24,0x0B,0x18,0x20,0xFF,0x07,0x0A,0x1B,0x1B,
    0x18,0x20,0x24,0x24,0x24,0x24,0x24,0x24,0x24,0x24,0x1C,0x12,0x15,0x1F,0x0E,0x1B,
    0xFF,0x14,0x0A,0x1B,0x1B,0x18,0x20,0xFF,0x07,0x0B,0x15,0x1E,0x0E,0x24,0x24,0x24,
    0x24,0x24,0x24,0x24,0x24,0x24,0x24,0x1B,0x0E,0x0D,0xFF,0x06,0x0C,0x0A,0x17,0x0D,
    0x15,0x0E,0x24,0x24,0x24,0x24,0x24,0x24,0x24,0x24,0x0C,0x0A,0x17,0x0D,0x15,0x0E,
    0xFF,0x07,0x0B,0x15,0x1E,0x0E,0x24,0x24,0x24,0x24,0x24,0x24,0x24,0x24,0x24,0x24,
    0x1B,0x0E,0x0D,0xFF,0x07,0x1B,0x12,0x17,0x10,0x24,0x24,0x24,0x24,0x24,0x24,0x24,
    0x24,0x24,0x24,0x1B,0x12,0x17,0x10,0xFF,0x07,0x19,0x18,0x20,0x0E,0x1B,0x24,0x24,
    0x24,0x24,0x24,0x24,0x24,0x1B,0x0E,0x0C,0x18,0x1B,0x0D,0x0E,0x1B,0xFF,0x05,0x0B,
    0x1B,0x0A,0x0C,0x0E,0x15,0x0E,0x1D,0xFF,0x07,0x1B,0x0A,0x0F,0x1D,0x24,0x24,0x24,
    0x24,0x24,0x24,0x24,0x1C,0x1D,0x0E,0x19,0x15,0x0A,0x0D,0x0D,0x0E,0x1B,0xFF,0x06,
    0x16,0x0A,0x10,0x12,0x0C,0x0A,0x15,0x24,0x24,0x24,0x24,0x24,0x24,0x0B,0x18,0x18,
    0x14,0x24,0x18,0x0F,0xFF,0x08,0x1B,0x18,0x0D,0x24,0x24,0x24,0x24,0x24,0x24,0x24,
    0x24,0x24,0x16,0x0A,0x10,0x12,0x0C,0xFF,0x08,0x14,0x0E,0x22,0x24,0x24,0x24,0x24,
    0x24,0x24,0x24,0x24,0x16,0x0A,0x10,0x12,0x0C,0x0A,0x15,0xFF,0x15,0x14,0x0E,0x22,
    0xFF,0x08,0x16,0x0A,0x19,0x24,0x24,0x24,0x24,0x24,0x24,0x24,0x24,0x0C,0x18,0x16,
    0x19,0x0A,0x1C,0x1C,0xFF,0x0C,0x1D,0x1B,0x12,0x0F,0x18,0x1B,0x0C,0x0E,0xFF,0x04,
    0x15,0x12,0x0F,0x0E,0x24,0x19,0x18,0x1D,0x12,0x18,0x17,0x24,0x24,0x24,0x02,0x17,
    0x0D,0x24,0x19,0x18,0x1D,0x12,0x18,0x17,0xFF,0x06,0x15,0x0E,0x1D,0x1D,0x0E,0x1B,
    0x24,0x24,0x24,0x24,0x24,0x24,0x24,0x24,0x0F,0x18,0x18,0x0D,0xFF,0x9A,0x92,0xBC,
    0x92,0xD1,0x92,0xD8,0x92,0xEC,0x92,0x7F,0x94,0x99,0x94,0x01,0x93,0x15,0x93,0x1C,
    0x93,0x32,0x93,0x47,0x93,0x5E,0x93,0x69,0x93,0x7C,0x93,0x91,0x93,0x98,0x93,0xAB,
    0x93,0xC1,0x93,0xD4,0x93,0xE8,0x93,0xFE,0x93,0x08,0x94,0x1F,0x94,0x35,0x94,0x48,
    0x94,0x5C,0x94,0x61,0x94,0x75,0x94,0x20,0x6D,0xE4,0xEE,0x2D,0x04,0x60,0x3F,0x00,
    0x20,0x36,0x0F,0x00,0x10,0x36,0x17,0x27,0x0F,0x36,0x08,0x1A,0x28,0x36,0x30,0x3B,
    0x22,0x36,0x30,0x3B,0x16,0x36,0x17,0x27,0x0F,0x36,0x08,0x1A,0x28,0x36,0x30,0x3B,
    0x22,0xFF,0xA2,0x23,0x8E,0x00,0x03,0x8E,0x01,0x03,0xBD,0xEE,0x94,0x9D,0x02,0x03,
    0xCA,0x10,0xF7,0xA2,0x0A,0xA9,0x00,0x8D,0x2E,0x04,0x8D,0x2F,0x04,0x9D,0x12,0x04,
    0x9D,0x1F,0x04,0x9D,0x37,0x04,0xCA,0x10,0xF4,0xA2,0x0A,0xA9,0xFF,0x95,0xAC,0xCA,
    0xD0,0xF9,0x4C,0xEA,0x94,0xA9,0x80,0x8D,0x00,0x06,0xA9,0x10,0x4C,0xA2,0x95,0x3F,
    0x00,0x20,0x0F,0x30,0x30,0x30,0x0F,0x21,0x30,0x30,0x0F,0x16,0x30,0x30,0x0F,0x29,
    0x1A,0x09,0x0F,0x29,0x37,0x17,0x0F,0x02,0x22,0x30,0x0F,0x16,0x27,0x30,0x0F,0x0B,
    0x1B,0x2B,0xFF,0xA2,0x23,0x8E,0x00,0x03,0x8E,0x01,0x03,0xBD,0x4F,0x95,0x9D,0x02,
    0x03,0xCA,0x10,0xF7,0xA2,0x0A,0xA9,0x00,0x9D,0x12,0x04,0x9D,0x1F,0x04,0x9D,0x37,
    0x04,0x9D,0x44,0x04,0xCA,0x10,0xF1,0x4C,0xEA,0x94,0xE6,0x5C,0xA9,0x10,0x85,0xFC,
    0xA9,0x02,0x85,0x14,0xA9,0x00,0x8D,0x2D,0x04,0xE6,0x11,0x60,0xA5,0x15,0x29,0x01,
    0xF0,0x0B,0xEE,0x1A,0x04,0xAD,0x1A,0x04,0xD0,0x03,0x4C,0xEA,0x94,0x20,0x6B,0x98,
    0x60,0xA5,0x15,0x29,0x01,0xF0,0x11,0xE6,0xFC,0xA5,0xFC,0xC9,0xF0,0xD0,0x09,0xEE,
    0x15,0x04,0xA9,0x00,0x85,0xFC,0xE6,0x5C,0xA5,0xFC,0xC9,0x08,0xD0,0x0D,0xAD,0x15,
    0x04,0xF0,0x08,0xA9,0x00,0x8D,0x15,0x04,0xEE,0x2D,0x04,0x60,0xEE,0x1A,0x04,0xAD,
    0x1A,0x04,0xD0,0x03,0xEE,0x2D,0x04,0xA9,0x29,0x8D,0x1D,0x04,0xA9,0x00,0x8D,0x1C,
    0x04,0xA9,0x2B,0x8D,0x18,0x04,0xA9,0xE0,0x8D,0x17,0x04,0x60,0x20,0xF7,0xE5,0x20,
    0x2A,0x97,0x20,0x9D,0x97,0xA5,0x15,0x29,0x01,0xF0,0x23,0xA2,0x0A,0xD6,0x84,0xCA,
    0xD0,0xFB,0xEE,0x1B,0x04,0xAD,0x1B,0x04,0xD0,0x03,0xEE,0x15,0x04,0xAD,0x15,0x04,
    0xC9,0x05,0xD0,0x0B,0xAD,0x1B,0x04,0xC9,0x80,0xD0,0x04,0xEE,0x2D,0x04,0x60,0xE6,
    0xFC,0xA5,0xFC,0xC9,0xF0,0xD0,0x06,0xE6,0x5C,0xA9,0x00,0x85,0xFC,0xAD,0x1B,0x04,
    0x29,0x07,0xD0,0xEA,0x20,0x3A,0x97,0xA2,0x20,0xA9,0xFF,0x9D,0x05,0x03,0xCA,0xA9,
    0x24,0x9D,0x05,0x03,0xCA,0x10,0xF8,0xA9,0x20,0x8D,0x04,0x03,0xAD,0x1D,0x04,0x8D,
    0x02,0x03,0xAD,0x1C,0x04,0x8D,0x03,0x03,0x18,0x69,0x20,0x8D,0x1C,0x04,0xD0,0x06,
    0xEE,0x1D,0x04,0x4C,0xA7,0x96,0xC9,0xC0,0xD0,0x1D,0xAD,0x1D,0x04,0xC9,0x2B,0xD0,
    0x08,0xA9,0x20,0x8D,0x1D,0x04,0x4C,0xA2,0x96,0xC9,0x23,0xD0,0x0A,0xA9,0x28,0x8D,
    0x1D,0x04,0xA9,0x00,0x8D,0x1C,0x04,0xAE,0x19,0x04,0xBD,0x5E,0x91,0x29,0x80,0xF0,
    0x25,0xAD,0x2E,0x04,0x0A,0xAA,0xA0,0x00,0xBD,0xAD,0x94,0x85,0x00,0xBD,0xAE,0x94,
    0x85,0x01,0xB1,0x00,0xAA,0xC8,0xB1,0x00,0xC9,0xFF,0xF0,0x07,0x9D,0x05,0x03,0xE8,
    0x4C,0xC5,0x96,0xEE,0x2E,0x04,0x20,0xDD,0x96,0xEE,0x19,0x04,0x60,0xAE,0x19,0x04,
    0xBD,0x5E,0x91,0x29,0x40,0xF0,0x42,0xAD,0x18,0x04,0x8D,0x25,0x03,0xAD,0x17,0x04,
    0x8D,0x26,0x03,0xA9,0x48,0x8D,0x27,0x03,0xA9,0x00,0x8D,0x28,0x03,0xA9,0xFF,0x8D,
    0x29,0x03,0xEE,0x16,0x04,0xAD,0x17,0x04,0x18,0x69,0x08,0x8D,0x17,0x04,0xD0,0x19,
    0xAD,0x18,0x04,0xC9,0x23,0xD0,0x08,0xA9,0x2B,0x8D,0x18,0x04,0x4C,0x24,0x97,0xA9,
    0x23,0x8D,0x18,0x04,0xA9,0xC0,0x8D,0x17,0x04,0x60,0xA2,0x0A,0xB5,0x84,0xC9,0xF0,
    0xD0,0x04,0xA9,0xFF,0x95,0xAC,0xCA,0xD0,0xF3,0x60,0xAC,0x19,0x04,0xB9,0x5E,0x91,
    0x29,0x20,0xD0,0x01,0x60,0xA2,0x0A,0xB5,0xAC,0xD0,0x04,0xCA,0x4C,0x47,0x97,0xAC,
    0x2F,0x04,0xB9,0x40,0x92,0x9D,0x44,0x04,0xA9,0xEF,0x95,0x84,0xAD,0x68,0x92,0x95,
    0x70,0xA9,0x00,0x95,0xAC,0xBD,0x44,0x04,0xC9,0x30,0xB0,0x2A,0xCA,0xB9,0x56,0x92,
    0x9D,0x44,0x04,0xA9,0xEF,0x95,0x84,0xAD,0x69,0x92,0x95,0x70,0xA9,0x00,0x95,0xAC,
    0xB9,0x40,0x92,0xC9,0x1B,0xD0,0x0B,0xA9,0x78,0x95,0x70,0x95,0x71,0xA9,0x00,0x8D,
    0x30,0x04,0xEE,0x2F,0x04,0x60,0xA9,0x68,0x95,0x70,0x4C,0x92,0x97,0xA2,0x0A,0xB5,
    0xAC,0xD0,0x1E,0x8A,0x48,0xBD,0x44,0x04,0xC9,0x23,0xD0,0x06,0x20,0xD8,0x97,0x4C,
    0xBF,0x97,0xC9,0x30,0xB0,0x06,0x20,0x0E,0xE7,0x4C,0xBF,0x97,0x20,0xEA,0x97,0x68,
    0xAA,0xCA,0xD0,0xDB,0x60,0xA2,0x04,0xC9,0x14,0xD0,0x02,0xA2,0x0C,0xDE,0x50,0x02,
    0xAA,0x38,0xE9,0x04,0xAA,0x10,0xF6,0x60,0x20,0x93,0xFA,0x20,0x86,0x79,0x0A,0x25,
    0x15,0x4A,0x4A,0x85,0x0C,0xA0,0x14,0x4C,0x15,0x79,0xBD,0x44,0x04,0x29,0x0F,0x0A,
    0x85,0x00,0x0A,0x18,0x65,0x00,0xA8,0xB5,0x84,0x85,0x00,0xB5,0x70,0x85,0x01,0xA9,
    0x05,0x85,0x02,0x98,0x0A,0x0A,0xAA,0xB9,0x6A,0x92,0xF0,0x17,0x9D,0x01,0x02,0xA5,
    0x00,0x9D,0x00,0x02,0xB9,0x82,0x92,0x9D,0x02,0x02,0xA5,0x01,0x9D,0x03,0x02,0xE8,
    0xE8,0xE8,0xE8,0xA5,0x01,0x18,0x69,0x08,0x85,0x01,0xC8,0xC6,0x02,0x10,0xD8,0x60,
    0xEE,0x1A,0x04,0xAD,0x1A,0x04,0xD0,0x1C,0xEE,0x2D,0x04,0x60,0xEE,0x1A,0x04,0xAD,
    0x1A,0x04,0xC9,0x39,0xD0,0x0E,0xA9,0x00,0x85,0x11,0x8D,0x1A,0x04,0x8D,0x2C,0x04,
    0x8D,0x2D,0x04,0x60,0x20,0xF7,0xE5,0x20,0x9D,0x97,0x60,0x3F,0x04,0x04,0x36,0x17,
    0x27,0x0F,0xFF,0x27,0x37,0x37,0x27,0x17,0x07,0x07,0x17,0xA0,0x70,0xB9,0xED,0x90,
    0x99,0xFF,0x01,0x88,0xD0,0xF7,0x20,0xC3,0x98,0xAD,0x12,0x04,0xD0,0x2D,0xA0,0x07,
    0xB9,0x5B,0x98,0x99,0x02,0x03,0x88,0x10,0xF7,0xAC,0x13,0x04,0xB9,0x63,0x98,0x8D,
    0x07,0x03,0xA9,0x06,0x8D,0x12,0x04,0xEE,0x13,0x04,0xAD,0x13,0x04,0xC9,0x08,0xD0,
    0x0A,0xA9,0x10,0x8D,0x12,0x04,0xA9,0x00,0x8D,0x13,0x04,0xCE,0x12,0x04,0x60,0xB2,
    0xB4,0xB6,0xB8,0xA2,0xA4,0xA6,0xA8,0x50,0x58,0x60,0x68,0x70,0x80,0x90,0xA0,0xB0,
    0xC0,0xD0,0xE0,0xAD,0x1F,0x04,0xD0,0x21,0xA9,0xB6,0x8D,0x20,0x04,0xA9,0xC8,0x8D,
    0x21,0x04,0xA9,0xD8,0x8D,0x22,0x04,0xA9,0xC0,0x8D,0x23,0x04,0xA9,0xD0,0x8D,0x24,
    0x04,0xA9,0xDD,0x8D,0x25,0x04,0xEE,0x1F,0x04,0xA2,0x02,0x20,0xF5,0x98,0xCA,0x10,
    0xFA,0x20,0x43,0x99,0x60,0xFE,0x20,0x04,0xFE,0x20,0x04,0xBD,0x20,0x04,0xC9,0xE3,
    0x90,0x05,0xA9,0xB2,0x9D,0x20,0x04,0x85,0x05,0xA8,0xA9,0x10,0xC0,0xC2,0xB0,0x07,
    0x4A,0xC0,0xB9,0xB0,0x02,0xA9,0x00,0x85,0x00,0x86,0x02,0xBC,0xBB,0x98,0xA2,0x03,
    0xBD,0xAF,0x98,0x18,0x65,0x00,0x99,0x01,0x02,0xBD,0xB7,0x98,0x99,0x03,0x02,0xA5,
    0x05,0x99,0x00,0x02,0xA9,0x00,0x99,0x02,0x02,0xC8,0xC8,0xC8,0xC8,0xCA,0x10,0xE0,
    0xA6,0x02,0x60,0xA2,0x03,0xA0,0xF0,0xA5,0x15,0x29,0x08,0x7D,0xB3,0x98,0x99,0x01,
    0x02,0xA9,0xA8,0x99,0x00,0x02,0xBD,0xB7,0x98,0x99,0x03,0x02,0xA9,0x00,0x99,0x02,
    0x02,0xC8,0xC8,0xC8,0xC8,0xCA,0x10,0xDF,0x60,0x36,0x0F,0x00,0x10,0x36,0x17,0x27,
    0x0F,0x36,0x08,0x1A,0x28,0x36,0x30,0x3B,0x22,0x36,0x30,0x3B,0x16,0x36,0x17,0x27,
    0x0F,0x36,0x08,0x1A,0x28,0x36,0x30,0x3B,0x22,0x39,0x0F,0x00,0x10,0x39,0x17,0x27,
    0x0F,0x39,0x08,0x1A,0x28,0x39,0x30,0x3B,0x22,0x39,0x30,0x3B,0x16,0x39,0x17,0x27,
    0x0F,0x39,0x08,0x1A,0x28,0x39,0x30,0x3B,0x22,0x31,0x0F,0x00,0x10,0x31,0x17,0x27,
    0x0F,0x31,0x08,0x1A,0x28,0x31,0x30,0x3B,0x22,0x31,0x30,0x3B,0x16,0x31,0x17,0x27,
    0x0F,0x31,0x08,0x1A,0x28,0x31,0x30,0x3B,0x22,0x3C,0x0F,0x00,0x10,0x3C,0x17,0x27,
    0x0F,0x3C,0x08,0x1A,0x28,0x3C,0x30,0x3B,0x22,0x3C,0x30,0x3B,0x16,0x3C,0x17,0x27,
    0x0F,0x3C,0x08,0x1A,0x28,0x3C,0x30,0x3B,0x22,0x3B,0x0F,0x00,0x10,0x3B,0x17,0x27,
    0x0F,0x3B,0x08,0x1A,0x28,0x3B,0x10,0x3B,0x22,0x3B,0x10,0x3B,0x16,0x3B,0x17,0x27,
    0x0F,0x3B,0x08,0x1A,0x28,0x3B,0x10,0x3B,0x22,0x2C,0x0F,0x00,0x10,0x2C,0x17,0x27,
    0x0F,0x2C,0x08,0x1A,0x28,0x2C,0x10,0x3B,0x22,0x2C,0x10,0x3B,0x16,0x2C,0x17,0x27,
    0x0F,0x2C,0x08,0x1A,0x28,0x2C,0x10,0x3B,0x22,0x1C,0x0F,0x00,0x10,0x1C,0x17,0x27,
    0x0F,0x1C,0x08,0x1A,0x28,0x1C,0x10,0x3B,0x22,0x1C,0x10,0x3B,0x16,0x1C,0x17,0x27,
    0x0F,0x1C,0x08,0x1A,0x28,0x1C,0x10,0x3B,0x22,0x02,0x0F,0x00,0x10,0x02,0x06,0x27,
    0x0F,0x02,0x0A,0x1A,0x18,0x02,0x10,0x2B,0x12,0x02,0x10,0x2B,0x06,0x02,0x06,0x27,
    0x0F,0x02,0x0A,0x1A,0x18,0x02,0x10,0x2B,0x12,0x0C,0x0F,0x00,0x10,0x0C,0x03,0x16,
    0x0F,0x0C,0x01,0x0A,0x08,0x0C,0x00,0x1B,0x02,0x0C,0x00,0x1B,0x02,0x0C,0x03,0x16,
    0x0F,0x0C,0x01,0x0A,0x08,0x0C,0x00,0x1B,0x02,0x0F,0x0F,0x0F,0x00,0x0F,0x01,0x11,
    0x0F,0x0F,0x0C,0x01,0x02,0x0F,0x00,0x01,0x0C,0x0F,0x00,0x01,0x0C,0x0F,0x01,0x11,
    0x0F,0x0F,0x0C,0x01,0x02,0x0F,0x00,0x01,0x0C,0x0F,0x0F,0x0F,0x00,0x0F,0x01,0x11,
    0x0F,0x0F,0x0F,0x0C,0x01,0x0F,0x01,0x0C,0x0F,0x0F,0x01,0x0C,0x0F,0x0F,0x01,0x11,
    0x0F,0x0F,0x0F,0x0C,0x01,0x0F,0x01,0x0C,0x0F,0x0F,0x0F,0x0F,0x0F,0x0F,0x0F,0x01,
    0x0F,0x0F,0x0F,0x0F,0x0C,0x0F,0x0C,0x0F,0x0F,0x0F,0x0C,0x0F,0x0F,0x0F,0x0F,0x01,
    0x0F,0x0F,0x0F,0x0F,0x0C,0x0F,0x0C,0x0F,0x0F,0x0F,0x0F,0x0F,0x0F,0x0F,0x0F,0x0F,
    0x0F,0x0F,0x0F,0x0F,0x0F,0x0F,0x0F,0x0F,0x0F,0x0F,0x0F,0x0F,0x0F,0x0F,0x0F,0x0F,
    0x0F,0x0F,0x0F,0x0F,0x0F,0x0F,0x0F,0x0F,0x0F,0x0F,0x0F,0x0F,0x0F,0x0F,0x0F,0x0F,
    0x0F,0x0F,0x0F,0x0F,0x0F,0x0F,0x0F,0x0F,0x0F,0x0F,0x0F,0x0F,0x0F,0x0F,0x0F,0x0F,
    0x0F,0x0F,0x0F,0x0F,0x0F,0x0F,0x0F,0x0F,0x0F,0x0F,0x0F,0x0F,0x0F,0x0F,0x0F,0x0F,
    0x0F,0x0F,0x0F,0x0F,0x0F,0x0F,0x0F,0x0F,0x0F,0x0F,0x0F,0x0F,0x0F,0x0F,0x0F,0x0F,
    0x0F,0x0F,0x0F,0x0F,0x0F,0x0F,0x0F,0x0F,0x0F,0x0F,0x0F,0x0F,0x0F,0x0F,0x0F,0x0F,
    0x0F,0x0F,0x0F,0x0F,0x0F,0x0F,0x0F,0x0F,0x0F,0x0F,0x0F,0x0F,0x0F,0x0F,0x0F,0x0F,
    0x0F,0x0F,0x0F,0x0F,0x0F,0x0F,0x0F,0x0F,0x0F,0x08,0x08,0x06,0x05,0x04,0x03,0x02,
    0x02,0x02,0xC0,0x06,0x04,0xC0,0x03,0x04,0x04,0xAD,0x38,0x04,0xD0,0x52,0xA9,0x00,
    0x85,0x01,0xAD,0x37,0x04,0x0A,0x0A,0x0A,0x0A,0x26,0x01,0x0A,0x26,0x01,0x69,0x69,
    0x85,0x00,0xA5,0x01,0x69,0x99,0x85,0x01,0xA9,0x3F,0x8D,0x02,0x03,0xA9,0x00,0x8D,
    0x03,0x03,0xA9,0x20,0x8D,0x04,0x03,0xA0,0x1F,0xA9,0xFF,0x99,0x06,0x03,0xB1,0x00,
    0x99,0x05,0x03,0x88,0x10,0xF8,0xEE,0x37,0x04,0xAC,0x37,0x04,0xB9,0x68,0x9B,0x8D,
    0x38,0x04,0xC0,0x0E,0x90,0x0A,0xEE,0x2C,0x04,0xA9,0x00,0x8D,0x2D,0x04,0x85,0x11,
    0xCE,0x38,0x04,0x20,0xC3,0x98,0x60,0xFF,0xFF,0xFF,0xFF,0xFF,0xFF,0xFF,0xFF,0xFF,
    0xFF,0xFF,0xFF,0xFF,0xFF,0xFF,0xFF,0xFF,0xFF,0xFF,0xFF,0xFF,0xFF,0xFF,0xFF,0xFF,
    0xFF,0xFF,0xFF,0xFF,0xFF,0xFF,0xFF,0xFF,0xFF,0xFF,0xFF,0xFF,0xFF,0xFF,0xFF,0xFF,
    0xFF,0xFF,0xFF,0xFF,0xFF,0xFF,0xFF,0xFF,0xFF,0xFF,0xFF,0xFF,0xFF,0xFF,0xFF,0xFF,
    0xFF,0xFF,0xFF,0xFF,0xFF,0xFF,0xFF,0xFF,0xFF,0xFF,0xFF,0xFF,0xFF,0xFF,0xFF,0xFF,
    0xFF,0xFF,0xFF,0xFF,0xFF,0xFF,0xFF,0xFF,0xFF,0xFF,0xFF,0xFF,0xFF,0xFF,0xFF,0xFF,
    0xFF,0xFF,0xFF,0xFF,0xFF,0xFF,0xFF,0xFF,0xFF,0xFF,0xFF,0xFF,0xFF,0xFF,0xFF,0xFF,
    0xFF,0xFF,0xFF,0xFF,0xFF,0xFF,0xFF,0xFF,0xFF,0xFF,0xFF,0xFF,0xFF,0xFF,0xFF,0xFF,
    0xFF,0xFF,0xFF,0xFF,0xFF,0xFF,0xFF,0xFF,0xFF,0xFF,0xFF,0xFF,0xFF,0xFF,0xFF,0xFF,
    0xFF,0xFF,0xFF,0xFF,0xFF,0xFF,0xFF,0xFF,0xFF,0xFF,0xFF,0xFF,0xFF,0xFF,0xFF,0xFF,
    0xFF,0xFF,0xFF,0xFF,0xFF,0xFF,0xFF,0xFF,0xFF,0xFF,0xFF,0xFF,0xFF,0xFF,0xFF,0xFF,
    0xFF,0xFF,0xFF,0xFF,0xFF,0xFF,0xFF,0xFF,0xFF,0xFF,0xFF,0xFF,0xFF,0xFF,0xFF,0xFF,
    0xFF,0xFF,0xFF,0xFF,0xFF,0xFF,0xFF,0xFF,0xFF,0xFF,0xFF,0xFF,0xFF,0xFF,0xFF,0xFF,
    0xFF,0xFF,0xFF,0xFF,0xFF,0xFF,0xFF,0xFF,0xFF,0xFF,0xFF,0xFF,0xFF,0xFF,0xFF,0xFF,
    0xFF,0xFF,0xFF,0xFF,0xFF,0xFF,0xFF,0xFF,0xFF,0xFF,0xFF,0xFF,0xFF,0xFF,0xFF,0xFF,
    0xFF,0xFF,0xFF,0xFF,0xFF,0xFF,0xFF,0xFF,0xFF,0xFF,0xFF,0xFF,0xFF,0xFF,0xFF,0xFF,
    0xFF,0xFF,0xFF,0xFF,0xFF,0xFF,0xFF,0xFF,0xFF,0xFF,0xFF,0xFF,0xFF,0xFF,0xFF,0xFF,
    0xFF,0xFF,0xFF,0xFF,0xFF,0xFF,0xFF,0xFF,0xFF,0xFF,0xFF,0xFF,0xFF,0xFF,0xFF,0xFF,
    0xFF,0xFF,0xFF,0xFF,0xFF,0xFF,0xFF,0xFF,0xFF,0xFF,0xFF,0xFF,0xFF,0xFF,0xFF,0xFF,
    0x98,0x68,0x10,0x69,0x80,0x68,0x90,0x6D,0x93,0x6D,0x96,0x6D,0x99,0x6D,0xC0,0x68,
    0x90,0x6A,0x88,0x68,0x91,0x6D,0x94,0x6D,0x97,0x6D,0x9A,0x6D,0xE8,0x68,0x10,0x6C,
    0x90,0x68,0x92,0x6D,0x95,0x6D,0x98,0x6D,0x9B,0x6D,0xA9,0xFF,0xA4,0x16,0x18,0x69,
    0x0E,0x88,0x10,0xFA,0xA8,0xA2,0x0D,0xB9,0x00,0x9D,0x95,0xC0,0x88,0xCA,0x10,0xF7,
    0x60,0x20,0x64,0x19,0x6A,0x6A,0x6A,0x6A,0x0E,0x15,0x12,0x16,0x12,0x17,0x0A,0x1D,
    0x12,0x18,0x17,0x24,0x24,0x16,0x18,0x0D,0x0E,0x6A,0x6A,0x6A,0x6A,0xFF,0x1B,0x0E,
    0x10,0x12,0x1C,0x1D,0x0E,0x1B,0x24,0x22,0x18,0x1E,0x1B,0x24,0x17,0x0A,0x16,0x0E,
    0x1B,0x0E,0x10,0x12,0x1C,0x1D,0x0E,0x1B,0x24,0x24,0x24,0x20,0xCE,0x08,0x24,0x24,
    0x24,0x24,0x24,0x24,0x24,0x24,0x21,0x2E,0x08,0x24,0x24,0x24,0x24,0x24,0x24,0x24,
    0x24,0x21,0x8E,0x08,0x24,0x24,0x24,0x24,0x24,0x24,0x24,0x24,0x21,0xEA,0x0F,0x0E,
    0x15,0x12,0x16,0x12,0x17,0x0A,0x1D,0x12,0x18,0x17,0x24,0x0E,0x17,0x0D,0xFF,0x2F,
    0x47,0x5F,0x77,0x0A,0x0B,0x0C,0x0D,0x0E,0x0F,0x10,0x11,0x12,0x13,0x14,0x15,0x16,
    0x17,0x18,0x19,0x1A,0x1B,0x1C,0x1D,0x1E,0x1F,0x20,0x21,0x22,0x23,0x62,0x63,0x28,
    0x29,0x2A,0x2B,0x2C,0x00,0x01,0x02,0x03,0x04,0x05,0x06,0x07,0x08,0x09,0x24,0x20,
    0xCE,0x01,0x21,0x2E,0x01,0x21,0x8E,0x01,0x20,0xCE,0x48,0x24,0xFF,0x21,0x2E,0x48,
    0x24,0xFF,0x21,0x8E,0x48,0x24,0xFF,0xF3,0x03,0x43,0xF8,0x25,0x23,0x70,0xF8,0x25,
    0x23,0x30,0x10,0xC7,0x87,0xF0,0x77,0xB7,0x04,0x09,0x0E,0x00,0x08,0x10,0x02,0x05,
    0x08,0xA9,0x00,0x85,0x16,0x20,0xDE,0x9F,0x20,0x25,0xE6,0xA5,0x13,0xD0,0x3B,0x20,
    0x6D,0xE4,0x20,0x2A,0x9D,0x20,0x37,0xA4,0xE6,0x16,0xA5,0x16,0xC9,0x03,0xD0,0xF2,
    0xA9,0x00,0x85,0x16,0xA2,0x1C,0xBD,0x41,0x9D,0x9D,0x02,0x03,0xCA,0x10,0xF7,0xA5,
    0x12,0xC9,0x0E,0xD0,0x0D,0xA0,0x00,0xB9,0x5E,0x9D,0x99,0x09,0x03,0xC8,0xC0,0x12,
    0xD0,0xF5,0xA9,0x1D,0x8D,0x01,0x03,0xE6,0x13,0x60,0xC9,0x01,0xD0,0x3B,0xA2,0x33,
    0xBD,0x7B,0x9D,0x9D,0x02,0x03,0xCA,0x10,0xF7,0xA2,0x00,0xA0,0x00,0xB9,0x38,0x06,
    0x9D,0x05,0x03,0xE8,0xC8,0x98,0x29,0x07,0xD0,0xF3,0xE8,0xE8,0xE8,0xE0,0x21,0xD0,
    0xEC,0xA5,0x12,0xC9,0x0E,0xD0,0x0E,0xA0,0x00,0xB9,0x70,0x9D,0x9D,0x05,0x03,0xE8,
    0xC8,0xC0,0x0B,0xD0,0xF4,0xA9,0x34,0xD0,0xBB,0xC9,0x02,0xD0,0x07,0xA9,0x16,0x85,
    0x14,0xE6,0x13,0x60,0xC9,0x03,0xD0,0x11,0xA9,0x15,0xA4,0x12,0xC0,0x0F,0xD0,0x02,
    0xA9,0x30,0x8D,0x10,0x68,0xA9,0x12,0xD0,0xE6,0xA5,0x12,0xC9,0x0F,0xF0,0x11,0xA2,
    0x03,0xA0,0xFF,0x84,0x16,0xC8,0xE6,0x16,0xB9,0x33,0x06,0xF0,0x03,0xCA,0x10,0xF5,
    0x20,0x8E,0xA1,0xA5,0x16,0xC9,0x03,0xD0,0x05,0xA9,0xF8,0x8D,0x08,0x02,0xA9,0x50,
    0x85,0x00,0xA9,0x30,0x85,0x01,0xE6,0x11,0x4C,0x38,0xA6,0x23,0x0E,0x15,0x0D,0x0A,
    0xA5,0xF8,0x29,0x10,0xF0,0x06,0xA5,0x16,0xC9,0x03,0xF0,0x03,0x4C,0xB0,0x9F,0xA9,
    0x00,0x8D,0x07,0x06,0x8D,0x25,0x04,0x8D,0x23,0x04,0x85,0x16,0xAA,0xA4,0x16,0xA9,
    0xFF,0x99,0x2A,0x65,0x98,0x0A,0xA8,0xA9,0x00,0x8D,0x26,0x04,0x99,0x9C,0x6D,0xC8,
    0x99,0x9C,0x6D,0x8A,0x48,0x20,0x2A,0x9D,0x68,0xAA,0xAC,0x23,0x04,0xB9,0x38,0x06,
    0xAC,0x25,0x04,0x91,0xC4,0xC9,0x24,0xF0,0x40,0xBD,0x33,0x06,0xD0,0x3B,0xA0,0x18,
    0xA9,0x22,0x91,0xC0,0xC8,0xA9,0xFF,0x91,0xC0,0xA0,0x25,0xA9,0x08,0x91,0xC0,0x8A,
    0x48,0x0A,0x0A,0x0A,0xA8,0xA2,0x00,0xB9,0x38,0x06,0xDD,0xEB,0x9E,0xD0,0x0F,0xC8,
    0xE8,0xE0,0x05,0x90,0xF2,0x68,0x48,0xAA,0xA0,0x00,0xA9,0x01,0x91,0xCC,0x68,0xAA,
    0xA9,0x01,0x8D,0x26,0x04,0xA0,0x00,0x91,0xC6,0xEE,0x23,0x04,0xEE,0x25,0x04,0xAD,
    0x25,0x04,0xC9,0x08,0xD0,0xA4,0xE8,0xA9,0x00,0x8D,0x25,0x04,0xAD,0x26,0x04,0xF0,
    0x03,0x20,0xC8,0xA3,0xE6,0x16,0xA5,0x16,0xC9,0x03,0xF0,0x03,0x4C,0x0D,0x9F,0xA9,
    0x00,0x8D,0x26,0x04,0x85,0x16,0x20,0xDE,0x9F,0xA9,0x01,0x85,0x11,0x4C,0x03,0xA8,
    0xA5,0x16,0xC9,0x03,0xF0,0x03,0x20,0x11,0xA0,0x20,0x04,0xA2,0x20,0xC3,0xA1,0x20,
    0xDD,0xA1,0x4C,0x0B,0xA1,0xA5,0xF8,0xC9,0x10,0xF0,0x03,0x4C,0x04,0xA2,0xA5,0x16,
    0xC9,0x03,0xD0,0x14,0xA9,0x0E,0x85,0x12,0xA9,0x00,0x85,0x11,0x85,0x13,0x8D,0x1F,
    0x04,0x8D,0x20,0x04,0x8D,0x21,0x04,0x60,0xA9,0x08,0x8D,0x01,0x06,0xA4,0x16,0xBE,
    0x08,0x9E,0xA0,0x04,0xBD,0xE8,0x9D,0x99,0x02,0x03,0xCA,0x88,0x10,0xF6,0x20,0xF1,
    0x6D,0x20,0x5D,0xA3,0x20,0x0C,0xA8,0xA0,0x07,0xA9,0x24,0x91,0x0C,0x88,0x10,0xF9,
    0x60,0xA5,0xFA,0x29,0x0F,0xD0,0x0A,0x8D,0x26,0x04,0x8D,0x28,0x04,0x8D,0x29,0x04,
    0x60,0xA8,0xAD,0x26,0x04,0xD0,0x06,0x8C,0x27,0x04,0xEE,0x26,0x04,0xA5,0xFA,0x29,
    0x0F,0xCD,0x27,0x04,0xF0,0x05,0xA9,0x00,0x20,0x17,0xA0,0xAD,0x29,0x04,0xF0,0x04,
    0xCE,0x29,0x04,0x60,0xA0,0x08,0xAD,0x28,0x04,0xD0,0x02,0xA0,0x10,0x8C,0x29,0x04,
    0xA5,0xFA,0x29,0x0F,0xC9,0x01,0xD0,0x24,0xEE,0x1F,0x04,0xA5,0x71,0x18,0x69,0x10,
    0x85,0x71,0xC9,0xE0,0xD0,0x13,0xA9,0x30,0x85,0x71,0xA2,0x00,0x20,0xF0,0xA0,0xAD,
    0x2A,0x04,0xF0,0x05,0xA9,0x00,0x8D,0x1F,0x04,0x4C,0xE7,0xA0,0xC9,0x02,0xD0,0x24,
    0xCE,0x1F,0x04,0xA5,0x71,0x38,0xE9,0x10,0x85,0x71,0xC9,0x20,0xD0,0x13,0xA9,0xD0,
    0x85,0x71,0xA2,0x03,0x20,0xF0,0xA0,0xAD,0x2A,0x04,0xF0,0x05,0xA9,0x2B,0x8D,0x1F,
    0x04,0x4C,0xE7,0xA0,0xC9,0x04,0xD0,0x1F,0xAD,0x1F,0x04,0x18,0x69,0x0B,0x8D,0x1F,
    0x04,0xA2,0x00,0x20,0xF0,0xA0,0xAD,0x2A,0x04,0xF0,0x09,0xAD,0x1F,0x04,0x38,0xE9,
    0x2C,0x8D,0x1F,0x04,0x4C,0xE7,0xA0,0xC9,0x08,0xD0,0x24,0xAD,0x1F,0x04,0x38,0xE9,
    0x0B,0x8D,0x1F,0x04,0xA2,0x03,0x20,0xF0,0xA0,0xAD,0x2A,0x04,0xF0,0x09,0xAD,0x1F,
    0x04,0x18,0x69,0x2C,0x8D,0x1F,0x04,0xA9,0x01,0x8D,0x28,0x04,0x8D,0x02,0x06,0x60,
    0xA0,0x00,0xA5,0x85,0x18,0x7D,0x02,0x9E,0x85,0x85,0xE8,0xDD,0x02,0x9E,0xD0,0x07,
    0xE8,0xBD,0x02,0x9E,0x85,0x85,0xC8,0x8C,0x2A,0x04,0x60,0xAD,0x20,0x04,0xD0,0x1E,
    0xA4,0x16,0xC0,0x03,0xF0,0xF4,0xB9,0x0B,0x9E,0x8D,0x21,0x04,0xBE,0x0E,0x9E,0xA0,
    0x02,0xBD,0xDF,0x9D,0x99,0x22,0x04,0xCA,0x88,0x10,0xF6,0xEE,0x20,0x04,0xA5,0xF8,
    0x29,0xC0,0xF0,0x57,0xC9,0x80,0xD0,0x22,0xA0,0x20,0x8C,0x04,0x06,0xA0,0x02,0xB9,
    0x22,0x04,0x99,0x02,0x03,0x88,0x10,0xF7,0x8C,0x06,0x03,0xAE,0x21,0x04,0xAC,0x1F,
    0x04,0xB9,0xB3,0x9D,0x8D,0x05,0x03,0x9D,0x38,0x06,0xA5,0x70,0x18,0x69,0x08,0x85,
    0x70,0xEE,0x21,0x04,0xEE,0x23,0x04,0xAD,0x23,0x04,0x29,0x0F,0xC9,0x06,0xD0,0x1B,
    0xAD,0x23,0x04,0x38,0xE9,0x08,0x8D,0x23,0x04,0xA4,0x16,0xB9,0x0B,0x9E,0x8D,0x21,
    0x04,0xA5,0x70,0xC9,0xB0,0xD0,0x04,0xA9,0x70,0x85,0x70,0x4C,0xD7,0xA1,0xA0,0x0A,
    0xB9,0xF7,0x9D,0x99,0x01,0x02,0x88,0x10,0xF7,0xA4,0x16,0xB9,0xAF,0x9D,0x85,0x84,
    0x8D,0x00,0x02,0xA5,0x12,0xC9,0x0F,0xF0,0x19,0xA9,0xF3,0x8D,0x01,0x02,0xA5,0x84,
    0x38,0xE9,0x08,0x8D,0x04,0x02,0xA9,0x70,0x85,0x70,0xA9,0x87,0x85,0x85,0xA9,0x30,
    0x85,0x71,0x60,0xA5,0x84,0xC9,0x77,0xD0,0x06,0xA9,0xF8,0x8D,0x04,0x02,0x60,0xA5,
    0x84,0x20,0xF7,0xA1,0x8C,0x04,0x02,0xA5,0x70,0x8D,0x07,0x02,0x60,0xA5,0x84,0xC9,
    0x77,0xD0,0x06,0xA9,0xF8,0x8D,0x08,0x02,0x60,0xA5,0x85,0x20,0xF7,0xA1,0x8C,0x08,
    0x02,0xA5,0x71,0x8D,0x0B,0x02,0x60,0x38,0xE9,0x08,0xA8,0xA5,0x15,0x29,0x08,0xD0,
    0x02,0xA0,0xF8,0x60,0xA5,0xF8,0x29,0x20,0xF0,0x49,0xA9,0x01,0x8D,0x02,0x06,0xE6,
    0x16,0xA4,0x16,0xC0,0x04,0xD0,0x04,0xA0,0x00,0x84,0x16,0xB9,0xAF,0x9D,0x8D,0x00,
    0x02,0xA5,0x12,0xC9,0x0F,0xF0,0x2C,0xA5,0x84,0x18,0x69,0x18,0x85,0x84,0xC9,0x8F,
    0xD0,0x04,0xA9,0x2F,0x85,0x84,0x8D,0x00,0x02,0xA9,0x70,0x8D,0x07,0x02,0x85,0x70,
    0xA9,0x00,0x8D,0x20,0x04,0x8D,0x21,0x04,0xA4,0x16,0xC0,0x03,0xF0,0x05,0xB9,0x33,
    0x06,0xD0,0xB7,0x60,0x21,0x09,0x11,0x24,0x24,0x24,0x24,0x24,0x24,0x24,0x24,0x62,
    0x00,0x00,0x00,0x00,0x00,0x00,0x00,0x00,0x21,0x32,0x08,0x00,0x00,0x00,0x00,0x00,
    0x00,0x00,0x00,0xFF,0x21,0x89,0x03,0x24,0x24,0x01,0x21,0xE9,0x03,0x24,0x24,0x01,
    0x22,0x49,0x03,0x24,0x24,0x01,0xFF,0x29,0x32,0x16,0x20,0x25,0xE6,0xA5,0x13,0x20,
    0xE2,0xE5,0xA0,0xA2,0x7F,0xA4,0xBD,0xA4,0xC4,0xA4,0xC4,0xA4,0xC4,0xA4,0x1E,0xA5,
    0x20,0x25,0xE6,0xA9,0x00,0x85,0x16,0xA4,0x16,0xB9,0x2A,0x65,0xD0,0x1F,0x20,0x2A,
    0x9D,0x20,0xE1,0xA3,0xA5,0x16,0x0A,0xA8,0xB9,0x9C,0x6D,0xC5,0xCE,0xD0,0x0E,0xC8,
    0xB9,0x9C,0x6D,0xC5,0xCF,0xD0,0x06,0x20,0x64,0xA7,0x4C,0xFC,0xA2,0x20,0xF1,0x6D,
    0x20,0x07,0xA3,0xA4,0x16,0xB9,0x1E,0x65,0xC9,0x5A,0xD0,0x1A,0xB9,0x21,0x65,0xC9,
    0xA5,0xD0,0x13,0xA5,0x16,0x0A,0xA8,0xB9,0x24,0x65,0xC5,0x0E,0xD0,0x08,0xC8,0xB9,
    0x24,0x65,0xC5,0x0F,0xF0,0x06,0x20,0xF1,0x6D,0x20,0x5D,0xA3,0xE6,0x16,0xA5,0x16,
    0xC9,0x03,0xD0,0xA3,0xE6,0x13,0x60,0xA9,0x00,0x85,0x0E,0x85,0x0F,0xA0,0x07,0xB1,
    0x04,0x20,0x51,0xA3,0x88,0x10,0xF8,0xA0,0x27,0xB1,0x00,0x20,0x51,0xA3,0x88,0x10,
    0xF8,0xA9,0x80,0x85,0x01,0xA9,0x01,0x85,0x00,0xA0,0x00,0xB1,0x02,0x20,0x51,0xA3,
    0xE6,0x02,0xD0,0x02,0xE6,0x03,0xC6,0x01,0xD0,0xF1,0xC6,0x00,0xA5,0x00,0x10,0xEB,
    0xB1,0x06,0x20,0x51,0xA3,0xB1,0x08,0x20,0x51,0xA3,0xB1,0x0A,0x20,0x51,0xA3,0xB1,
    0x0C,0x18,0x65,0x0F,0x85,0x0F,0xA5,0x0E,0x69,0x00,0x85,0x0E,0x60,0xA0,0x07,0xA9,
    0x24,0x91,0x04,0x88,0x10,0xFB,0xA0,0x27,0xA9,0x00,0x91,0x00,0x88,0x10,0xFB,0xA9,
    0x80,0x85,0x01,0xA9,0x01,0x85,0x00,0xA0,0x00,0xA9,0x00,0x91,0x02,0xE6,0x02,0xD0,
    0x02,0xE6,0x03,0xC6,0x01,0xD0,0xF2,0xC6,0x00,0xA5,0x00,0x10,0xEC,0xA9,0x00,0x91,
    0x06,0x91,0x08,0x91,0x0A,0x91,0x0C,0x20,0xF1,0x6D,0x20,0x07,0xA3,0xA4,0x16,0xA9,
    0x00,0x99,0x33,0x06,0x99,0x2D,0x06,0x99,0x30,0x06,0xA9,0xFF,0x99,0x2A,0x65,0xA9,
    0x5A,0x99,0x1E,0x65,0xA9,0xA5,0x99,0x21,0x65,0x98,0x0A,0xA8,0xA5,0x0E,0x99,0x24,
    0x65,0xC8,0xA5,0x0F,0x99,0x24,0x65,0x60,0x20,0xE1,0xA3,0xA4,0x16,0xA9,0x00,0x99,
    0x2A,0x65,0x98,0x0A,0xA8,0xA5,0xCE,0x99,0x9C,0x6D,0xC8,0xA5,0xCF,0x99,0x9C,0x6D,
    0x60,0xA9,0x00,0x85,0xCE,0x85,0xCF,0xA0,0x07,0xB1,0xC4,0x20,0x2B,0xA4,0x88,0x10,
    0xF8,0xA0,0x27,0xB1,0xC0,0x20,0x2B,0xA4,0x88,0x10,0xF8,0xA9,0x80,0x85,0xC1,0xA9,
    0x01,0x85,0xC0,0xA0,0x00,0xB1,0xC2,0x20,0x2B,0xA4,0xE6,0xC2,0xD0,0x02,0xE6,0xC3,
    0xC6,0xC1,0xD0,0xF1,0xC6,0xC0,0xA5,0xC0,0x10,0xEB,0xB1,0xC6,0x20,0x2B,0xA4,0xB1,
    0xC8,0x20,0x2B,0xA4,0xB1,0xCA,0x20,0x2B,0xA4,0xB1,0xCC,0x18,0x65,0xCF,0x85,0xCF,
    0xA5,0xCE,0x69,0x00,0x85,0xCE,0x60,0xA0,0x07,0xA9,0x24,0x91,0xC4,0x88,0x10,0xFB,
    0xA0,0x27,0xA9,0x00,0x91,0xC0,0x88,0x10,0xFB,0xA9,0x80,0x85,0xC1,0xA9,0x01,0x85,
    0xC0,0xA0,0x00,0xA9,0x00,0x91,0xC2,0xE6,0xC2,0xD0,0x02,0xE6,0xC3,0xC6,0xC1,0xD0,
    0xF2,0xC6,0xC0,0xA5,0xC0,0x10,0xEC,0xA9,0x00,0x91,0xC6,0x91,0xC8,0x91,0xCA,0x91,
    0xCC,0x20,0x2A,0x9D,0x20,0xE1,0xA3,0xA9,0xFF,0xA4,0x16,0x99,0x2A,0x65,0x60,0xA9,
    0x00,0x85,0x16,0x20,0xF1,0x6D,0xA0,0x0B,0xA2,0x00,0x98,0x48,0xB1,0x00,0xA8,0xB9,
    0x87,0xA2,0x9D,0x04,0x68,0x68,0x18,0x69,0x28,0xA8,0x8A,0x18,0x69,0x04,0xAA,0xE0,
    0x0C,0x90,0xE7,0x20,0xB7,0x6D,0xA9,0x12,0x85,0x14,0xE6,0x13,0x20,0x6D,0xE4,0xA0,
    0x04,0xA9,0x00,0x8D,0x29,0x05,0x99,0x21,0x06,0x88,0x10,0xFA,0x60,0xA9,0x14,0x85,
    0x14,0xE6,0x13,0x60,0xA0,0x1F,0xB9,0x54,0xA2,0x99,0x02,0x03,0x88,0x10,0xF7,0xA4,
    0x16,0xAD,0x03,0x03,0x18,0x69,0x60,0x8D,0x03,0x03,0xAD,0x17,0x03,0x18,0x69,0x60,
    0x8D,0x17,0x03,0xAD,0x02,0x03,0x69,0x00,0x8D,0x02,0x03,0x8D,0x16,0x03,0x88,0x10,
    0xE0,0xA5,0x16,0x0A,0x0A,0x0A,0xAA,0xA0,0x03,0xBD,0x38,0x06,0x99,0x02,0x03,0xE8,
    0xC8,0xC0,0x0B,0xD0,0xF4,0xA5,0x16,0x0A,0xA8,0xB9,0x50,0x06,0x85,0x0E,0xC8,0xB9,
    0x50,0x06,0x85,0x0F,0xA0,0x0C,0x20,0x79,0x6E,0xE6,0x16,0xE6,0x13,0x60,0xA0,0x12,
    0xB9,0x74,0xA2,0x99,0x02,0x03,0x88,0x10,0xF7,0xA9,0x00,0x85,0x0A,0xA9,0x03,0x85,
    0x0B,0xA4,0x0A,0xB9,0x30,0x06,0x20,0x55,0x6E,0xA6,0x0B,0xA5,0x01,0x9D,0x02,0x03,
    0xA5,0x02,0x9D,0x03,0x03,0xA5,0x03,0xD0,0x19,0xA5,0x01,0xC9,0x24,0xD0,0x11,0xA5,
    0x02,0xC9,0x24,0xD0,0x0B,0xA4,0x0A,0xB9,0x33,0x06,0xD0,0x04,0xA9,0x24,0xD0,0x02,
    0xA9,0x00,0x9D,0x04,0x03,0x8A,0x18,0x69,0x06,0x85,0x0B,0xE6,0x0A,0xA5,0x0A,0xC9,
    0x03,0xD0,0xBE,0xA0,0xFF,0x84,0x16,0x8C,0x26,0x05,0xC8,0xE6,0x16,0xB9,0x33,0x06,
    0xF0,0xF8,0xA9,0x00,0x85,0x13,0xE6,0x11,0x60,0xF3,0x03,0x28,0x5C,0x74,0x8C,0xA8,
    0xB8,0xA5,0x13,0x20,0xE2,0xE5,0x9A,0xA5,0xDF,0xA5,0xA5,0xF8,0x29,0x10,0xD0,0x3C,
    0xA5,0xF8,0x29,0x20,0xF0,0x11,0xA9,0x01,0x8D,0x02,0x06,0xE6,0x16,0xA5,0x16,0xC9,
    0x05,0xD0,0x04,0xA9,0x00,0x85,0x16,0xA4,0x16,0xB9,0x33,0x06,0xF0,0xE8,0xA0,0x02,
    0xB9,0x89,0xA5,0x99,0x01,0x02,0x88,0x10,0xF7,0xA4,0x16,0xB9,0x8C,0xA5,0x8D,0x00,
    0x02,0xA9,0x58,0x85,0x01,0xA9,0x30,0x85,0x00,0x4C,0x38,0xA6,0xE6,0x13,0x60,0xA9,
    0x00,0x8D,0x07,0x06,0xA9,0x00,0x85,0x10,0x8D,0x56,0x06,0x20,0x25,0xE6,0xA5,0x16,
    0xC9,0x03,0x90,0x0A,0xA5,0x16,0x18,0x69,0x0B,0x85,0x12,0x4C,0xA3,0xEB,0x20,0x25,
    0xE6,0x20,0xF1,0x6D,0xA0,0x27,0xB1,0x00,0x99,0x57,0x06,0x88,0x10,0xF8,0xA9,0x00,
    0x8D,0x2E,0x05,0x85,0xAC,0x8D,0x6C,0x06,0xA8,0xB1,0x02,0x91,0x0E,0xE6,0x02,0xD0,
    0x02,0xE6,0x03,0xE6,0x0E,0xD0,0x02,0xE6,0x0F,0xA5,0x0E,0xC9,0xFF,0xD0,0xEA,0xA5,
    0x0F,0xC9,0x07,0xD0,0xE4,0x4C,0xA1,0xEB,0xA9,0x08,0x85,0x02,0xA9,0x0A,0x85,0x03,
    0xA9,0x00,0x20,0x88,0x79,0xA9,0x08,0x8D,0x43,0x03,0xAD,0x43,0x03,0x18,0x69,0x08,
    0x8D,0x43,0x03,0x18,0x69,0x04,0x8D,0x44,0x03,0xA9,0x01,0x85,0x07,0xA9,0x08,0x85,
    0x0A,0xA5,0x00,0x48,0x20,0x85,0x78,0xAA,0x68,0x85,0x00,0xA4,0x04,0xB9,0x2D,0x06,
    0xF0,0x1D,0xAC,0x43,0x03,0xA5,0x01,0x38,0xE9,0x03,0x99,0x80,0x02,0xA9,0x20,0x99,
    0x81,0x02,0xA9,0x03,0x99,0x82,0x02,0xA5,0x00,0x18,0x69,0x0C,0x99,0x83,0x02,0xA5,
    0x01,0x18,0x69,0x18,0x85,0x01,0xE6,0x04,0xE6,0x05,0xA5,0x04,0xC9,0x03,0xD0,0xAA,
    0x60,0x50,0x52,0x54,0x06,0x06,0x06,0x38,0x40,0x48,0x06,0x06,0x06,0xA5,0x13,0x20,
    0xE2,0xE5,0xB8,0xA6,0x34,0xA7,0x03,0xA8,0x20,0x2A,0x9D,0x20,0x37,0xA4,0x20,0x2A,
    0x9D,0x20,0xF1,0x6D,0xA0,0x27,0xB9,0x57,0x06,0x91,0xC0,0x88,0x10,0xF8,0xA4,0x16,
    0xB9,0x30,0x06,0xA0,0x00,0x91,0xCA,0xA9,0x01,0x91,0xC6,0xA4,0x16,0x99,0x33,0x06,
    0xB9,0x2D,0x06,0xA0,0x00,0x91,0xCC,0x20,0x0C,0xA8,0xA0,0x07,0xB1,0x0C,0x91,0xC4,
    0x88,0x10,0xF9,0xAD,0x6F,0x06,0x29,0xF0,0x48,0x4A,0x4A,0x4A,0x4A,0x85,0x0A,0x68,
    0x05,0x0A,0x8D,0x6F,0x06,0xA9,0xFF,0x8D,0x70,0x06,0x20,0x19,0xA8,0xA0,0x00,0xB1,
    0x0E,0x91,0xC2,0xE6,0xC2,0xD0,0x02,0xE6,0xC3,0xE6,0x0E,0xD0,0x02,0xE6,0x0F,0xA5,
    0x0E,0xC9,0xFF,0xD0,0xEA,0xA5,0x0F,0xC9,0x07,0xD0,0xE4,0x20,0x2A,0x9D,0x20,0xC8,
    0xA3,0xE6,0x13,0x60,0xA4,0x16,0xB9,0x2A,0x65,0xD0,0x1C,0x20,0x2A,0x9D,0x20,0xE1,
    0xA3,0xA5,0x16,0x0A,0xA8,0xB9,0x9C,0x6D,0xC5,0xCE,0xD0,0x0E,0xC8,0xB9,0x9C,0x6D,
    0xC5,0xCF,0xD0,0x06,0x20,0x64,0xA7,0xE6,0x13,0x60,0xA4,0x16,0xA9,0xFF,0x99,0x2A,
    0x65,0xE6,0x13,0x60,0xA4,0x16,0xA9,0x00,0x99,0x1E,0x65,0x99,0x21,0x65,0x98,0x0A,
    0xA8,0xA9,0x00,0x99,0x24,0x65,0xC8,0x99,0x24,0x65,0x20,0x2A,0x9D,0x20,0xF1,0x6D,
    0xA0,0x27,0xB1,0xC0,0x91,0x00,0x88,0x10,0xF9,0xA0,0x00,0xB1,0xC6,0x91,0x06,0xB1,
    0xC8,0x91,0x08,0xB1,0xCA,0x91,0x0A,0xB1,0xCC,0x91,0x0C,0xB1,0x06,0x48,0xB1,0x0A,
    0x48,0xB1,0x0C,0x48,0xA4,0x16,0x68,0x99,0x2D,0x06,0x68,0x99,0x30,0x06,0x68,0x99,
    0x33,0x06,0xA0,0x07,0xB1,0xC4,0x91,0x04,0x88,0x10,0xF9,0xA0,0x00,0xB1,0xC2,0x91,
    0x02,0xE6,0x02,0xD0,0x02,0xE6,0x03,0xE6,0xC2,0xD0,0x02,0xE6,0xC3,0xE6,0x0E,0xD0,
    0x02,0xE6,0x0F,0xA5,0x0E,0xC9,0xFF,0xD0,0xE4,0xA5,0x0F,0xC9,0x07,0xD0,0xDE,0xA4,
    0x16,0xA9,0x5A,0x99,0x1E,0x65,0xA9,0xA5,0x99,0x21,0x65,0x98,0x0A,0xA8,0xB9,0x9C,
    0x6D,0x99,0x24,0x65,0xC8,0xB9,0x9C,0x6D,0x99,0x24,0x65,0xA4,0x16,0xA9,0xFF,0x99,
    0x2A,0x65,0x60,0xA9,0x00,0x85,0x12,0xA9,0x01,0x85,0x13,0x60,0xA4,0x16,0xB9,0xA7,
    0xA6,0x85,0x0C,0xB9,0xAA,0xA6,0x85,0x0D,0x60,0xA4,0x16,0xB9,0xA1,0xA6,0x85,0x0C,
    0xB9,0xA4,0xA6,0x85,0x0D,0xA0,0x01,0xB9,0x6F,0x06,0x91,0x0C,0x88,0x10,0xF8,0x60,
    0xFF,0xFF,0xFF,0xFF,0xFF,0xFF,0xFF,0xFF,0xFF,0xFF,0xFF,0xFF,0xFF,0xFF,0xFF,0xFF,
    0xFF,0xFF,0xFF,0xFF,0xFF,0xFF,0xFF,0xFF,0xFF,0xFF,0xFF,0xFF,0xFF,0xFF,0xFF,0xFF,
    0xFF,0xFF,0xFF,0xFF,0xFF,0xFF,0xFF,0xFF,0xFF,0xFF,0xFF,0xFF,0xFF,0xFF,0xFF,0xFF,
    0xFF,0xFF,0xFF,0xFF,0xFF,0xFF,0xFF,0xFF,0xFF,0xFF,0xFF,0xFF,0xFF,0xFF,0xFF,0xFF,
    0xFF,0xFF,0xFF,0xFF,0xFF,0xFF,0xFF,0xFF,0xFF,0xFF,0xFF,0xFF,0xFF,0xFF,0xFF,0xFF,
    0xFF,0xFF,0xFF,0xFF,0xFF,0xFF,0xFF,0xFF,0xFF,0xFF,0xFF,0xFF,0xFF,0xFF,0xFF,0xFF,
    0xFF,0xFF,0xFF,0xFF,0xFF,0xFF,0xFF,0xFF,0xFF,0xFF,0xFF,0xFF,0xFF,0xFF,0xFF,0xFF,
    0xFF,0xFF,0xFF,0xFF,0xFF,0xFF,0xFF,0xFF,0xFF,0xFF,0xFF,0xFF,0xFF,0xFF,0xFF,0xFF,
    0xFF,0xFF,0xFF,0xFF,0xFF,0xFF,0xFF,0xFF,0xFF,0xFF,0xFF,0xFF,0xFF,0xFF,0xFF,0xFF,
    0xFF,0xFF,0xFF,0xFF,0xFF,0xFF,0xFF,0xFF,0xFF,0xFF,0xFF,0xFF,0xFF,0xFF,0xFF,0xFF,
    0xFF,0xFF,0xFF,0xFF,0xFF,0xFF,0xFF,0xFF,0xFF,0xFF,0xFF,0xFF,0xFF,0xFF,0xFF,0xFF,
    0xFF,0xFF,0xFF,0xFF,0xFF,0xFF,0xFF,0xFF,0xFF,0xFF,0xFF,0xFF,0xFF,0xFF,0xFF,0xFF,
    0xFF,0xFF,0xFF,0xFF,0xFF,0xFF,0xFF,0xFF,0xFF,0xFF,0xFF,0xFF,0xFF,0xFF,0xFF,0xFF,
    0xA5,0x13,0x20,0xE2,0xE5,0x0F,0xA9,0x3F,0xA9,0x7F,0xA9,0xF5,0xA9,0xFF,0xA9,0x20,
    0x21,0xA9,0xA5,0x13,0xF0,0x42,0x20,0xF7,0xE5,0x20,0x31,0xF2,0xA2,0x01,0x4C,0xCA,
    0x79,0xA5,0x28,0xD0,0x14,0xAD,0x09,0x06,0xD0,0x0F,0x20,0x40,0x72,0xA5,0x7C,0xC9,
    0x11,0xB0,0x06,0xA9,0x80,0x85,0x28,0xE6,0x13,0x60,0x23,0xD8,0x68,0x00,0xFF,0xA0,
    0x04,0xB9,0x3A,0xA9,0x99,0x02,0x03,0x88,0x10,0xF7,0xA9,0xA4,0x8D,0x5F,0x04,0xA9,
    0x00,0x8D,0x16,0x04,0x85,0xAD,0xE6,0x13,0x60,0x1D,0x11,0x0A,0x17,0x14,0x1C,0x24,
    0x15,0x12,0x17,0x14,0x28,0x22,0x18,0x1E,0x2A,0x1B,0x8E,0x64,0x1D,0x11,0x0E,0x24,
    0x11,0x0E,0x1B,0x18,0x24,0x18,0x0F,0x24,0x11,0x22,0x1B,0x1E,0x15,0x0E,0xEC,0x20,
    0x95,0xA9,0xA5,0xAD,0xF0,0x06,0xA9,0x50,0x85,0x29,0xE6,0x13,0x60,0x21,0xA4,0x01,
    0x24,0xFF,0xC4,0xE4,0xA4,0x20,0x31,0xF2,0xA5,0x29,0xD0,0x58,0xA9,0x06,0x85,0x29,
    0xA0,0x04,0xB9,0x8D,0xA9,0x99,0x02,0x03,0x88,0x10,0xF7,0xAD,0x5F,0x04,0x8D,0x03,
    0x03,0xEE,0x5F,0x04,0xA9,0x59,0x85,0x00,0xA9,0xA9,0x85,0x01,0xAC,0x16,0x04,0xEE,
    0x16,0x04,0xB1,0x00,0x29,0x3F,0xC9,0x25,0xF0,0xE1,0x8D,0x05,0x03,0xA9,0x10,0x8D,
    0x04,0x06,0xB1,0x00,0x29,0xC0,0xF0,0x1C,0xA0,0x02,0xC9,0xC0,0xF0,0x06,0x88,0xC9,
    0x40,0xF0,0x01,0x88,0xB9,0x92,0xA9,0x8D,0x5F,0x04,0xC0,0x02,0xD0,0x06,0xE6,0xAD,
    0xA9,0x00,0x85,0xAC,0x60,0xA5,0x29,0xD0,0xFB,0x20,0xE9,0x6E,0xE6,0x13,0x60,0xA9,
    0x08,0x8D,0x0B,0x05,0x20,0x90,0x6C,0x8D,0x12,0x04,0x8D,0x13,0x04,0x4C,0xF7,0xE5,
    0xA5,0x13,0x20,0xE2,0xE5,0x23,0xAA,0xA9,0xAA,0xA9,0xAA,0xC4,0xAB,0x7F,0xAB,0x0F,
    0x12,0x16,0x2A,0x20,0xF7,0xE5,0xEE,0x06,0x05,0xAD,0x06,0x05,0xC9,0xC0,0xF0,0x20,
    0x20,0x62,0xAA,0xAE,0x06,0x05,0xE0,0x40,0x90,0x15,0xA0,0x23,0xB9,0x7E,0x6B,0x99,
    0x02,0x03,0x88,0x10,0xF7,0x8A,0x29,0x03,0xAA,0xBD,0x1F,0xAA,0x8D,0x15,0x03,0x60,
    0xA9,0x10,0x8D,0x00,0x06,0xA9,0x40,0x85,0x28,0xA9,0x40,0x85,0x4D,0xE6,0x13,0x4C,
    0x33,0xAA,0xA5,0x70,0x85,0x83,0xA5,0x84,0x38,0xE9,0x10,0x85,0x97,0xA2,0x00,0x20,
    0x93,0xFA,0x20,0x88,0x79,0x85,0x0C,0xA9,0x48,0x8D,0x43,0x03,0xA9,0x4C,0x8D,0x44,
    0x03,0xA0,0x21,0x20,0x2C,0x79,0xA9,0x1B,0xA2,0x13,0x20,0x0E,0xE7,0xA2,0x01,0x20,
    0x93,0xFA,0x8A,0x20,0xDB,0x77,0xA5,0x71,0x85,0x72,0xA5,0x85,0x38,0xE9,0x10,0x85,
    0x86,0xA2,0x02,0xA9,0x1B,0x20,0x0E,0xE7,0x60,0xA5,0x4D,0xF0,0x1A,0x20,0xF7,0xE5,
    0xA5,0x4D,0xC9,0x04,0x90,0x10,0x20,0x62,0xAA,0xA5,0x13,0xC9,0x01,0xD0,0x07,0xA5,
    0x28,0xD0,0x03,0x20,0x3C,0xAB,0x60,0xA9,0x6A,0x85,0x14,0xE6,0x13,0x60,0x22,0xA4,
    0x01,0x24,0xFF,0xAC,0xAD,0xAE,0xAF,0xB0,0xB1,0xB2,0xB3,0xE4,0xE5,0xE6,0xE7,0xE8,
    0xE9,0xEA,0xEB,0xEC,0xED,0xEE,0xEF,0xF0,0xF1,0xF2,0xF3,0xF4,0xF5,0xF6,0xF7,0xF8,
    0xF9,0xFA,0xFB,0x46,0x47,0x48,0x49,0x4A,0x4B,0x4C,0x4D,0x4E,0x4F,0x50,0x51,0x52,
    0x53,0x54,0x55,0x56,0x57,0x58,0x59,0x0F,0x12,0x17,0x0A,0x15,0x15,0x22,0x28,0x19,
    0x0E,0x0A,0x0C,0x0E,0x24,0x1B,0x0E,0x1D,0x1E,0x1B,0x17,0x1C,0x24,0x1D,0x18,0x24,
    0x11,0x22,0x1B,0x1E,0x15,0x0E,0x2C,0x1D,0x11,0x12,0x1C,0x24,0x0E,0x17,0x0D,0x1C,
    0x24,0x1D,0x11,0x0E,0x24,0x1C,0x1D,0x18,0x1B,0x22,0x2C,0xFF,0xEE,0x12,0x04,0xAD,
    0x12,0x04,0x29,0x07,0xC9,0x04,0xD0,0x33,0xA0,0x04,0xB9,0xCE,0xAA,0x99,0x02,0x03,
    0x88,0x10,0xF7,0xAC,0x13,0x04,0xB9,0x07,0xAB,0xC9,0xFF,0xF0,0x1F,0x8D,0x05,0x03,
    0xC9,0x24,0xF0,0x05,0xA9,0x10,0x8D,0x04,0x06,0xEE,0x13,0x04,0xB9,0xD3,0xAA,0x8D,
    0x03,0x03,0xC9,0xA0,0xB0,0x05,0xA9,0x23,0x8D,0x02,0x03,0x60,0xE6,0x13,0x60,0x20,
    0xF7,0xE5,0xA2,0x02,0xA9,0x78,0x95,0x70,0xA9,0x88,0x95,0x84,0xA9,0x0E,0x20,0x0E,
    0xE7,0xA2,0x02,0xA9,0x3E,0x9D,0x4F,0x03,0x20,0xB8,0xAB,0xA5,0x28,0xD0,0xDF,0xA5,
    0xF8,0x29,0x10,0xF0,0xD9,0x20,0xA3,0xEB,0xA9,0x0D,0x85,0x12,0x20,0x25,0xE6,0x20,
    0x6D,0xE4,0x20,0xE9,0x6E,0x4C,0x5A,0xAF,0x20,0x93,0xFA,0xA9,0x0B,0x4C,0xDF,0x77,
    0x02,0x03,0x78,0x00,0xAD,0x0B,0x05,0xC9,0x08,0x30,0x0B,0xAD,0x0B,0x05,0xE9,0x08,
    0x8D,0x0B,0x05,0x20,0x13,0xAE,0xA5,0x58,0x18,0x69,0x80,0x85,0x58,0x90,0x03,0xEE,
    0x0B,0x05,0xA5,0xFC,0x69,0x00,0x85,0xFC,0xC9,0xF0,0xA9,0x00,0x90,0x05,0x85,0xFC,
    0xEE,0xE2,0x00,0x2A,0x85,0x5C,0xA0,0x00,0xA6,0x16,0xBD,0x2D,0x06,0xF0,0x01,0xC8,
    0xAD,0xE2,0x00,0xD9,0xC0,0xAB,0x90,0x0D,0xA5,0xFC,0xD9,0xC2,0xAB,0x90,0x06,0xE6,
    0x13,0xA9,0x40,0x85,0x28,0x60,0x28,0x29,0x2A,0x2B,0x20,0x21,0x22,0x23,0x28,0x29,
    0x2A,0x2B,0x46,0x10,0x90,0x84,0x24,0x30,0x01,0x48,0x03,0x25,0x05,0x40,0x5C,0x65,
    0x70,0x88,0xA0,0xB8,0xC8,0xE0,0xF8,0x06,0x14,0x1B,0x33,0x4D,0x59,0x72,0x82,0x92,
    0xA1,0xB6,0xC9,0xD1,0xEA,0xAC,0xAC,0xAC,0xAC,0xAC,0xAC,0xAC,0xAC,0xAC,0xAD,0xAD,
    0xAD,0xAD,0xAD,0xAD,0xAD,0xAD,0xAD,0xAD,0xAD,0xAD,0xAD,0xAD,0x07,0x0D,0x24,0x1C,
    0x1D,0x0A,0x0F,0x0F,0x24,0x09,0x05,0x0E,0x21,0x0E,0x0C,0x1E,0x1D,0x12,0x1F,0x0E,
    0x16,0x05,0x19,0x1B,0x18,0x0D,0x1E,0x0C,0x0E,0x1B,0x63,0x63,0x63,0x24,0x11,0x63,
    0x22,0x0A,0x16,0x0A,0x1E,0x0C,0x11,0x12,0x16,0x05,0x19,0x1B,0x18,0x0D,0x1E,0x0C,
    0x0E,0x1B,0x63,0x63,0x63,0x63,0x24,0x1C,0x63,0x16,0x12,0x22,0x0A,0x11,0x18,0x17,
    0x16,0x05,0x0D,0x12,0x1B,0x0E,0x0C,0x1D,0x18,0x1B,0x63,0x63,0x63,0x63,0x24,0x1C,
    0x63,0x16,0x12,0x22,0x0A,0x11,0x18,0x17,0x0E,0x0D,0x63,0x63,0x63,0x63,0x63,0x63,
    0x24,0x1D,0x0E,0x17,0x24,0x1D,0x0E,0x17,0x16,0x05,0x0D,0x0E,0x1C,0x12,0x10,0x17,
    0x0E,0x1B,0x63,0x63,0x63,0x63,0x63,0x63,0x24,0x1D,0x0E,0x17,0x24,0x1D,0x0E,0x17,
    0x16,0x05,0x19,0x1B,0x18,0x10,0x1B,0x0A,0x16,0x16,0x0E,0x1B,0x63,0x63,0x24,0x1D,
    0x63,0x17,0x0A,0x14,0x0A,0x23,0x18,0x18,0x0C,0x0F,0x63,0x63,0x63,0x63,0x63,0x24,
    0x22,0x0A,0x0C,0x11,0x0A,0x17,0x0C,0x0F,0x63,0x63,0x63,0x24,0x16,0x0A,0x1B,0x1E,
    0x16,0x0A,0x1B,0x1E,0x05,0x05,0x1C,0x18,0x1E,0x17,0x0D,0x16,0x05,0x0C,0x18,0x16,
    0x19,0x18,0x1C,0x0E,0x1B,0x63,0x63,0x63,0x63,0x63,0x63,0x24,0x14,0x18,0x17,0x0C,
    0x11,0x0A,0x17,0x18,0x04,0x0A,0x17,0x18,0x1D,0x11,0x0E,0x1B,0x24,0x1A,0x1E,0x0E,
    0x1C,0x1D,0x24,0x20,0x12,0x15,0x15,0x24,0x1C,0x1D,0x0A,0x1B,0x1D,0x0A,0x0B,0x0F,
    0x1B,0x18,0x16,0x24,0x11,0x0E,0x1B,0x0E,0x2C,0x17,0x05,0x19,0x1B,0x0E,0x1C,0x1C,
    0x24,0x1D,0x11,0x0E,0x24,0x1C,0x1D,0x0A,0x1B,0x1D,0x24,0x0B,0x1E,0x1D,0x1D,0x18,
    0x17,0x2C,0x0E,0x09,0xFC,0x01,0x09,0x08,0x06,0x24,0x17,0x12,0x17,0x1D,0x0E,0x17,
    0x0D,0x18,0x0E,0x09,0x22,0x18,0x1E,0x24,0x0A,0x1B,0x0E,0x24,0x10,0x1B,0x0E,0x0A,
    0x1D,0x63,0x0D,0x09,0x24,0x24,0x24,0x24,0x24,0x24,0x24,0x24,0x24,0x62,0x24,0x24,
    0x24,0x13,0x06,0x22,0x18,0x1E,0x24,0x11,0x0A,0x1F,0x0E,0x24,0x0A,0x17,0x24,0x0A,
    0x16,0x0A,0x23,0x12,0x17,0x10,0x11,0x08,0x20,0x12,0x1C,0x0D,0x18,0x16,0x24,0x0A,
    0x17,0x0D,0x24,0x19,0x18,0x20,0x0E,0x1B,0x63,0x06,0x0D,0x0E,0x17,0x0D,0x24,0x18,
    0x0F,0x17,0x04,0x2D,0x1D,0x11,0x0E,0x24,0x15,0x0E,0x10,0x0E,0x17,0x0D,0x24,0x18,
    0x0F,0x24,0x23,0x0E,0x15,0x0D,0x0A,0x24,0x01,0x2D,0x0E,0x09,0xFC,0x01,0x09,0x08,
    0x06,0x24,0x17,0x12,0x17,0x1D,0x0E,0x17,0x0D,0x18,0x00,0xAA,0xFF,0xFF,0x55,0xAA,
    0xAA,0xFF,0xFF,0xFF,0x55,0x00,0x00,0x00,0x00,0x00,0x00,0x00,0x50,0x00,0x00,0x00,
    0xAA,0x00,0x00,0xA0,0x1F,0xA9,0x24,0x99,0x05,0x03,0x88,0x10,0xFA,0xAD,0x0A,0x05,
    0xF0,0x1C,0xC9,0x01,0xF0,0x06,0xC9,0x2E,0x90,0x0C,0xD0,0x12,0xA0,0x19,0xA9,0xFA,
    0x99,0x08,0x03,0x88,0x10,0xFA,0xA9,0xFA,0x8D,0x08,0x03,0x8D,0x21,0x03,0xA9,0xFF,
    0x8D,0x25,0x03,0x8D,0x30,0x03,0xA9,0x20,0x8D,0x04,0x03,0xAE,0x0C,0x05,0xBD,0x16,
    0xAC,0x8D,0x02,0x03,0xAD,0x0D,0x05,0xA8,0x0A,0x0A,0x0A,0x0A,0x0A,0x8D,0x03,0x03,
    0xBD,0x22,0xAC,0x0A,0x88,0x10,0xFC,0x90,0x79,0xAC,0x0E,0x05,0xC0,0x17,0xB0,0x72,
    0xA6,0x16,0xBD,0x2D,0x06,0xD0,0x04,0xC0,0x10,0xB0,0x64,0xA6,0x16,0xBD,0x2D,0x06,
    0xF0,0x08,0xC0,0x0C,0x90,0x04,0xC0,0x10,0x90,0x55,0xB9,0x2E,0xAC,0x85,0x00,0xB9,
    0x45,0xAC,0x85,0x01,0xA0,0x00,0xB1,0x00,0x85,0x02,0xC8,0xB1,0x00,0xAA,0xC8,0xB1,
    0x00,0x9D,0x05,0x03,0xC8,0xE8,0xC6,0x02,0xD0,0xF5,0xAC,0x0E,0x05,0xC0,0x0C,0x90,
    0x2E,0xC0,0x11,0xD0,0x2A,0xA5,0x16,0x0A,0x0A,0x0A,0xA8,0xA2,0x00,0xB9,0x38,0x06,
    0x9D,0x0E,0x03,0xC8,0xE8,0xE0,0x08,0x90,0xF4,0xAC,0x16,0x00,0xB9,0x30,0x06,0x20,
    0x55,0x6E,0xA2,0x02,0xB5,0x01,0x9D,0x18,0x03,0xCA,0x10,0xF8,0xAC,0x0E,0x05,0xEE,
    0x0E,0x05,0xEE,0x0D,0x05,0xAD,0x0C,0x05,0x29,0x03,0xC9,0x03,0xA9,0x08,0x90,0x02,
    0xA9,0x06,0xCD,0x0D,0x05,0xD0,0x11,0xA9,0x00,0x8D,0x0D,0x05,0xAC,0x0C,0x05,0xC8,
    0xC0,0x0C,0x90,0x01,0xA8,0x8C,0x0C,0x05,0xAD,0x0A,0x05,0x4A,0xB0,0x35,0x4A,0xB0,
    0x32,0xA2,0x00,0x8E,0x28,0x03,0x8E,0x2F,0x03,0xA8,0xB9,0xFA,0xAD,0xA0,0x05,0x99,
    0x29,0x03,0x88,0x10,0xFA,0xA0,0x23,0xAD,0x02,0x03,0x29,0x08,0xF0,0x02,0xA0,0x2B,
    0x8C,0x25,0x03,0xAD,0x0A,0x05,0x29,0x1F,0x0A,0x69,0xC0,0x8D,0x26,0x03,0xA9,0x08,
    0x8D,0x27,0x03,0xAC,0x0A,0x05,0xC8,0x98,0x29,0x1F,0xC9,0x1E,0x90,0x02,0xC8,0xC8,
    0x8C,0x0A,0x05,0x60,0x7F,0x06,0xFF,0x06,0x7F,0x07,0xA2,0x04,0xBD,0x54,0xAF,0x85,
    0x00,0xBD,0x55,0xAF,0x85,0x01,0xA0,0x7F,0xA9,0x00,0x91,0x00,0x88,0x10,0xFB,0xCA,
    0xCA,0x10,0xE9,0xA0,0x27,0x99,0x57,0x06,0x88,0x10,0xFA,0xA9,0x22,0x8D,0x6F,0x06,
    0xCE,0x70,0x06,0xA9,0x08,0x8D,0x7C,0x06,0xA4,0x16,0xA9,0x01,0x99,0x2D,0x06,0x60,
    0xFF,0xFF,0xFF,0xFF,0xFF,0xFF,0xFF,0xFF,0xFF,0xFF,0xFF,0xFF,0xFF,0xFF,0xFF,0xFF,
    0xFF,0xFF,0xFF,0xFF,0xFF,0xFF,0xFF,0xFF,0xFF,0xFF,0xFF,0xFF,0xFF,0xFF,0xFF,0xFF,
    0xFF,0xFF,0xFF,0xFF,0xFF,0xFF,0xFF,0xFF,0xFF,0xFF,0xFF,0xFF,0xFF,0xFF,0xFF,0xFF,
    0xFF,0xFF,0xFF,0xFF,0xFF,0xFF,0xFF,0xFF,0xFF,0xFF,0xFF,0xFF,0xFF,0xFF,0xFF,0xFF,
    0xFF,0xFF,0xFF,0xFF,0xFF,0xFF,0xFF,0xFF,0xFF,0xFF,0xFF,0xFF,0xFF,0xFF,0xFF,0xFF,
    0xFF,0xFF,0xFF,0xFF,0xFF,0xFF,0xFF,0xFF,0xFF,0xFF,0xFF,0xFF,0xFF,0xFF,0xFF,0xFF,
    0xFF,0xFF,0xFF,0xFF,0xFF,0xFF,0xFF,0xFF,0xFF,0xFF,0xFF,0xFF,0xFF,0xFF,0xFF,0xFF,
    0xFF,0xFF,0xFF,0xFF,0xFF,0xFF,0xFF,0xFF,0xFF,0xFF,0xFF,0xFF,0xFF,0xFF,0xFF,0xFF,
    0xFF,0xFF,0xFF,0xFF,0xFF,0xFF,0xFF,0xFF,0xFF,0xFF,0xFF,0xFF,0xFF,0xFF,0xFF,0xFF,
    0xFF,0xFF,0xFF,0xFF,0xFF,0xFF,0xFF,0xFF,0xFF,0xFF,0xFF,0xFF,0xFF,0xFF,0xFF,0xFF,
    0xFF,0xFF,0xFF,0xFF,0xFF,0xFF,0xFF,0xFF,0xFF,0xFF,0xFF,0xFF,0xFF,0xFF,0xFF,0xFF,
    0xFF,0xFF,0xFF,0xFF,0xFF,0xFF,0xFF,0xFF,0xFF,0xFF,0xFF,0xFF,0xFF,0xFF,0xFF,0xFF,
    0xFF,0xFF,0xFF,0xFF,0xFF,0xFF,0xFF,0xFF,0xFF,0xFF,0xFF,0xFF,0xFF,0xFF,0xFF,0xFF,
    0xFF,0xFF,0xFF,0xFF,0xFF,0xFF,0xFF,0xFF,0xFF,0xFF,0xFF,0xFF,0xFF,0xFF,0xFF,0xFF,
    0xFF,0xFF,0xFF,0xFF,0xFF,0xFF,0xFF,0xFF,0xFF,0xFF,0xFF,0xFF,0xFF,0xFF,0xFF,0xFF,
    0xFF,0xFF,0xFF,0xFF,0xFF,0xFF,0xFF,0xFF,0xFF,0xFF,0xFF,0xFF,0xFF,0xFF,0xFF,0xFF,
    0xFF,0xFF,0xFF,0xFF,0xFF,0xFF,0xFF,0xFF,0xFF,0xFF,0xFF,0xFF,0xFF,0xFF,0xFF,0xFF,
    0xFF,0xFF,0xFF,0xFF,0xFF,0xFF,0xFF,0xFF,0xFF,0xFF,0xFF,0xFF,0xFF,0xFF,0xFF,0xFF,
    0xFF,0xFF,0xFF,0xFF,0xFF,0xFF,0xFF,0xFF,0xFF,0xFF,0xFF,0xFF,0xFF,0xFF,0xFF,0xFF,
    0xFF,0xFF,0xFF,0xFF,0xFF,0xFF,0xFF,0xFF,0xFF,0xFF,0xFF,0xFF,0xFF,0xFF,0xFF,0xFF,
    0xFF,0xFF,0xFF,0xFF,0xFF,0xFF,0xFF,0xFF,0xFF,0xFF,0xFF,0xFF,0xFF,0xFF,0xFF,0xFF,
    0xFF,0xFF,0xFF,0xFF,0xFF,0xFF,0xFF,0xFF,0xFF,0xFF,0xFF,0xFF,0xFF,0xFF,0xFF,0xFF,
    0xFF,0xFF,0xFF,0xFF,0xFF,0xFF,0xFF,0xFF,0xFF,0xFF,0xFF,0xFF,0xFF,0xFF,0xFF,0xFF,
    0xFF,0xFF,0xFF,0xFF,0xFF,0xFF,0xFF,0xFF,0xFF,0xFF,0xFF,0xFF,0xFF,0xFF,0xFF,0xFF,
    0xFF,0xFF,0xFF,0xFF,0xFF,0xFF,0xFF,0xFF,0xFF,0xFF,0xFF,0xFF,0xFF,0xFF,0xFF,0xFF,
    0xFF,0xFF,0xFF,0xFF,0xFF,0xFF,0xFF,0xFF,0xFF,0xFF,0xFF,0xFF,0xFF,0xFF,0xFF,0xFF,
    0xFF,0xFF,0xFF,0xFF,0xFF,0xFF,0xFF,0xFF,0xFF,0xFF,0xFF,0xFF,0xFF,0xFF,0xFF,0xFF,
    0xFF,0xFF,0xFF,0xFF,0xFF,0xFF,0xFF,0xFF,0xFF,0xFF,0xFF,0xFF,0xFF,0xFF,0xFF,0xFF,
    0xFF,0xFF,0xFF,0xFF,0xFF,0xFF,0xFF,0xFF,0xFF,0xFF,0xFF,0xFF,0xFF,0xFF,0xFF,0xFF,
    0xFF,0xFF,0xFF,0xFF,0xFF,0xFF,0xFF,0xFF,0xFF,0xFF,0xFF,0xFF,0xFF,0xFF,0xFF,0xFF,
    0xFF,0xFF,0xFF,0xFF,0xFF,0xFF,0xFF,0xFF,0xFF,0xFF,0xFF,0xFF,0xFF,0xFF,0xFF,0xFF,
    0xFF,0xFF,0xFF,0xFF,0xFF,0xFF,0xFF,0xFF,0xFF,0xFF,0xFF,0xFF,0xFF,0xFF,0xFF,0xFF,
    0xFF,0xFF,0xFF,0xFF,0xFF,0xFF,0xFF,0xFF,0xFF,0xFF,0xFF,0xFF,0xFF,0xFF,0xFF,0xFF,
    0xFF,0xFF,0xFF,0xFF,0xFF,0xFF,0xFF,0xFF,0xFF,0xFF,0xFF,0xFF,0xFF,0xFF,0xFF,0xFF,
    0xFF,0xFF,0xFF,0xFF,0xFF,0xFF,0xFF,0xFF,0xFF,0xFF,0xFF,0xFF,0xFF,0xFF,0xFF,0xFF,
    0xFF,0xFF,0xFF,0xFF,0xFF,0xFF,0xFF,0xFF,0xFF,0xFF,0xFF,0xFF,0xFF,0xFF,0xFF,0xFF,
    0xFF,0xFF,0xFF,0xFF,0xFF,0xFF,0xFF,0xFF,0xFF,0xFF,0xFF,0xFF,0xFF,0xFF,0xFF,0xFF,
    0xFF,0xFF,0xFF,0xFF,0xFF,0xFF,0xFF,0xFF,0xFF,0xFF,0xFF,0xFF,0xFF,0xFF,0xFF,0xFF,
    0xFF,0xFF,0xFF,0xFF,0xFF,0xFF,0xFF,0xFF,0xFF,0xFF,0xFF,0xFF,0xFF,0xFF,0xFF,0xFF,
    0xFF,0xFF,0xFF,0xFF,0xFF,0xFF,0xFF,0xFF,0xFF,0xFF,0xFF,0xFF,0xFF,0xFF,0xFF,0xFF,
    0xFF,0xFF,0xFF,0xFF,0xFF,0xFF,0xFF,0xFF,0xFF,0xFF,0xFF,0xFF,0xFF,0xFF,0xFF,0xFF,
    0xFF,0xFF,0xFF,0xFF,0xFF,0xFF,0xFF,0xFF,0xFF,0xFF,0xFF,0xFF,0xFF,0xFF,0xFF,0xFF,
    0xFF,0xFF,0xFF,0xFF,0xFF,0xFF,0xFF,0xFF,0xFF,0xFF,0xFF,0xFF,0xFF,0xFF,0xFF,0xFF,
    0xFF,0xFF,0xFF,0xFF,0xFF,0xFF,0xFF,0xFF,0xFF,0xFF,0xFF,0xFF,0xFF,0xFF,0xFF,0xFF,
    0xFF,0xFF,0xFF,0xFF,0xFF,0xFF,0xFF,0xFF,0xFF,0xFF,0xFF,0xFF,0xFF,0xFF,0xFF,0xFF,
    0xFF,0xFF,0xFF,0xFF,0xFF,0xFF,0xFF,0xFF,0xFF,0xFF,0xFF,0xFF,0xFF,0xFF,0xFF,0xFF,
    0xFF,0xFF,0xFF,0xFF,0xFF,0xFF,0xFF,0xFF,0xFF,0xFF,0xFF,0xFF,0xFF,0xFF,0xFF,0xFF,
    0xFF,0xFF,0xFF,0xFF,0xFF,0xFF,0xFF,0xFF,0xFF,0xFF,0xFF,0xFF,0xFF,0xFF,0xFF,0xFF,
    0xFF,0xFF,0xFF,0xFF,0xFF,0xFF,0xFF,0xFF,0xFF,0xFF,0xFF,0xFF,0xFF,0xFF,0xFF,0xFF,
    0xFF,0xFF,0xFF,0xFF,0xFF,0xFF,0xFF,0xFF,0xFF,0xFF,0xFF,0xFF,0xFF,0xFF,0xFF,0xFF,
    0xFF,0xFF,0xFF,0xFF,0xFF,0xFF,0xFF,0xFF,0xFF,0xFF,0xFF,0xFF,0xFF,0xFF,0xFF,0xFF,
    0xFF,0xFF,0xFF,0xFF,0xFF,0xFF,0xFF,0xFF,0xFF,0xFF,0xFF,0xFF,0xFF,0xFF,0xFF,0xFF,
    0xFF,0xFF,0xFF,0xFF,0xFF,0xFF,0xFF,0xFF,0xFF,0xFF,0xFF,0xFF,0xFF,0xFF,0xFF,0xFF,
    0xFF,0xFF,0xFF,0xFF,0xFF,0xFF,0xFF,0xFF,0xFF,0xFF,0xFF,0xFF,0xFF,0xFF,0xFF,0xFF,
    0xFF,0xFF,0xFF,0xFF,0xFF,0xFF,0xFF,0xFF,0xFF,0xFF,0xFF,0xFF,0xFF,0xFF,0xFF,0xFF,
    0xFF,0xFF,0xFF,0xFF,0xFF,0xFF,0xFF,0xFF,0xFF,0xFF,0xFF,0xFF,0xFF,0xFF,0xFF,0xFF,
    0xFF,0xFF,0xFF,0xFF,0xFF,0xFF,0xFF,0xFF,0xFF,0xFF,0xFF,0xFF,0xFF,0xFF,0xFF,0xFF,
    0xFF,0xFF,0xFF,0xFF,0xFF,0xFF,0xFF,0xFF,0xFF,0xFF,0xFF,0xFF,0xFF,0xFF,0xFF,0xFF,
    0xFF,0xFF,0xFF,0xFF,0xFF,0xFF,0xFF,0xFF,0xFF,0xFF,0xFF,0xFF,0xFF,0xFF,0xFF,0xFF,
    0xFF,0xFF,0xFF,0xFF,0xFF,0xFF,0xFF,0xFF,0xFF,0xFF,0xFF,0xFF,0xFF,0xFF,0xFF,0xFF,
    0xFF,0xFF,0xFF,0xFF,0xFF,0xFF,0xFF,0xFF,0xFF,0xFF,0xFF,0xFF,0xFF,0xFF,0xFF,0xFF,
    0xFF,0xFF,0xFF,0xFF,0xFF,0xFF,0xFF,0xFF,0xFF,0xFF,0xFF,0xFF,0xFF,0xFF,0xFF,0xFF,
    0xFF,0xFF,0xFF,0xFF,0xFF,0xFF,0xFF,0xFF,0xFF,0xFF,0xFF,0xFF,0xFF,0xFF,0xFF,0xFF,
    0xFF,0xFF,0xFF,0xFF,0xFF,0xFF,0xFF,0xFF,0xFF,0xFF,0xFF,0xFF,0xFF,0xFF,0xFF,0xFF,
    0xFF,0xFF,0xFF,0xFF,0xFF,0xFF,0xFF,0xFF,0xFF,0xFF,0xFF,0xFF,0xFF,0xFF,0xFF,0xFF,
    0xFF,0xFF,0xFF,0xFF,0xFF,0xFF,0xFF,0xFF,0xFF,0xFF,0xFF,0xFF,0xFF,0xFF,0xFF,0xFF,
    0xFF,0xFF,0xFF,0xFF,0xFF,0xFF,0xFF,0xFF,0xFF,0xFF,0xFF,0xFF,0xFF,0xFF,0xFF,0xFF,
    0xFF,0xFF,0xFF,0xFF,0xFF,0xFF,0xFF,0xFF,0xFF,0xFF,0xFF,0xFF,0xFF,0xFF,0xFF,0xFF,
    0xFF,0xFF,0xFF,0xFF,0xFF,0xFF,0xFF,0xFF,0xFF,0xFF,0xFF,0xFF,0xFF,0xFF,0xFF,0xFF,
    0xFF,0xFF,0xFF,0xFF,0xFF,0xFF,0xFF,0xFF,0xFF,0xFF,0xFF,0xFF,0xFF,0xFF,0xFF,0xFF,
    0xFF,0xFF,0xFF,0xFF,0xFF,0xFF,0xFF,0xFF,0xFF,0xFF,0xFF,0xFF,0xFF,0xFF,0xFF,0xFF,
    0xFF,0xFF,0xFF,0xFF,0xFF,0xFF,0xFF,0xFF,0xFF,0xFF,0xFF,0xFF,0xFF,0xFF,0xFF,0xFF,
    0xFF,0xFF,0xFF,0xFF,0xFF,0xFF,0xFF,0xFF,0xFF,0xFF,0xFF,0xFF,0xFF,0xFF,0xFF,0xFF,
    0xFF,0xFF,0xFF,0xFF,0xFF,0xFF,0xFF,0xFF,0xFF,0xFF,0xFF,0xFF,0xFF,0xFF,0xFF,0xFF,
    0xFF,0xFF,0xFF,0xFF,0xFF,0xFF,0xFF,0xFF,0xFF,0xFF,0xFF,0xFF,0xFF,0xFF,0xFF,0xFF,
    0xFF,0xFF,0xFF,0xFF,0xFF,0xFF,0xFF,0xFF,0xFF,0xFF,0xFF,0xFF,0xFF,0xFF,0xFF,0xFF,
    0xFF,0xFF,0xFF,0xFF,0xFF,0xFF,0xFF,0xFF,0xFF,0xFF,0xFF,0xFF,0xFF,0xFF,0xFF,0xFF,
    0xFF,0xFF,0xFF,0xFF,0xFF,0xFF,0xFF,0xFF,0xFF,0xFF,0xFF,0xFF,0xFF,0xFF,0xFF,0xFF,
    0xFF,0xFF,0xFF,0xFF,0xFF,0xFF,0xFF,0xFF,0xFF,0xFF,0xFF,0xFF,0xFF,0xFF,0xFF,0xFF,
    0xFF,0xFF,0xFF,0xFF,0xFF,0xFF,0xFF,0xFF,0xFF,0xFF,0xFF,0xFF,0xFF,0xFF,0xFF,0xFF,
    0xFF,0xFF,0xFF,0xFF,0xFF,0xFF,0xFF,0xFF,0xFF,0xFF,0xFF,0xFF,0xFF,0xFF,0xFF,0xFF,
    0xFF,0xFF,0xFF,0xFF,0xFF,0xFF,0xFF,0xFF,0xFF,0xFF,0xFF,0xFF,0xFF,0xFF,0xFF,0xFF,
    0xFF,0xFF,0xFF,0xFF,0xFF,0xFF,0xFF,0xFF,0xFF,0xFF,0xFF,0xFF,0xFF,0xFF,0xFF,0xFF,
    0xFF,0xFF,0xFF,0xFF,0xFF,0xFF,0xFF,0xFF,0xFF,0xFF,0xFF,0xFF,0xFF,0xFF,0xFF,0xFF,
    0xFF,0xFF,0xFF,0xFF,0xFF,0xFF,0xFF,0xFF,0xFF,0xFF,0xFF,0xFF,0xFF,0xFF,0xFF,0xFF,
    0xFF,0xFF,0xFF,0xFF,0xFF,0xFF,0xFF,0xFF,0xFF,0xFF,0xFF,0xFF,0xFF,0xFF,0xFF,0xFF,
    0xFF,0xFF,0xFF,0xFF,0xFF,0xFF,0xFF,0xFF,0xFF,0xFF,0xFF,0xFF,0xFF,0xFF,0xFF,0xFF,
    0xFF,0xFF,0xFF,0xFF,0xFF,0xFF,0xFF,0xFF,0xFF,0xFF,0xFF,0xFF,0xFF,0xFF,0xFF,0xFF,
    0xFF,0xFF,0xFF,0xFF,0xFF,0xFF,0xFF,0xFF,0xFF,0xFF,0xFF,0xFF,0xFF,0xFF,0xFF,0xFF,
    0xFF,0xFF,0xFF,0xFF,0xFF,0xFF,0xFF,0xFF,0xFF,0xFF,0xFF,0xFF,0xFF,0xFF,0xFF,0xFF,
    0xFF,0xFF,0xFF,0xFF,0xFF,0xFF,0xFF,0xFF,0xFF,0xFF,0xFF,0xFF,0xFF,0xFF,0xFF,0xFF,
    0xFF,0xFF,0xFF,0xFF,0xFF,0xFF,0xFF,0xFF,0xFF,0xFF,0xFF,0xFF,0xFF,0xFF,0xFF,0xFF,
    0xFF,0xFF,0xFF,0xFF,0xFF,0xFF,0xFF,0xFF,0xFF,0xFF,0xFF,0xFF,0xFF,0xFF,0xFF,0xFF,
    0xFF,0xFF,0xFF,0xFF,0xFF,0xFF,0xFF,0xFF,0xFF,0xFF,0xFF,0xFF,0xFF,0xFF,0xFF,0xFF,
    0xFF,0xFF,0xFF,0xFF,0xFF,0xFF,0xFF,0xFF,0xFF,0xFF,0xFF,0xFF,0xFF,0xFF,0xFF,0xFF,
    0xFF,0xFF,0xFF,0xFF,0xFF,0xFF,0xFF,0xFF,0xFF,0xFF,0xFF,0xFF,0xFF,0xFF,0xFF,0xFF,
    0xFF,0xFF,0xFF,0xFF,0xFF,0xFF,0xFF,0xFF,0xFF,0xFF,0xFF,0xFF,0xFF,0xFF,0xFF,0xFF,
    0xFF,0xFF,0xFF,0xFF,0xFF,0xFF,0xFF,0xFF,0xFF,0xFF,0xFF,0xFF,0xFF,0xFF,0xFF,0xFF,
    0xFF,0xFF,0xFF,0xFF,0xFF,0xFF,0xFF,0xFF,0xFF,0xFF,0xFF,0xFF,0xFF,0xFF,0xFF,0xFF,
    0xFF,0xFF,0xFF,0xFF,0xFF,0xFF,0xFF,0xFF,0xFF,0xFF,0xFF,0xFF,0xFF,0xFF,0xFF,0xFF,
    0xFF,0xFF,0xFF,0xFF,0xFF,0xFF,0xFF,0xFF,0xFF,0xFF,0xFF,0xFF,0xFF,0xFF,0xFF,0xFF,
    0xFF,0xFF,0xFF,0xFF,0xFF,0xFF,0xFF,0xFF,0xFF,0xFF,0xFF,0xFF,0xFF,0xFF,0xFF,0xFF,
    0xFF,0xFF,0xFF,0xFF,0xFF,0xFF,0xFF,0xFF,0xFF,0xFF,0xFF,0xFF,0xFF,0xFF,0xFF,0xFF,
    0xFF,0xFF,0xFF,0xFF,0xFF,0xFF,0xFF,0xFF,0xFF,0xFF,0xFF,0xFF,0xFF,0xFF,0xFF,0xFF,
    0xFF,0xFF,0xFF,0xFF,0xFF,0xFF,0xFF,0xFF,0xFF,0xFF,0xFF,0xFF,0xFF,0xFF,0xFF,0xFF,
    0xFF,0xFF,0xFF,0xFF,0xFF,0xFF,0xFF,0xFF,0xFF,0xFF,0xFF,0xFF,0xFF,0xFF,0xFF,0xFF,
    0xFF,0xFF,0xFF,0xFF,0xFF,0xFF,0xFF,0xFF,0xFF,0xFF,0xFF,0xFF,0xFF,0xFF,0xFF,0xFF,
    0xFF,0xFF,0xFF,0xFF,0xFF,0xFF,0xFF,0xFF,0xFF,0xFF,0xFF,0xFF,0xFF,0xFF,0xFF,0xFF,
    0xFF,0xFF,0xFF,0xFF,0xFF,0xFF,0xFF,0xFF,0xFF,0xFF,0xFF,0xFF,0xFF,0xFF,0xFF,0xFF,
    0xFF,0xFF,0xFF,0xFF,0xFF,0xFF,0xFF,0xFF,0xFF,0xFF,0xFF,0xFF,0xFF,0xFF,0xFF,0xFF,
    0xFF,0xFF,0xFF,0xFF,0xFF,0xFF,0xFF,0xFF,0xFF,0xFF,0xFF,0xFF,0xFF,0xFF,0xFF,0xFF,
    0xFF,0xFF,0xFF,0xFF,0xFF,0xFF,0xFF,0xFF,0xFF,0xFF,0xFF,0xFF,0xFF,0xFF,0xFF,0xFF,
    0xFF,0xFF,0xFF,0xFF,0xFF,0xFF,0xFF,0xFF,0xFF,0xFF,0xFF,0xFF,0xFF,0xFF,0xFF,0xFF,
    0xFF,0xFF,0xFF,0xFF,0xFF,0xFF,0xFF,0xFF,0xFF,0xFF,0xFF,0xFF,0xFF,0xFF,0xFF,0xFF,
    0xFF,0xFF,0xFF,0xFF,0xFF,0xFF,0xFF,0xFF,0xFF,0xFF,0xFF,0xFF,0xFF,0xFF,0xFF,0xFF,
    0xFF,0xFF,0xFF,0xFF,0xFF,0xFF,0xFF,0xFF,0xFF,0xFF,0xFF,0xFF,0xFF,0xFF,0xFF,0xFF,
    0xFF,0xFF,0xFF,0xFF,0xFF,0xFF,0xFF,0xFF,0xFF,0xFF,0xFF,0xFF,0xFF,0xFF,0xFF,0xFF,
    0xFF,0xFF,0xFF,0xFF,0xFF,0xFF,0xFF,0xFF,0xFF,0xFF,0xFF,0xFF,0xFF,0xFF,0xFF,0xFF,
    0xFF,0xFF,0xFF,0xFF,0xFF,0xFF,0xFF,0xFF,0xFF,0xFF,0xFF,0xFF,0xFF,0xFF,0xFF,0xFF,
    0xFF,0xFF,0xFF,0xFF,0xFF,0xFF,0xFF,0xFF,0xFF,0xFF,0xFF,0xFF,0xFF,0xFF,0xFF,0xFF,
    0xFF,0xFF,0xFF,0xFF,0xFF,0xFF,0xFF,0xFF,0xFF,0xFF,0xFF,0xFF,0xFF,0xFF,0xFF,0xFF,
    0xFF,0xFF,0xFF,0xFF,0xFF,0xFF,0xFF,0xFF,0xFF,0xFF,0xFF,0xFF,0xFF,0xFF,0xFF,0xFF,
    0xFF,0xFF,0xFF,0xFF,0xFF,0xFF,0xFF,0xFF,0xFF,0xFF,0xFF,0xFF,0xFF,0xFF,0xFF,0xFF,
    0xFF,0xFF,0xFF,0xFF,0xFF,0xFF,0xFF,0xFF,0xFF,0xFF,0xFF,0xFF,0xFF,0xFF,0xFF,0xFF,
    0xFF,0xFF,0xFF,0xFF,0xFF,0xFF,0xFF,0xFF,0xFF,0xFF,0xFF,0xFF,0xFF,0xFF,0xFF,0xFF,
    0xFF,0xFF,0xFF,0xFF,0xFF,0xFF,0xFF,0xFF,0xFF,0xFF,0xFF,0xFF,0xFF,0xFF,0xFF,0xFF,
    0xFF,0xFF,0xFF,0xFF,0xFF,0xFF,0xFF,0xFF,0xFF,0xFF,0xFF,0xFF,0xFF,0xFF,0xFF,0xFF,
    0xFF,0xFF,0xFF,0xFF,0xFF,0xFF,0xFF,0xFF,0xFF,0xFF,0xFF,0xFF,0xFF,0xFF,0xFF,0xFF,
    0xFF,0xFF,0xFF,0xFF,0xFF,0xFF,0xFF,0xFF,0xFF,0xFF,0xFF,0xFF,0xFF,0xFF,0xFF,0xFF,
    0xFF,0xFF,0xFF,0xFF,0xFF,0xFF,0xFF,0xFF,0xFF,0xFF,0xFF,0xFF,0xFF,0xFF,0xFF,0xFF,
    0xFF,0xFF,0xFF,0xFF,0xFF,0xFF,0xFF,0xFF,0xFF,0xFF,0xFF,0xFF,0xFF,0xFF,0xFF,0xFF,
    0xFF,0xFF,0xFF,0xFF,0xFF,0xFF,0xFF,0xFF,0xFF,0xFF,0xFF,0xFF,0xFF,0xFF,0xFF,0xFF,
    0xFF,0xFF,0xFF,0xFF,0xFF,0xFF,0xFF,0xFF,0xFF,0xFF,0xFF,0xFF,0xFF,0xFF,0xFF,0xFF,
    0xFF,0xFF,0xFF,0xFF,0xFF,0xFF,0xFF,0xFF,0xFF,0xFF,0xFF,0xFF,0xFF,0xFF,0xFF,0xFF,
    0xFF,0xFF,0xFF,0xFF,0xFF,0xFF,0xFF,0xFF,0xFF,0xFF,0xFF,0xFF,0xFF,0xFF,0xFF,0xFF,
    0xFF,0xFF,0xFF,0xFF,0xFF,0xFF,0xFF,0xFF,0xFF,0xFF,0xFF,0xFF,0xFF,0xFF,0xFF,0xFF,
    0xFF,0xFF,0xFF,0xFF,0xFF,0xFF,0xFF,0xFF,0xFF,0xFF,0xFF,0xFF,0xFF,0xFF,0xFF,0xFF,
    0xFF,0xFF,0xFF,0xFF,0xFF,0xFF,0xFF,0xFF,0xFF,0xFF,0xFF,0xFF,0xFF,0xFF,0xFF,0xFF,
    0xFF,0xFF,0xFF,0xFF,0xFF,0xFF,0xFF,0xFF,0xFF,0xFF,0xFF,0xFF,0xFF,0xFF,0xFF,0xFF,
    0xFF,0xFF,0xFF,0xFF,0xFF,0xFF,0xFF,0xFF,0xFF,0xFF,0xFF,0xFF,0xFF,0xFF,0xFF,0xFF,
    0xFF,0xFF,0xFF,0xFF,0xFF,0xFF,0xFF,0xFF,0xFF,0xFF,0xFF,0xFF,0xFF,0xFF,0xFF,0xFF,
    0xFF,0xFF,0xFF,0xFF,0xFF,0xFF,0xFF,0xFF,0xFF,0xFF,0xFF,0xFF,0xFF,0xFF,0xFF,0xFF,
    0xFF,0xFF,0xFF,0xFF,0xFF,0xFF,0xFF,0xFF,0xFF,0xFF,0xFF,0xFF,0xFF,0xFF,0xFF,0xFF,
    0xFF,0xFF,0xFF,0xFF,0xFF,0xFF,0xFF,0xFF,0xFF,0xFF,0xFF,0xFF,0xFF,0xFF,0xFF,0xFF,
    0xFF,0xFF,0xFF,0xFF,0xFF,0xFF,0xFF,0xFF,0xFF,0xFF,0xFF,0xFF,0xFF,0xFF,0xFF,0xFF,
    0xFF,0xFF,0xFF,0xFF,0xFF,0xFF,0xFF,0xFF,0xFF,0xFF,0xFF,0xFF,0xFF,0xFF,0xFF,0xFF,
    0xFF,0xFF,0xFF,0xFF,0xFF,0xFF,0xFF,0xFF,0xFF,0xFF,0xFF,0xFF,0xFF,0xFF,0xFF,0xFF,
    0xFF,0xFF,0xFF,0xFF,0xFF,0xFF,0xFF,0xFF,0xFF,0xFF,0xFF,0xFF,0xFF,0xFF,0xFF,0xFF,
    0xFF,0xFF,0xFF,0xFF,0xFF,0xFF,0xFF,0xFF,0xFF,0xFF,0xFF,0xFF,0xFF,0xFF,0xFF,0xFF,
    0xFF,0xFF,0xFF,0xFF,0xFF,0xFF,0xFF,0xFF,0xFF,0xFF,0xFF,0xFF,0xFF,0xFF,0xFF,0xFF,
    0xFF,0xFF,0xFF,0xFF,0xFF,0xFF,0xFF,0xFF,0xFF,0xFF,0xFF,0xFF,0xFF,0xFF,0xFF,0xFF,
    0xFF,0xFF,0xFF,0xFF,0xFF,0xFF,0xFF,0xFF,0xFF,0xFF,0xFF,0xFF,0xFF,0xFF,0xFF,0xFF,
    0xFF,0xFF,0xFF,0xFF,0xFF,0xFF,0xFF,0xFF,0xFF,0xFF,0xFF,0xFF,0xFF,0xFF,0xFF,0xFF,
    0xFF,0xFF,0xFF,0xFF,0xFF,0xFF,0xFF,0xFF,0xFF,0xFF,0xFF,0xFF,0xFF,0xFF,0xFF,0xFF,
    0xFF,0xFF,0xFF,0xFF,0xFF,0xFF,0xFF,0xFF,0xFF,0xFF,0xFF,0xFF,0xFF,0xFF,0xFF,0xFF,
    0xFF,0xFF,0xFF,0xFF,0xFF,0xFF,0xFF,0xFF,0xFF,0xFF,0xFF,0xFF,0xFF,0xFF,0xFF,0xFF,
    0xFF,0xFF,0xFF,0xFF,0xFF,0xFF,0xFF,0xFF,0xFF,0xFF,0xFF,0xFF,0xFF,0xFF,0xFF,0xFF,
    0xFF,0xFF,0xFF,0xFF,0xFF,0xFF,0xFF,0xFF,0xFF,0xFF,0xFF,0xFF,0xFF,0xFF,0xFF,0xFF,
    0xFF,0xFF,0xFF,0xFF,0xFF,0xFF,0xFF,0xFF,0xFF,0xFF,0xFF,0xFF,0xFF,0xFF,0xFF,0xFF,
    0xFF,0xFF,0xFF,0xFF,0xFF,0xFF,0xFF,0xFF,0xFF,0xFF,0xFF,0xFF,0xFF,0xFF,0xFF,0xFF,
    0xFF,0xFF,0xFF,0xFF,0xFF,0xFF,0xFF,0xFF,0xFF,0xFF,0xFF,0xFF,0xFF,0xFF,0xFF,0xFF,
    0xFF,0xFF,0xFF,0xFF,0xFF,0xFF,0xFF,0xFF,0xFF,0xFF,0xFF,0xFF,0xFF,0xFF,0xFF,0xFF,
    0xFF,0xFF,0xFF,0xFF,0xFF,0xFF,0xFF,0xFF,0xFF,0xFF,0xFF,0xFF,0xFF,0xFF,0xFF,0xFF,
    0xFF,0xFF,0xFF,0xFF,0xFF,0xFF,0xFF,0xFF,0xFF,0xFF,0xFF,0xFF,0xFF,0xFF,0xFF,0xFF,
    0xFF,0xFF,0xFF,0xFF,0xFF,0xFF,0xFF,0xFF,0xFF,0xFF,0xFF,0xFF,0xFF,0xFF,0xFF,0xFF,
    0xFF,0xFF,0xFF,0xFF,0xFF,0xFF,0xFF,0xFF,0xFF,0xFF,0xFF,0xFF,0xFF,0xFF,0xFF,0xFF,
    0xFF,0xFF,0xFF,0xFF,0xFF,0xFF,0xFF,0xFF,0xFF,0xFF,0xFF,0xFF,0xFF,0xFF,0xFF,0xFF,
    0xFF,0xFF,0xFF,0xFF,0xFF,0xFF,0xFF,0xFF,0xFF,0xFF,0xFF,0xFF,0xFF,0xFF,0xFF,0xFF,
    0xFF,0xFF,0xFF,0xFF,0xFF,0xFF,0xFF,0xFF,0xFF,0xFF,0xFF,0xFF,0xFF,0xFF,0xFF,0xFF,
    0xFF,0xFF,0xFF,0xFF,0xFF,0xFF,0xFF,0xFF,0xFF,0xFF,0xFF,0xFF,0xFF,0xFF,0xFF,0xFF,
    0xFF,0xFF,0xFF,0xFF,0xFF,0xFF,0xFF,0xFF,0xFF,0xFF,0xFF,0xFF,0xFF,0xFF,0xFF,0xFF,
    0xFF,0xFF,0xFF,0xFF,0xFF,0xFF,0xFF,0xFF,0xFF,0xFF,0xFF,0xFF,0xFF,0xFF,0xFF,0xFF,
    0xFF,0xFF,0xFF,0xFF,0xFF,0xFF,0xFF,0xFF,0xFF,0xFF,0xFF,0xFF,0xFF,0xFF,0xFF,0xFF,
    0xFF,0xFF,0xFF,0xFF,0xFF,0xFF,0xFF,0xFF,0xFF,0xFF,0xFF,0xFF,0xFF,0xFF,0xFF,0xFF,
    0xFF,0xFF,0xFF,0xFF,0xFF,0xFF,0xFF,0xFF,0xFF,0xFF,0xFF,0xFF,0xFF,0xFF,0xFF,0xFF,
    0xFF,0xFF,0xFF,0xFF,0xFF,0xFF,0xFF,0xFF,0xFF,0xFF,0xFF,0xFF,0xFF,0xFF,0xFF,0xFF,
    0xFF,0xFF,0xFF,0xFF,0xFF,0xFF,0xFF,0xFF,0xFF,0xFF,0xFF,0xFF,0xFF,0xFF,0xFF,0xFF,
    0xFF,0xFF,0xFF,0xFF,0xFF,0xFF,0xFF,0xFF,0xFF,0xFF,0xFF,0xFF,0xFF,0xFF,0xFF,0xFF,
    0xFF,0xFF,0xFF,0xFF,0xFF,0xFF,0xFF,0xFF,0xFF,0xFF,0xFF,0xFF,0xFF,0xFF,0xFF,0xFF,
    0xFF,0xFF,0xFF,0xFF,0xFF,0xFF,0xFF,0xFF,0xFF,0xFF,0xFF,0xFF,0xFF,0xFF,0xFF,0xFF,
    0xFF,0xFF,0xFF,0xFF,0xFF,0xFF,0xFF,0xFF,0xFF,0xFF,0xFF,0xFF,0xFF,0xFF,0xFF,0xFF,
    0xFF,0xFF,0xFF,0xFF,0xFF,0xFF,0xFF,0xFF,0xFF,0xFF,0xFF,0xFF,0xFF,0xFF,0xFF,0xFF,
    0xFF,0xFF,0xFF,0xFF,0xFF,0xFF,0xFF,0xFF,0xFF,0xFF,0xFF,0xFF,0xFF,0xFF,0xFF,0xFF,
    0xFF,0xFF,0xFF,0xFF,0xFF,0xFF,0xFF,0xFF,0xFF,0xFF,0xFF,0xFF,0xFF,0xFF,0xFF,0xFF,
    0xFF,0xFF,0xFF,0xFF,0xFF,0xFF,0xFF,0xFF,0xFF,0xFF,0xFF,0xFF,0xFF,0xFF,0xFF,0xFF,
    0xFF,0xFF,0xFF,0xFF,0xFF,0xFF,0xFF,0xFF,0xFF,0xFF,0xFF,0xFF,0xFF,0xFF,0xFF,0xFF,
    0xFF,0xFF,0xFF,0xFF,0xFF,0xFF,0xFF,0xFF,0xFF,0xFF,0xFF,0xFF,0xFF,0xFF,0xFF,0xFF,
    0xFF,0xFF,0xFF,0xFF,0xFF,0xFF,0xFF,0xFF,0xFF,0xFF,0xFF,0xFF,0xFF,0xFF,0xFF,0xFF,
    0xFF,0xFF,0xFF,0xFF,0xFF,0xFF,0xFF,0xFF,0xFF,0xFF,0xFF,0xFF,0xFF,0xFF,0xFF,0xFF,
    0xFF,0xFF,0xFF,0xFF,0xFF,0xFF,0xFF,0xFF,0xFF,0xFF,0xFF,0xFF,0xFF,0xFF,0xFF,0xFF,
    0xFF,0xFF,0xFF,0xFF,0xFF,0xFF,0xFF,0xFF,0xFF,0xFF,0xFF,0xFF,0xFF,0xFF,0xFF,0xFF,
    0xFF,0xFF,0xFF,0xFF,0xFF,0xFF,0xFF,0xFF,0xFF,0xFF,0xFF,0xFF,0xFF,0xFF,0xFF,0xFF,
    0xFF,0xFF,0xFF,0xFF,0xFF,0xFF,0xFF,0xFF,0xFF,0xFF,0xFF,0xFF,0xFF,0xFF,0xFF,0xFF,
    0xFF,0xFF,0xFF,0xFF,0xFF,0xFF,0xFF,0xFF,0xFF,0xFF,0xFF,0xFF,0xFF,0xFF,0xFF,0xFF,
    0xFF,0xFF,0xFF,0xFF,0xFF,0xFF,0xFF,0xFF,0xFF,0xFF,0xFF,0xFF,0xFF,0xFF,0xFF,0xFF,
    0xFF,0xFF,0xFF,0xFF,0xFF,0xFF,0xFF,0xFF,0xFF,0xFF,0xFF,0xFF,0xFF,0xFF,0xFF,0xFF,
    0xFF,0xFF,0xFF,0xFF,0xFF,0xFF,0xFF,0xFF,0xFF,0xFF,0xFF,0xFF,0xFF,0xFF,0xFF,0xFF,
    0xFF,0xFF,0xFF,0xFF,0xFF,0xFF,0xFF,0xFF,0xFF,0xFF,0xFF,0xFF,0xFF,0xFF,0xFF,0xFF,
    0xFF,0xFF,0xFF,0xFF,0xFF,0xFF,0xFF,0xFF,0xFF,0xFF,0xFF,0xFF,0xFF,0xFF,0xFF,0xFF,
    0xFF,0xFF,0xFF,0xFF,0xFF,0xFF,0xFF,0xFF,0xFF,0xFF,0xFF,0xFF,0xFF,0xFF,0xFF,0xFF,
    0xFF,0xFF,0xFF,0xFF,0xFF,0xFF,0xFF,0xFF,0xFF,0xFF,0xFF,0xFF,0xFF,0xFF,0xFF,0xFF,
    0xFF,0xFF,0xFF,0xFF,0xFF,0xFF,0xFF,0xFF,0xFF,0xFF,0xFF,0xFF,0xFF,0xFF,0xFF,0xFF,
    0xFF,0xFF,0xFF,0xFF,0xFF,0xFF,0xFF,0xFF,0xFF,0xFF,0xFF,0xFF,0xFF,0xFF,0xFF,0xFF,
    0xFF,0xFF,0xFF,0xFF,0xFF,0xFF,0xFF,0xFF,0xFF,0xFF,0xFF,0xFF,0xFF,0xFF,0xFF,0xFF,
    0xFF,0xFF,0xFF,0xFF,0xFF,0xFF,0xFF,0xFF,0xFF,0xFF,0xFF,0xFF,0xFF,0xFF,0xFF,0xFF,
    0xFF,0xFF,0xFF,0xFF,0xFF,0xFF,0xFF,0xFF,0xFF,0xFF,0xFF,0xFF,0xFF,0xFF,0xFF,0xFF,
    0xFF,0xFF,0xFF,0xFF,0xFF,0xFF,0xFF,0xFF,0xFF,0xFF,0xFF,0xFF,0xFF,0xFF,0xFF,0xFF,
    0xFF,0xFF,0xFF,0xFF,0xFF,0xFF,0xFF,0xFF,0xFF,0xFF,0xFF,0xFF,0xFF,0xFF,0xFF,0xFF,
    0xFF,0xFF,0xFF,0xFF,0xFF,0xFF,0xFF,0xFF,0xFF,0xFF,0xFF,0xFF,0xFF,0xFF,0xFF,0xFF,
    0xFF,0xFF,0xFF,0xFF,0xFF,0xFF,0xFF,0xFF,0xFF,0xFF,0xFF,0xFF,0xFF,0xFF,0xFF,0xFF,
    0xFF,0xFF,0xFF,0xFF,0xFF,0xFF,0xFF,0xFF,0xFF,0xFF,0xFF,0xFF,0xFF,0xFF,0xFF,0xFF,
    0xFF,0xFF,0xFF,0xFF,0xFF,0xFF,0xFF,0xFF,0xFF,0xFF,0xFF,0xFF,0xFF,0xFF,0xFF,0xFF,
    0xFF,0xFF,0xFF,0xFF,0xFF,0xFF,0xFF,0xFF,0xFF,0xFF,0xFF,0xFF,0xFF,0xFF,0xFF,0xFF,
    0xFF,0xFF,0xFF,0xFF,0xFF,0xFF,0xFF,0xFF,0xFF,0xFF,0xFF,0xFF,0xFF,0xFF,0xFF,0xFF,
    0xFF,0xFF,0xFF,0xFF,0xFF,0xFF,0xFF,0xFF,0xFF,0xFF,0xFF,0xFF,0xFF,0xFF,0xFF,0xFF,
    0xFF,0xFF,0xFF,0xFF,0xFF,0xFF,0xFF,0xFF,0xFF,0xFF,0xFF,0xFF,0xFF,0xFF,0xFF,0xFF,
    0xFF,0xFF,0xFF,0xFF,0xFF,0xFF,0xFF,0xFF,0xFF,0xFF,0xFF,0xFF,0xFF,0xFF,0xFF,0xFF,
    0xFF,0xFF,0xFF,0xFF,0xFF,0xFF,0xFF,0xFF,0xFF,0xFF,0xFF,0xFF,0xFF,0xFF,0xFF,0xFF,
    0xFF,0xFF,0xFF,0xFF,0xFF,0xFF,0xFF,0xFF,0xFF,0xFF,0xFF,0xFF,0xFF,0xFF,0xFF,0xFF,
    0xFF,0xFF,0xFF,0xFF,0xFF,0xFF,0xFF,0xFF,0xFF,0xFF,0xFF,0xFF,0xFF,0xFF,0xFF,0xFF,
    0xFF,0xFF,0xFF,0xFF,0xFF,0xFF,0xFF,0xFF,0xFF,0xFF,0xFF,0xFF,0xFF,0xFF,0xFF,0xFF,
    0xFF,0xFF,0xFF,0xFF,0xFF,0xFF,0xFF,0xFF,0xFF,0xFF,0xFF,0xFF,0xFF,0xFF,0xFF,0xFF,
    0xFF,0xFF,0xFF,0xFF,0xFF,0xFF,0xFF,0xFF,0xFF,0xFF,0xFF,0xFF,0xFF,0xFF,0xFF,0xFF,
    0xFF,0xFF,0xFF,0xFF,0xFF,0xFF,0xFF,0xFF,0xFF,0xFF,0xFF,0xFF,0xFF,0xFF,0xFF,0xFF,
    0xFF,0xFF,0xFF,0xFF,0xFF,0xFF,0xFF,0xFF,0xFF,0xFF,0xFF,0xFF,0xFF,0xFF,0xFF,0xFF,
    0xFF,0xFF,0xFF,0xFF,0xFF,0xFF,0xFF,0xFF,0xFF,0xFF,0xFF,0xFF,0xFF,0xFF,0xFF,0xFF,
    0xFF,0xFF,0xFF,0xFF,0xFF,0xFF,0xFF,0xFF,0xFF,0xFF,0xFF,0xFF,0xFF,0xFF,0xFF,0xFF,
    0xFF,0xFF,0xFF,0xFF,0xFF,0xFF,0xFF,0xFF,0xFF,0xFF,0xFF,0xFF,0xFF,0xFF,0xFF,0xFF,
    0xFF,0xFF,0xFF,0xFF,0xFF,0xFF,0xFF,0xFF,0xFF,0xFF,0xFF,0xFF,0xFF,0xFF,0xFF,0xFF,
    0xFF,0xFF,0xFF,0xFF,0xFF,0xFF,0xFF,0xFF,0xFF,0xFF,0xFF,0xFF,0xFF,0xFF,0xFF,0xFF,
    0xFF,0xFF,0xFF,0xFF,0xFF,0xFF,0xFF,0xFF,0xFF,0xFF,0xFF,0xFF,0xFF,0xFF,0xFF,0xFF,
    0xFF,0xFF,0xFF,0xFF,0xFF,0xFF,0xFF,0xFF,0xFF,0xFF,0xFF,0xFF,0xFF,0xFF,0xFF,0xFF,
    0xFF,0xFF,0xFF,0xFF,0xFF,0xFF,0xFF,0xFF,0xFF,0xFF,0xFF,0xFF,0xFF,0xFF,0xFF,0xFF,
    0xFF,0xFF,0xFF,0xFF,0xFF,0xFF,0xFF,0xFF,0xFF,0xFF,0xFF,0xFF,0xFF,0xFF,0xFF,0xFF,
    0xFF,0xFF,0xFF,0xFF,0xFF,0xFF,0xFF,0xFF,0xFF,0xFF,0xFF,0xFF,0xFF,0xFF,0xFF,0xFF,
    0xFF,0xFF,0xFF,0xFF,0xFF,0xFF,0xFF,0xFF,0xFF,0xFF,0xFF,0xFF,0xFF,0xFF,0xFF,0xFF,
    0xFF,0xFF,0xFF,0xFF,0xFF,0xFF,0xFF,0xFF,0xFF,0xFF,0xFF,0xFF,0xFF,0xFF,0xFF,0xFF,
    0xFF,0xFF,0xFF,0xFF,0xFF,0xFF,0xFF,0xFF,0xFF,0xFF,0xFF,0xFF,0xFF,0xFF,0xFF,0xFF,
    0xFF,0xFF,0xFF,0xFF,0xFF,0xFF,0xFF,0xFF,0xFF,0xFF,0xFF,0xFF,0xFF,0xFF,0xFF,0xFF,
    0xFF,0xFF,0xFF,0xFF,0xFF,0xFF,0xFF,0xFF,0xFF,0xFF,0xFF,0xFF,0xFF,0xFF,0xFF,0xFF,
    0xFF,0xFF,0xFF,0xFF,0xFF,0xFF,0xFF,0xFF,0xFF,0xFF,0xFF,0xFF,0xFF,0xFF,0xFF,0xFF,
    0xFF,0xFF,0xFF,0xFF,0xFF,0xFF,0xFF,0xFF,0xFF,0xFF,0xFF,0xFF,0xFF,0xFF,0xFF,0xFF,
    0xFF,0xFF,0xFF,0xFF,0xFF,0xFF,0xFF,0xFF,0xFF,0xFF,0xFF,0xFF,0xFF,0xFF,0xFF,0xFF,
    0xFF,0xFF,0xFF,0xFF,0xFF,0xFF,0xFF,0xFF,0xFF,0xFF,0xFF,0xFF,0xFF,0xFF,0xFF,0xFF,
    0xFF,0xFF,0xFF,0xFF,0xFF,0xFF,0xFF,0xFF,0xFF,0xFF,0xFF,0xFF,0xFF,0xFF,0xFF,0xFF,
    0xFF,0xFF,0xFF,0xFF,0xFF,0xFF,0xFF,0xFF,0xFF,0xFF,0xFF,0xFF,0xFF,0xFF,0xFF,0xFF,
    0xFF,0xFF,0xFF,0xFF,0xFF,0xFF,0xFF,0xFF,0xFF,0xFF,0xFF,0xFF,0xFF,0xFF,0xFF,0xFF,
    0xFF,0xFF,0xFF,0xFF,0xFF,0xFF,0xFF,0xFF,0xFF,0xFF,0xFF,0xFF,0xFF,0xFF,0xFF,0xFF,
    0xFF,0xFF,0xFF,0xFF,0xFF,0xFF,0xFF,0xFF,0xFF,0xFF,0xFF,0xFF,0xFF,0xFF,0xFF,0xFF,
    0xFF,0xFF,0xFF,0xFF,0xFF,0xFF,0xFF,0xFF,0xFF,0xFF,0xFF,0xFF,0xFF,0xFF,0xFF,0xFF,
    0xFF,0xFF,0xFF,0xFF,0xFF,0xFF,0xFF,0xFF,0xFF,0xFF,0xFF,0xFF,0xFF,0xFF,0xFF,0xFF,
    0xFF,0xFF,0xFF,0xFF,0xFF,0xFF,0xFF,0xFF,0xFF,0xFF,0xFF,0xFF,0xFF,0xFF,0xFF,0xFF,
    0x78,0xD8,0xA9,0x00,0x8D,0x00,0x20,0xA2,0xFF,0x9A,0xAD,0x02,0x20,0x29,0x80,0xF0,
    0xF9,0xAD,0x02,0x20,0x29,0x80,0xF0,0xF9,0x09,0xFF,0x8D,0x00,0x80,0x8D,0x00,0xA0,
    0x8D,0x00,0xC0,0x8D,0x00,0xE0,0xA9,0x0F,0x20,0x98,0xBF,0xA9,0x00,0x8D,0x00,0xA0,
    0x4A,0x8D,0x00,0xA0,0x4A,0x8D,0x00,0xA0,0x4A,0x8D,0x00,0xA0,0x4A,0x8D,0x00,0xA0,
    0xA9,0x07,0x20,0xAC,0xBF,0x4C,0x40,0xE4,0x8D,0x00,0x80,0x4A,0x8D,0x00,0x80,0x4A,
    0x8D,0x00,0x80,0x4A,0x8D,0x00,0x80,0x4A,0x8D,0x00,0x80,0x60,0x8D,0x00,0xE0,0x4A,
    0x8D,0x00,0xE0,0x4A,0x8D,0x00,0xE0,0x4A,0x8D,0x00,0xE0,0x4A,0x8D,0x00,0xE0,0x60,
    0xFF,0xFF,0xFF,0xFF,0xFF,0xFF,0xFF,0xFF,0xFF,0xFF,0xFF,0xFF,0xFF,0xFF,0xFF,0xFF,
    0xFF,0xFF,0xFF,0xFF,0xFF,0xFF,0xFF,0xFF,0xFF,0xFF,0xFF,0xFF,0xFF,0xFF,0xFF,0xFF,
    0xFF,0xFF,0xFF,0xFF,0xFF,0xFF,0xFF,0xFF,0xFF,0xFF,0xFF,0xFF,0xFF,0xFF,0xFF,0xFF,
    0xFF,0xFF,0xFF,0xFF,0xFF,0xFF,0xFF,0xFF,0xFF,0xFF,0x84,0xE4,0x50,0xBF,0xF0,0xBF,
    0xBB,0x9D,0xBB,0x9D,0xBB,0x9D,0x7B,0x98,0x9B,0x9A,0x7B,0x98,0x9B,0x9A,0xBB,0x9D,
    0x7B,0x98,0x9B,0x9A,0xDB,0x9F,0xDB,0x9F,0xDB,0x9F,0xDB,0xA3,0xDB,0xA3,0xDB,0x9F,
    0xDB,0xA3,0xDB,0x9F,0xDB,0xA3,0xDB,0xA7,0x1B,0x81,0xBB,0x9C,0x3B,0x89,0x5B,0x91,
    0x17,0x00,0x08,0xE0,0x09,0xE0,0x0C,0x00,0x08,0x20,0x07,0x20,0x08,0x20,0x01,0x00,
    0x02,0x20,0x04,0x00,0x20,0x25,0xE6,0xAD,0x02,0x20,0x20,0x5E,0x80,0xA5,0x10,0xD0,
    0x13,0x20,0x91,0x80,0x20,0xDC,0x80,0xAD,0x1D,0x05,0xC9,0x02,0xD0,0xF3,0xA9,0x00,
    0x8D,0x1D,0x05,0x60,0x20,0x80,0x80,0x20,0xCC,0x80,0xAD,0x1D,0x05,0xC9,0x02,0xD0,
    0xF3,0x20,0xAC,0x80,0x20,0xCC,0x80,0x20,0xBC,0x80,0x20,0xCC,0x80,0x4C,0x5E,0x80,
    0xAD,0x1D,0x05,0x0A,0xAA,0xBD,0x28,0x80,0x85,0x00,0xE8,0xBD,0x28,0x80,0x85,0x01,
    0x60,0xAD,0x1D,0x05,0x0A,0xAA,0xBD,0x2C,0x80,0x85,0x00,0xBD,0x38,0x80,0x85,0x02,
    0xE8,0xBD,0x2C,0x80,0x85,0x01,0xBD,0x38,0x80,0x85,0x03,0x60,0xA5,0x10,0x0A,0xAA,
    0xBD,0x00,0x80,0x85,0x00,0xE8,0xBD,0x00,0x80,0x85,0x01,0x60,0xA5,0x10,0x0A,0xAA,
    0xBD,0x14,0x80,0x85,0x00,0xE8,0xBD,0x14,0x80,0x85,0x01,0x60,0xAD,0x1D,0x05,0x0A,
    0xAA,0xBD,0x3C,0x80,0x85,0x02,0xE8,0xBD,0x3C,0x80,0x85,0x03,0xAD,0x1D,0x05,0x0A,
    0xAA,0xBD,0x30,0x80,0x8D,0x06,0x20,0xE8,0xBD,0x30,0x80,0x8D,0x06,0x20,0xA0,0x00,
    0xB1,0x00,0x8D,0x07,0x20,0xA5,0x00,0x18,0x69,0x01,0x85,0x00,0xA5,0x01,0x69,0x00,
    0x85,0x01,0xA5,0x03,0x38,0xE9,0x01,0x85,0x03,0xA5,0x02,0xE9,0x00,0x85,0x02,0xA5,
    0x02,0xD0,0xDD,0xA5,0x03,0xD0,0xD9,0xEE,0x1D,0x05,0x60,0xFF,0x80,0x80,0x90,0x90,
    0x91,0x91,0x91,0xFF,0x80,0xE0,0xE0,0xEE,0xEE,0xEE,0xEE,0x91,0x91,0x91,0x91,0x91,
    0x91,0x91,0xFF,0xEE,0xEE,0xEE,0xEE,0xEE,0xEE,0xEE,0xFF,0xFF,0x01,0x01,0x01,0x01,
    0x01,0x01,0x11,0xFF,0x01,0x01,0x01,0x01,0x01,0xE1,0xE1,0x11,0x11,0x11,0x11,0x11,
    0x11,0x11,0xFF,0xEF,0xEF,0xEF,0xEF,0xEF,0xEF,0xEF,0xFF,0x7F,0x80,0x80,0x80,0x80,
    0x80,0x80,0x80,0xFF,0xFF,0xFF,0xFF,0xFF,0xFF,0xFF,0xFF,0x80,0x80,0x80,0x80,0x80,
    0x80,0x80,0x00,0xFF,0xFF,0xFF,0xFF,0xFF,0xFF,0xFF,0x80,0xFE,0x00,0x00,0x00,0x00,
    0x00,0x00,0x00,0xFF,0xFE,0xFE,0xFE,0xFE,0xFE,0xFE,0xFE,0x00,0x00,0x00,0x00,0x00,
    0x00,0x00,0x00,0xFE,0xFE,0xFE,0xFE,0xFE,0xFE,0xFE,0x01,0x00,0x00,0x00,0x00,0xFF,
    0xFF,0x00,0x00,0xFF,0xFF,0xFF,0xFF,0x00,0xFF,0xFF,0xFF,0x80,0x9F,0x9F,0x8F,0xCF,
    0x4F,0x47,0x27,0xE0,0xE0,0xE0,0xF0,0x70,0xF0,0xF8,0xF8,0x27,0x23,0x13,0xF3,0xF1,
    0x09,0x09,0x08,0xF8,0xFC,0xFC,0x1C,0xDE,0xFE,0xFE,0xEE,0x01,0xF9,0xF9,0xF1,0xF3,
    0xF2,0xE2,0xE4,0x06,0x06,0x06,0x0E,0x0D,0x0D,0x1D,0x1B,0xE4,0xC4,0xC8,0xCF,0x8F,
    0x90,0x90,0x10,0x1B,0x3B,0x37,0x30,0x77,0x6F,0x6F,0x67,0x00,0x00,0xFF,0xFF,0x00,
    0x00,0x00,0x00,0xFF,0xFF,0xFF,0x00,0xFF,0xFF,0xFF,0xFF,0x08,0x09,0x09,0xF1,0xF3,
    0x13,0x23,0x27,0xEE,0xFE,0xFE,0xDE,0x1C,0xFC,0xFC,0xF8,0x27,0x47,0x4F,0xCF,0x8F,
    0x9F,0x9F,0x80,0xF8,0xF8,0xF0,0x70,0xF0,0xE0,0xE0,0xE0,0x10,0x90,0x90,0x8F,0xCF,
    0xC8,0xC4,0xE4,0x67,0x6F,0x6F,0x77,0x30,0x37,0x3B,0x1B,0xE4,0xE2,0xF2,0xF3,0xF1,
    0xF9,0xF9,0x01,0x1B,0x1D,0x0D,0x0D,0x0E,0x06,0x06,0x06,0x0C,0x0C,0x0C,0x0C,0x0C,
    0x0C,0x0C,0x0C,0xF7,0xF7,0xF7,0xF7,0xF7,0xF7,0xF7,0xF7,0xF8,0x0E,0x01,0x60,0x7C,
    0x7F,0x7F,0x7F,0xF7,0xFF,0xFF,0x1F,0x03,0x00,0x00,0x00,0x7F,0x7F,0x7F,0x7C,0x60,
    0x01,0x0E,0xF8,0x00,0x00,0x00,0x03,0x1F,0xFE,0xF1,0x0F,0x18,0x18,0xD8,0x38,0x07,
    0x80,0xF0,0xFE,0xEF,0xEF,0xE7,0xFE,0xFF,0x7F,0x0F,0x00,0xFE,0xF0,0x80,0x07,0x38,
    0xD8,0x18,0x18,0x00,0x0F,0x7F,0xF8,0xC6,0x2F,0xEF,0xEF,0x30,0x30,0x30,0x30,0x30,
    0x30,0x30,0x30,0xEF,0xEF,0xEF,0xEF,0xEF,0xEF,0xEF,0xEF,0x18,0x18,0x1B,0x1C,0xE0,
    0x01,0x0F,0x7F,0xF7,0xF7,0xE7,0x7F,0xFF,0xFE,0xF0,0x00,0x7F,0x0F,0x01,0xE0,0x1C,
    0x1B,0x18,0x18,0x00,0xF0,0xFE,0x1F,0x63,0xF4,0xF7,0xF7,0x1F,0x70,0x80,0x06,0x3E,
    0xFE,0xFE,0xFE,0xEF,0xFF,0xFF,0xF8,0xC0,0x00,0x00,0x00,0xFE,0xFE,0xFE,0x3E,0x06,
    0x80,0x70,0x1F,0x00,0x00,0x00,0xC0,0xF8,0x7F,0x8F,0xF0,0x00,0x00,0x00,0x00,0x00,
    0x00,0x00,0x00,0xAF,0xDD,0x6E,0x68,0xA0,0xC0,0x80,0x80,0x00,0x00,0x00,0x00,0x00,
    0x00,0x00,0x00,0xBF,0x76,0x6E,0x1E,0x05,0x03,0x01,0x01,0x00,0x00,0x00,0x00,0x00,
    0x00,0x00,0x00,0x80,0x80,0xC0,0xA0,0x78,0x76,0x6E,0xFD,0x00,0x00,0x00,0x00,0x00,
    0x00,0x00,0x00,0x01,0x01,0x03,0x05,0x16,0x76,0xBB,0xF5,0x00,0x00,0x00,0x00,0x00,
    0x00,0x00,0x00,0xDB,0xEC,0xE8,0xF0,0xF0,0x60,0xA0,0x80,0x00,0x00,0x00,0x00,0x00,
    0x00,0x00,0x00,0xC0,0xA0,0xE0,0xF0,0xF0,0xE8,0xDC,0xBF,0x00,0x00,0x00,0x00,0x00,
    0x00,0x00,0x00,0xDB,0x37,0x17,0x0F,0x0F,0x06,0x05,0x01,0x00,0x00,0x00,0x00,0x00,
    0x00,0x00,0x00,0x03,0x05,0x07,0x0F,0x0F,0x17,0x3B,0xFD,0x01,0x67,0x77,0x69,0x65,
    0x22,0x32,0x12,0x9F,0x0D,0x06,0x00,0x10,0x90,0x88,0x8C,0x1F,0x4F,0x5E,0x5E,0x5E,
    0x2E,0x1F,0x1F,0x00,0x0A,0x0E,0x06,0x0E,0x86,0xC1,0xC0,0xFE,0xFC,0xF8,0x98,0x6E,
    0xDE,0xCC,0xFC,0xB6,0xAD,0xAB,0x01,0x60,0xD0,0xC1,0xC5,0x24,0x40,0xC0,0x80,0x8C,
    0x9E,0x60,0x9C,0x07,0x03,0x07,0x03,0x01,0x00,0x1E,0x61,0x00,0xFF,0xFF,0xFF,0xFF,
    0xFF,0xFE,0xFC,0x00,0x00,0x00,0xFF,0x80,0x80,0x80,0x40,0xFC,0xFE,0xFE,0xFE,0xFE,
    0xFF,0xFF,0x00,0x40,0x40,0x40,0x20,0x20,0x20,0x20,0x00,0x00,0xFF,0xFF,0xFF,0xFF,
    0xFF,0x7F,0x3F,0x00,0x00,0x00,0xFF,0x01,0x01,0x01,0x02,0x3F,0x7F,0x7F,0x7F,0x7F,
    0xFF,0xFF,0x00,0x02,0x02,0x02,0x04,0x04,0x04,0x04,0x00,0x00,0xFF,0xFF,0xFE,0xFE,
    0xFE,0xFE,0xFC,0x00,0x20,0x20,0x20,0x20,0x40,0x40,0x40,0xFC,0xFE,0xFF,0xFF,0xFF,
    0xFF,0xFF,0x00,0x40,0x80,0x80,0x80,0xFF,0x00,0x00,0x00,0x00,0xFF,0xFF,0x7F,0x7F,
    0x7F,0x7F,0x3F,0x00,0x04,0x04,0x04,0x04,0x02,0x02,0x02,0x3F,0x7F,0xFF,0xFF,0xFF,
    0xFF,0xFF,0x00,0x02,0x01,0x01,0x01,0xFF,0x00,0x00,0x00,0x7F,0x7F,0x7F,0x7F,0x7F,
    0x7F,0x7E,0x7C,0x1E,0x11,0x10,0x10,0x10,0x10,0x10,0x10,0x7C,0x7E,0x7F,0x7F,0x7F,
    0x7F,0x7F,0x7F,0x10,0x10,0x10,0x10,0x10,0x10,0x11,0x1E,0xFE,0xFE,0xFE,0xFE,0xFE,
    0xFE,0x7E,0x06,0x00,0xE0,0x1E,0x00,0x00,0x00,0x00,0x00,0x06,0x7E,0xFE,0xFE,0xFE,
    0xFE,0xFE,0xFE,0x00,0x00,0x00,0x00,0x00,0x1E,0xE0,0x00,0x7F,0x7F,0x7F,0x7F,0x7F,
    0x7F,0x7E,0x60,0x00,0x07,0x78,0x00,0x00,0x00,0x00,0x00,0x60,0x7E,0x7F,0x7F,0x7F,
    0x7F,0x7F,0x7F,0x00,0x00,0x00,0x00,0x00,0x78,0x07,0x00,0xFE,0xFE,0xFE,0xFE,0xFE,
    0xFE,0x7E,0x3E,0x78,0x88,0x08,0x08,0x08,0x08,0x08,0x08,0x3E,0x7E,0xFE,0xFE,0xFE,
    0xFE,0xFE,0xFE,0x08,0x08,0x08,0x08,0x08,0x08,0x88,0x78,0x00,0xFF,0xFE,0xFE,0xFF,
    0xFF,0xFE,0xFE,0x00,0x00,0x00,0x02,0x04,0x08,0x10,0x20,0xFF,0xFF,0xFE,0xFE,0xFF,
    0xFF,0xFE,0x00,0x20,0x10,0x08,0x04,0x03,0x00,0x00,0x00,0x00,0x7F,0xFF,0xFF,0x7F,
    0x7F,0xFF,0xFF,0x00,0x00,0x00,0xC0,0x20,0x10,0x08,0x04,0x7F,0x7F,0xFF,0xFF,0x7F,
    0x7F,0xFF,0x00,0x04,0x08,0x10,0x20,0x40,0x00,0x00,0x00,0x7F,0x7F,0x7F,0x7F,0x7F,
    0x7F,0x7F,0x33,0x00,0x00,0x01,0x02,0x04,0x08,0x10,0x10,0x4C,0x7F,0x7F,0x7F,0x7F,
    0x7F,0x7F,0x7F,0x00,0x10,0x08,0x04,0x02,0x01,0x00,0x00,0xFE,0xFE,0xFE,0xFE,0xFE,
    0xFE,0xFE,0x32,0x00,0x00,0x80,0x40,0x20,0x10,0x08,0x00,0xCC,0xFE,0xFE,0xFE,0xFE,
    0xFE,0xFE,0xFE,0x08,0x08,0x10,0x20,0x40,0x80,0x00,0x00,0x7F,0xBF,0xDF,0xEF,0xF7,
    0xF8,0xF8,0xF8,0xFF,0xFF,0xFF,0xFF,0xFF,0xFF,0xFF,0xFF,0xF8,0xF8,0xF8,0xFF,0xFF,
    0xFF,0xFF,0xFF,0xFF,0xFF,0xFF,0xF8,0xF0,0xE0,0xC0,0x80,0xFF,0xFF,0xFF,0xFF,0xFF,
    0x1F,0x1F,0x1F,0xFE,0xFC,0xF8,0xF0,0xE0,0xE0,0xE0,0xE0,0x1F,0x1F,0x1F,0xEF,0xF7,
    0xFB,0xFD,0xFE,0xE0,0xE0,0xE0,0x10,0x08,0x04,0x02,0x01,0x00,0x13,0x0F,0x45,0x47,
    0x02,0x00,0x00,0x8C,0x60,0x73,0x79,0x59,0x8C,0xC2,0xCF,0x07,0x1E,0x01,0x1F,0x07,
    0x7F,0x0F,0x7E,0xB8,0x60,0x00,0xDC,0x80,0x70,0x00,0x70,0x00,0x8E,0x5E,0xBC,0xBF,
    0x3E,0xD8,0xDE,0x70,0x20,0x00,0x81,0x8F,0x1E,0x19,0x1C,0x9E,0xFE,0xBE,0x72,0xAC,
    0xAC,0xD6,0x0E,0x00,0x00,0x00,0x00,0x01,0x01,0x00,0x00,0xE0,0xF8,0x1E,0x07,0x01,
    0x00,0x00,0x00,0x1F,0xE7,0xF9,0xFE,0xFF,0xFF,0xFF,0xFF,0x00,0x00,0x00,0x01,0x07,
    0x1E,0xF8,0xE0,0xFF,0xFF,0xFF,0xFE,0xF9,0xE7,0x1F,0xFF,0x00,0x00,0x00,0x80,0xE0,
    0x78,0x1F,0x07,0xFF,0xFF,0xFF,0x7F,0x9F,0xE7,0xF8,0xFF,0x07,0x1F,0x78,0xE0,0x80,
    0x00,0x00,0x00,0xF8,0xE7,0x9F,0x7F,0xFF,0xFF,0xFF,0xFF,0x18,0x18,0x1E,0x1F,0x19,
    0x18,0x18,0x18,0xEF,0xEF,0xE1,0xEE,0xEF,0xEF,0xEF,0xEF,0x18,0x18,0x18,0x19,0x1F,
    0x1E,0x18,0x18,0xEF,0xEF,0xEF,0xEE,0xE1,0xEF,0xEF,0xEF,0x18,0x18,0x18,0x98,0xF8,
    0x78,0x18,0x18,0xF7,0xF7,0xF7,0x77,0x87,0xF7,0xF7,0xF7,0x18,0x18,0x78,0xF8,0x98,
    0x18,0x18,0x18,0xF7,0xF7,0x87,0x77,0xF7,0xF7,0xF7,0xF7,0xC0,0xC0,0xC0,0x60,0x60,
    0x30,0x30,0x18,0x7F,0x7F,0x7F,0xBF,0xBF,0xDF,0xDF,0xEF,0x18,0x30,0x30,0x60,0x60,
    0xC0,0xC0,0xC0,0xEF,0xDF,0xDF,0xBF,0xBF,0x7F,0x7F,0x7F,0x18,0x0C,0x0C,0x06,0x06,
    0x03,0x03,0x03,0xEF,0xF7,0xF7,0xFB,0xFB,0xFD,0xFD,0xFD,0x03,0x03,0x03,0x06,0x06,
    0x0C,0x0C,0x18,0xFD,0xFD,0xFD,0xFB,0xFB,0xF7,0xF7,0xEF,0x80,0x40,0x20,0x1F,0x1F,
    0x1C,0x1A,0x19,0x7F,0xBF,0xDF,0xE0,0xE7,0xEB,0xED,0xEE,0x19,0x1A,0x1C,0x1F,0x1F,
    0x20,0x40,0x80,0xEE,0xED,0xEB,0xE7,0xE0,0xDF,0xBF,0x7F,0x98,0x58,0x38,0xF8,0xF8,
    0x04,0x02,0x01,0x77,0xB7,0xD7,0xE7,0x07,0xFB,0xFD,0xFE,0x01,0x02,0x04,0xF8,0xF8,
    0x38,0x58,0x98,0xFE,0xFD,0xFB,0x07,0xE7,0xD7,0xB7,0x77,0x18,0x18,0x18,0x98,0xF8,
    0x78,0x18,0x18,0xEF,0xEF,0xEF,0x6F,0x8F,0xEF,0xEF,0xEF,0x18,0x18,0x78,0xF8,0x98,
    0x18,0x18,0x18,0xEF,0xEF,0x8F,0x6F,0xEF,0xEF,0xEF,0xEF,0x18,0x18,0x1E,0x1F,0x19,
    0x18,0x18,0x18,0xF7,0xF7,0xF1,0xF6,0xF7,0xF7,0xF7,0xF7,0x18,0x18,0x18,0x19,0x1F,
    0x1E,0x18,0x18,0xF7,0xF7,0xF7,0xF6,0xF1,0xF7,0xF7,0xF7,0x00,0x00,0x00,0xFF,0xFF,
    0x30,0x30,0x18,0xFF,0xFF,0xFF,0x00,0xDF,0xDF,0xDF,0xEF,0x18,0x30,0x30,0xFF,0xFF,
    0x00,0x00,0x00,0xEF,0xDF,0xDF,0xDF,0x00,0xFF,0xFF,0xFF,0x18,0x0C,0x0C,0xFF,0xFF,
    0x00,0x00,0x00,0xEF,0xF7,0xF7,0xF7,0x00,0xFF,0xFF,0xFF,0x00,0x00,0x00,0xFF,0xFF,
    0x0C,0x0C,0x18,0xFF,0xFF,0xFF,0x00,0xF7,0xF7,0xF7,0xEF,0x18,0x0C,0x0C,0xFF,0xFF,
    0x00,0x00,0x00,0xEF,0xF7,0xF7,0x00,0xFF,0xFF,0xFF,0xFF,0x00,0x00,0x00,0xFF,0xFF,
    0x0C,0x0C,0x18,0xFF,0xFF,0xFF,0xFF,0x00,0xF7,0xF7,0xEF,0x00,0x00,0x00,0xFF,0xFF,
    0x30,0x30,0x18,0xFF,0xFF,0xFF,0xFF,0x00,0xDF,0xDF,0xEF,0x18,0x30,0x30,0xFF,0xFF,
    0x00,0x00,0x00,0xEF,0xDF,0xDF,0x00,0xFF,0xFF,0xFF,0xFF,0x0C,0x1C,0x3C,0x3C,0x3C,
    0x3E,0x1E,0x0F,0xFD,0xFD,0xFD,0xFC,0xF0,0xC0,0xE0,0xF0,0x0F,0x0E,0x3E,0x3C,0x3C,
    0x3C,0x1C,0x0C,0xF0,0xFE,0xFE,0xCC,0xF0,0xFD,0xFD,0xFD,0xF0,0x78,0x7C,0x3C,0x3C,
    0x3C,0x38,0x30,0x0F,0x7F,0x7F,0x33,0x0F,0xBF,0xBF,0xBF,0x30,0x38,0x3C,0x3C,0x3C,
    0x7C,0x78,0xF0,0xBF,0xBF,0xBF,0x3F,0x0F,0x03,0x07,0x0F,0x00,0x00,0x3C,0x7E,0xFF,
    0xFF,0x07,0x01,0xFF,0xFF,0xFB,0xF9,0xF0,0xF0,0x00,0xE0,0x01,0x07,0xFF,0xFF,0x7E,
    0x3C,0x00,0x00,0xE0,0x00,0xF0,0xF0,0xF9,0xFB,0xFF,0xFF,0xC0,0xE0,0xFF,0xFF,0x3E,
    0x3C,0x00,0x00,0x47,0x60,0x77,0x77,0xEF,0xEF,0xFF,0xFF,0x00,0x00,0x3C,0x3E,0xFF,
    0xFF,0xE0,0xC0,0xFF,0xFF,0xEF,0xEF,0x77,0x77,0x60,0x47,0x00,0x00,0x00,0xFF,0xFF,
    0x00,0x00,0x00,0xFF,0xFF,0xFF,0x00,0xFF,0xFF,0xFF,0xFF,0x00,0x00,0x00,0xFF,0xFF,
    0x00,0x00,0x00,0xFF,0xFF,0xFF,0xFF,0x00,0xFF,0xFF,0xFF,0x18,0x18,0x18,0x18,0x18,
    0x18,0x18,0x18,0xEF,0xEF,0xEF,0xEF,0xEF,0xEF,0xEF,0xEF,0x18,0x18,0x18,0x18,0x18,
    0x18,0x18,0x18,0xF7,0xF7,0xF7,0xF7,0xF7,0xF7,0xF7,0xF7,0x80,0x40,0x20,0x10,0x08,
    0x04,0x02,0x01,0x7F,0xBF,0xDF,0xEF,0xF7,0xFB,0xFD,0xFE,0x01,0x02,0x04,0x08,0x10,
    0x20,0x40,0x80,0xFE,0xFD,0xFB,0xF7,0xEF,0xDF,0xBF,0x7F,0x00,0x00,0x00,0x00,0x00,
    0x00,0x00,0x00,0xFF,0x81,0x81,0x81,0x81,0x81,0x81,0xFF,0x00,0x00,0x00,0x00,0x00,
    0x00,0x00,0x00,0xFF,0x81,0x81,0x80,0x80,0x81,0x81,0xFF,0x00,0x00,0x00,0x00,0x00,
    0x00,0x00,0x00,0xFF,0x81,0x81,0x01,0x01,0x81,0x81,0xFF,0x00,0x00,0x00,0x00,0x00,
    0x00,0x00,0x00,0xFF,0x81,0x81,0x00,0x00,0x81,0x81,0xFF,0x00,0x00,0x00,0x00,0x00,
    0x00,0x00,0x00,0xFF,0x81,0x81,0x81,0x81,0x81,0x81,0xE7,0x00,0x00,0x00,0x00,0x00,
    0x00,0x00,0x00,0xFF,0x81,0x81,0x80,0x80,0x81,0x81,0xE7,0x00,0x00,0x00,0x00,0x00,
    0x00,0x00,0x00,0xFF,0x81,0x81,0x01,0x01,0x81,0x81,0xE7,0x00,0x00,0x00,0x00,0x00,
    0x00,0x00,0x00,0xFF,0x81,0x81,0x00,0x00,0x81,0x81,0xE7,0x00,0x00,0x00,0x00,0x00,
    0x00,0x00,0x00,0xE7,0x81,0x81,0x81,0x81,0x81,0x81,0xFF,0x00,0x00,0x00,0x00,0x00,
    0x00,0x00,0x00,0xE7,0x81,0x81,0x80,0x80,0x81,0x81,0xFF,0x00,0x00,0x00,0x00,0x00,
    0x00,0x00,0x00,0xE7,0x81,0x81,0x01,0x01,0x81,0x81,0xFF,0x00,0x00,0x00,0x00,0x00,
    0x00,0x00,0x00,0xE7,0x81,0x81,0x00,0x00,0x81,0x81,0xFF,0x00,0x00,0x00,0x00,0x00,
    0x00,0x00,0x00,0xE7,0x81,0x81,0x81,0x81,0x81,0x81,0xE7,0x00,0x00,0x00,0x00,0x00,
    0x00,0x00,0x00,0xE7,0x81,0x81,0x80,0x80,0x81,0x81,0xE7,0x00,0x00,0x00,0x00,0x00,
    0x00,0x00,0x00,0xE7,0x81,0x81,0x01,0x01,0x81,0x81,0xE7,0x00,0x00,0x00,0x00,0x00,
    0x00,0x00,0x00,0xE7,0x81,0x81,0x00,0x00,0x81,0x81,0xE7,0xFF,0x80,0x80,0x90,0x90,
    0x91,0x91,0x91,0x00,0x00,0x60,0x60,0x6E,0x6E,0x6E,0x6E,0x91,0x91,0x91,0x91,0x91,
    0x91,0x91,0xFF,0x6E,0x6E,0x6E,0x6E,0x6E,0x6E,0x6E,0x00,0xFF,0x01,0x01,0x01,0x01,
    0x01,0x01,0x11,0x00,0x00,0x00,0x00,0x00,0x00,0xE0,0xE0,0x11,0x11,0x11,0x11,0x11,
    0x11,0x11,0xFF,0xEE,0xEE,0xEE,0xEE,0xEE,0xEE,0xEE,0x00,0x1F,0x3F,0x3F,0x3F,0x1F,
    0x3F,0x3F,0x3F,0x80,0xBF,0xBF,0xBF,0x80,0xBF,0xBF,0xBF,0xFC,0xFC,0xFC,0xFC,0xFC,
    0xFC,0xFC,0xFC,0x02,0xFE,0xFE,0xFE,0x02,0xFE,0xFE,0xFE,0xFF,0xBA,0xFE,0xFE,0xFE,
    0xFE,0xFE,0xFE,0x01,0x00,0x00,0x00,0x00,0x00,0x00,0x00,0xFE,0xFE,0xFE,0xFE,0xFE,
    0xBA,0xFE,0x80,0x00,0x00,0x00,0x00,0x00,0x00,0x00,0x80,0xFF,0xFC,0xF8,0xE0,0xE0,
    0xE0,0xE0,0xE0,0xEF,0xFF,0xFF,0xBF,0xEF,0xE7,0xEF,0x7F,0x80,0x80,0x80,0x00,0x00,
    0x00,0x00,0x00,0xFF,0xFF,0xFF,0xFF,0xFF,0xFF,0xFF,0xFF,0x00,0x00,0x00,0x00,0x00,
    0x00,0x00,0x00,0xFF,0xFF,0xFF,0xFF,0xFF,0xFF,0xFF,0xFF,0x00,0x00,0x00,0x00,0x00,
    0x00,0x00,0x00,0xFF,0xFF,0xFF,0xFF,0xFF,0xFF,0xFF,0xFF,0xFF,0x4F,0x0F,0x03,0x03,
    0x03,0x03,0x01,0xFB,0xFF,0xFF,0xFF,0xFE,0xFF,0xFF,0xFF,0x01,0x01,0x00,0x00,0x00,
    0x00,0x00,0x00,0xFD,0xF9,0xFF,0xFF,0xFF,0xFF,0xFF,0xFF,0x00,0x00,0x00,0x00,0x00,
    0x00,0x00,0x80,0xFF,0xFF,0xFF,0xFF,0x7F,0x7F,0x7F,0xBF,0x80,0x80,0x80,0xC0,0xE0,
    0xE0,0xE0,0xFC,0xBF,0xBF,0xBF,0x4F,0xEF,0xE3,0xA1,0xFC,0x00,0x00,0x00,0x00,0x00,
    0x00,0x00,0x00,0xFF,0xFF,0xFF,0xFF,0xFF,0xFF,0xFF,0xFF,0x00,0x00,0x00,0x00,0x00,
    0x00,0x00,0x00,0xFF,0xFF,0xFF,0xFF,0xFF,0xFF,0xFF,0xFF,0x00,0x00,0x00,0x00,0x00,
    0x00,0x00,0x01,0xFF,0xFF,0xFF,0xFF,0xFF,0xFF,0xFE,0xFD,0x01,0x01,0x03,0x03,0x03,
    0x07,0x07,0x1F,0xFF,0xFD,0xFB,0xFA,0xFB,0xC7,0xE7,0x1E,0x00,0x00,0x20,0x02,0x00,
    0x40,0x00,0x08,0xFF,0xFF,0xDF,0xFD,0xFF,0xBF,0xFF,0xF7,0x00,0x01,0x20,0x00,0x00,
    0x82,0x00,0x10,0xFF,0xFE,0xDF,0xFF,0xFF,0x7D,0xFF,0xEF,0x01,0x08,0x00,0x00,0x40,
    0x04,0x00,0x00,0xFE,0xF7,0xFF,0xFF,0xBF,0xFB,0xFF,0xFF,0x10,0x00,0x00,0x02,0x10,
    0x00,0x00,0x40,0xEF,0xFF,0xFF,0xFD,0xEF,0xFF,0xFF,0xBF,0xFF,0xFF,0xFF,0xFF,0xFF,
    0xFF,0xFB,0xD0,0xFE,0xFF,0x7F,0xFF,0xFF,0xFF,0x6F,0xFF,0xBF,0xBB,0x33,0xF5,0x59,
    0x42,0x10,0x52,0xFF,0xFB,0xFB,0x3F,0xB7,0xBD,0xFF,0xFF,0xDA,0xFE,0xEB,0xEB,0xDB,
    0xFF,0xFF,0xFF,0xFF,0xFF,0xEF,0xEF,0xFF,0xFF,0xFF,0xFF,0xEF,0xEF,0xFE,0xB8,0x6D,
    0x49,0x4E,0xDA,0x6F,0x6B,0x3B,0x6F,0xBE,0xBE,0xFF,0xFF,0xAA,0xBB,0xBF,0xFF,0xFF,
    0x7E,0xFF,0xFF,0xAF,0xBF,0xBF,0xFF,0xFF,0xFF,0xFF,0xFF,0x00,0x00,0x00,0x01,0x07,
    0x07,0x0F,0x1F,0xFF,0xFE,0xF8,0xE1,0xF6,0xE7,0xCF,0xDF,0x1F,0x1F,0x3F,0x7F,0x7F,
    0x7F,0x7F,0x7F,0xDB,0x9F,0xBF,0xEF,0xFF,0xFD,0xDF,0xFF,0x00,0x00,0x63,0xFF,0xFF,
    0xFF,0xFF,0xFF,0x98,0x00,0x63,0xFE,0xFF,0xF7,0xFF,0xFF,0xFF,0xFF,0xFF,0xFF,0xFF,
    0xFF,0xFF,0xFF,0xFF,0xFF,0xDF,0xFF,0xFF,0xFF,0x7F,0xFF,0x00,0x00,0x80,0xF0,0xF0,
    0xF0,0xF0,0xFC,0x7F,0x1F,0x83,0xF7,0xFF,0xDF,0xF3,0xFD,0xFE,0xFE,0xFE,0xFE,0xFE,
    0xFC,0xFC,0xFC,0x7E,0xF6,0xFE,0xFF,0xEF,0xFF,0xFF,0xFF,0xFF,0xFF,0xFF,0xFF,0x7F,
    0x7F,0x7F,0x7F,0xFE,0xBF,0xFF,0xFF,0xEF,0xFF,0xFF,0xFF,0x7F,0x3F,0x0F,0x07,0x07,
    0x07,0x03,0x00,0xEF,0xFF,0xFF,0xFF,0xF7,0xE7,0xFF,0xFF,0xFF,0xFF,0xFF,0xFF,0xFF,
    0xFF,0xFF,0xFF,0xFF,0xF7,0xFF,0xFF,0xFF,0xEF,0xFF,0xFF,0xFF,0xFF,0xFF,0xFF,0xFF,
    0xFF,0xFB,0xD0,0xFE,0xFF,0x7F,0xFF,0xFF,0xFF,0x6F,0xFF,0xFC,0xFC,0xFC,0xFC,0xFC,
    0xFC,0xFC,0xFE,0xF5,0xFD,0xFD,0xFD,0xFD,0xED,0xFC,0xFE,0xFE,0xFE,0xFC,0xF0,0xF0,
    0xF0,0xE0,0x00,0xFF,0xBB,0xFF,0xFF,0xF7,0x73,0xFF,0xFF,0x00,0x00,0xE0,0xFF,0xFF,
    0xFF,0xFF,0xFF,0x1F,0x00,0xE0,0xFF,0xDD,0xFF,0xFF,0xFE,0x00,0xC0,0x80,0xC0,0xC0,
    0xF0,0x68,0x68,0xFF,0xFF,0x1F,0x1F,0x07,0x03,0x0B,0x0B,0x68,0x68,0xE8,0xE8,0xF8,
    0xF0,0xF8,0x78,0x0B,0x0B,0x0B,0x0B,0x03,0x33,0x41,0xC0,0x00,0x00,0x00,0x00,0x00,
    0x00,0x00,0x00,0xFF,0xFF,0xFF,0xFF,0xFF,0xFF,0xFF,0xFF,0x3C,0x7E,0xFC,0xFC,0xFC,
    0xF8,0x40,0x00,0xC3,0x81,0x02,0x02,0x02,0x04,0xB9,0xC3,0x00,0x03,0x07,0x07,0x1F,
    0x3F,0x2F,0x2F,0xFF,0xFF,0xFC,0xFC,0xF8,0xE0,0xE9,0xE9,0x2F,0x2F,0x2F,0x2F,0x3F,
    0x3F,0x7F,0xFE,0xE9,0xE9,0xE8,0xE8,0xE0,0xE0,0xC0,0x81,0xF6,0xF6,0xF2,0x06,0xFE,
    0xFA,0xFA,0x06,0xA0,0xA0,0xA0,0x04,0xF8,0x80,0x80,0x04,0xFE,0xFA,0xFA,0x06,0xFE,
    0xFE,0xFE,0x00,0xF8,0x80,0x80,0x04,0xF8,0x80,0x80,0x00,0xFF,0x00,0x7C,0x7C,0x38,
    0x10,0x10,0x78,0x00,0x00,0x81,0x81,0xC3,0xE7,0xE7,0x81,0x7E,0xFE,0xFE,0xFE,0xFE,
    0xFE,0xFE,0x00,0xFF,0x80,0x80,0x80,0x80,0x80,0x80,0x00,0xFE,0xFE,0xBE,0xC0,0xFE,
    0xBE,0xBE,0xC0,0x81,0x81,0x81,0xC1,0xBF,0x81,0x81,0xC1,0xBE,0xBE,0xBE,0xC0,0xFE,
    0xFE,0x7E,0x00,0xBF,0x81,0x81,0xC1,0xBF,0x81,0x01,0x00,0x07,0xFF,0xFB,0xFC,0xFF,
    0xFD,0xFD,0x01,0xFF,0xFC,0x00,0x00,0x7C,0x80,0x00,0x00,0xC6,0xFE,0x01,0xC0,0xB0,
    0x30,0x10,0x10,0x00,0x00,0x00,0x3F,0x40,0x80,0x80,0x00,0xE0,0xFF,0xEF,0x0F,0xFF,
    0xFE,0xFF,0xC0,0xFF,0x1F,0x00,0x00,0x3E,0x40,0x40,0x40,0xE3,0xFF,0xC0,0x03,0x0D,
    0x0C,0x08,0x08,0x40,0x40,0x00,0xFC,0x02,0x01,0x01,0x00,0x00,0x00,0x00,0x00,0x00,
    0x04,0xC8,0xD8,0xFD,0xF9,0x31,0x00,0x00,0x00,0x00,0x00,0x78,0x70,0xF0,0xF1,0xB9,
    0xA9,0xA9,0xB1,0x00,0x00,0x00,0x00,0x00,0x00,0x00,0x00,0x00,0x00,0x00,0x00,0x00,
    0x00,0x00,0x00,0xFF,0xFF,0xFF,0xFF,0xFF,0xFF,0xFF,0xFF,0x00,0x00,0x00,0x00,0x00,
    0x00,0x00,0x00,0xFF,0xFF,0xFF,0xFF,0xFF,0xFF,0xFF,0xFF,0x0D,0x0D,0x0D,0x2D,0x2D,
    0x2D,0x2D,0x2D,0xC0,0xC0,0xC0,0xC0,0xC0,0xC0,0xC0,0xC0,0x69,0x4B,0x5B,0x5B,0x5F,
    0xD7,0xF7,0xCD,0x80,0x80,0x80,0x80,0x80,0x00,0x00,0x32,0x46,0x7F,0x78,0x38,0x7E,
    0xFF,0x37,0x03,0xBF,0x8F,0x87,0x87,0xF1,0xF8,0xF0,0xF0,0x01,0x01,0x00,0x00,0x00,
    0x07,0x0F,0x03,0xF8,0xFC,0xFC,0xFE,0xFE,0xFF,0xFF,0xFF,0x10,0x18,0x1E,0x17,0x07,
    0x0F,0xCB,0xEB,0xEF,0xE0,0xE0,0xE0,0xE0,0xE0,0x20,0x00,0xFB,0xB7,0xBB,0x1B,0x0B,
    0xC3,0xC7,0x87,0x00,0x00,0x00,0x00,0x00,0xC0,0xC0,0x80,0x00,0x00,0x08,0x88,0xFC,
    0xFE,0xF7,0xF7,0x87,0x03,0x00,0x00,0x00,0x00,0x00,0x00,0xE3,0xE3,0xE3,0xF7,0xFF,
    0xE4,0x84,0x80,0x00,0x08,0x08,0x00,0x00,0x00,0x00,0x00,0x00,0x00,0x00,0x00,0x07,
    0x1F,0x2F,0xEE,0x81,0x00,0x00,0x00,0x00,0x00,0x00,0x00,0xC6,0xC6,0xC6,0xEE,0xFE,
    0x3E,0x0B,0x02,0x00,0x10,0x10,0x00,0x00,0x00,0x00,0x00,0xB2,0xB2,0x92,0x92,0x98,
    0x9C,0x95,0x95,0x00,0x00,0x00,0x00,0x00,0x00,0x00,0x00,0xB5,0xA4,0xAC,0xE8,0xFC,
    0xB9,0xC1,0xF9,0x00,0x00,0x00,0x00,0x00,0x00,0x00,0x00,0x02,0x04,0x1C,0x2B,0x56,
    0xC0,0xA0,0x20,0xFC,0xF8,0xE1,0xC3,0x87,0x07,0x0F,0x0F,0x40,0x00,0x80,0x80,0x00,
    0x00,0x00,0x40,0x1F,0x1F,0x3F,0x3F,0x3F,0x1F,0x1F,0x0F,0x03,0x07,0x0F,0x1F,0x3F,
    0x3F,0x3F,0x33,0xFC,0xF8,0xF0,0xE3,0xC3,0xCF,0xCF,0xC3,0xFF,0xBF,0xBE,0xBF,0xFF,
    0xFF,0xFF,0x00,0xC3,0x83,0x80,0x80,0xFF,0x00,0x00,0x00,0x80,0xC0,0xE0,0x70,0x78,
    0xD8,0xD8,0x18,0x7F,0x7F,0x3F,0x1F,0x0F,0xCF,0xCF,0x0F,0x7E,0x7A,0x7A,0xFA,0xFE,
    0xFE,0xFE,0x00,0x0F,0x0A,0x0A,0x0A,0xFE,0x00,0x00,0x00,0x27,0x0C,0x1C,0x1F,0xFD,
    0xB4,0xFD,0xFD,0xC8,0xC0,0xE4,0xE7,0x00,0x00,0x00,0x00,0xFD,0xFD,0xFD,0xFD,0xB5,
    0xFC,0x00,0x00,0x00,0x01,0x00,0x01,0x00,0x01,0x80,0x00,0xA4,0xC4,0xE4,0xE4,0xE4,
    0x14,0xFC,0xEC,0x4F,0x0F,0x9F,0x9F,0x0F,0x07,0x05,0x01,0xEC,0xEC,0xF4,0xF4,0xC4,
    0x3C,0x7C,0x00,0x01,0x81,0xF5,0x85,0x05,0x87,0x05,0x00,0x00,0x0A,0x2F,0x37,0x7F,
    0x7D,0xFF,0xDF,0xFF,0xF4,0xD0,0xC0,0x80,0x80,0x00,0x00,0x7F,0xF7,0xFF,0xDF,0x7E,
    0x1F,0x07,0x00,0x80,0x00,0x00,0x00,0x80,0xE5,0xF7,0xE0,0x00,0x00,0x80,0xC8,0xE0,
    0xD0,0xC0,0xE0,0xFF,0x3F,0x07,0x03,0x03,0x01,0x03,0x01,0x64,0xE0,0x80,0xD0,0x00,
    0x20,0xC0,0x00,0x01,0x01,0x03,0x03,0x07,0x1F,0xC0,0x03,0x30,0x78,0x59,0xB9,0xB9,
    0xB3,0xF3,0xF3,0xC7,0x83,0xA0,0x42,0x42,0x44,0x04,0x04,0x73,0x73,0x73,0xF7,0xF7,
    0xFF,0x7D,0x00,0x84,0x84,0x84,0x00,0x00,0x00,0x80,0x00,0x00,0x00,0xC0,0xF0,0xF0,
    0xF8,0x78,0x60,0xFF,0xFF,0x0F,0x07,0x03,0x03,0x01,0x01,0x68,0x28,0x28,0xA0,0xE4,
    0x8C,0xC0,0x00,0x01,0x01,0x01,0x01,0x01,0x03,0x00,0x03,0x00,0x00,0x00,0x00,0x00,
    0x02,0x06,0x06,0xFF,0xFF,0xFF,0xFF,0xFC,0xFC,0xF8,0xF8,0x06,0x36,0x7E,0x76,0x74,
    0x74,0xFC,0xFC,0xE0,0xC0,0x80,0x80,0x80,0x80,0x00,0x00,0x30,0x78,0xFC,0x7C,0x7C,
    0x78,0x7C,0x7C,0xC3,0x81,0x01,0x80,0x80,0x80,0x80,0x01,0xFE,0xFE,0xFC,0x7C,0x7C,
    0xFC,0x78,0x4C,0x01,0x01,0x01,0x80,0x00,0x00,0x01,0x01,0x00,0x10,0x38,0x7C,0x7C,
    0x7E,0x7E,0x7C,0xFF,0xE7,0xC3,0x81,0x01,0x80,0x80,0x80,0xFC,0xF8,0xF8,0x7C,0x7E,
    0x0E,0xF4,0xE6,0x01,0x01,0x01,0x80,0x00,0xC0,0x00,0x00,0x00,0x00,0x00,0x00,0x00,
    0x00,0x80,0xC0,0xFF,0xFF,0xFF,0xFF,0xFF,0xFF,0x7F,0x07,0xB8,0xF8,0xFC,0x7C,0x7C,
    0x78,0x18,0x08,0x03,0x03,0x01,0x81,0x81,0x81,0x81,0x83,0xF7,0xF7,0xE7,0xE7,0xE7,
    0xE7,0x47,0x07,0x08,0x08,0x08,0x08,0x08,0x08,0x08,0x88,0x07,0x05,0x00,0x00,0x00,
    0x00,0x00,0x00,0xE0,0xF0,0xF8,0xFF,0xFF,0xFF,0xFF,0xFF,0x0C,0xCE,0xCE,0xCF,0xCF,
    0xCF,0xC7,0xC3,0x10,0x10,0x10,0x10,0x10,0x10,0x08,0x04,0xC3,0x83,0x03,0x03,0x03,
    0x03,0x03,0x00,0x04,0x04,0x04,0x04,0xF4,0xF8,0xF8,0xFC,0xE0,0xF1,0xF1,0x71,0x73,
    0xF3,0xF3,0xF3,0x09,0x02,0x02,0x82,0x84,0x04,0x04,0x04,0xE3,0xE3,0x41,0x40,0x9F,
    0x9E,0xBF,0x2C,0x04,0x04,0x84,0x9C,0x20,0x20,0x40,0x52,0xC3,0xF0,0xF2,0xFA,0xFA,
    0xFE,0xE0,0xDC,0x08,0x01,0x00,0x00,0x00,0x00,0x19,0x21,0xDE,0xDE,0x9C,0x9C,0x1C,
    0x1C,0x18,0x00,0x20,0x20,0x20,0x21,0x21,0x21,0x00,0x99,0x7E,0x7F,0x4F,0x37,0x77,
    0x77,0x77,0x77,0x80,0x80,0x80,0xC0,0x80,0x80,0x80,0x80,0x76,0x76,0x36,0x36,0x34,
    0x20,0x00,0x00,0x80,0x80,0x40,0x40,0x40,0x41,0x3F,0xFF,0x18,0x1C,0x1C,0x1C,0x1C,
    0x10,0x00,0x00,0x20,0x20,0x20,0x21,0x21,0x23,0x0F,0x3F,0x00,0x00,0x00,0x00,0x00,
    0x00,0x00,0x00,0x7F,0x7F,0x7F,0x7F,0xFF,0xFF,0xFF,0xFF,0x00,0x07,0x1F,0x3F,0x3F,
    0xFC,0xFC,0xFF,0xFF,0xFF,0x78,0x60,0x67,0x48,0x10,0x10,0xFF,0xF5,0xFD,0xC1,0xB6,
    0x32,0x10,0x10,0x13,0x04,0x08,0x3E,0x41,0x80,0x80,0x00,0x00,0xE1,0xE1,0xF9,0xF9,
    0x2D,0x37,0xF7,0xFF,0xFF,0x07,0x03,0xE3,0x00,0x00,0x00,0xF7,0xAF,0xBF,0x83,0x6D,
    0x4C,0x08,0x08,0xC0,0x20,0x10,0x7C,0x82,0x01,0x01,0x00,0xFF,0xFF,0xFF,0xFF,0xFF,
    0xFF,0xCF,0x00,0xEF,0xFF,0xFF,0xFF,0x7F,0xFB,0xFF,0xFF,0x00,0x00,0x00,0x00,0x00,
    0x00,0x00,0x00,0x7F,0x3F,0x1F,0x0F,0x07,0x03,0x01,0x00,0x00,0x00,0x00,0x00,0x00,
    0x00,0x00,0x00,0xFE,0xFC,0xF8,0xF0,0xE0,0xC0,0x80,0x00,0x02,0x04,0x08,0x10,0x20,
    0x40,0x80,0x00,0x03,0x07,0x0F,0x1F,0x3F,0x7F,0xFF,0xFF,0x40,0x20,0x10,0x08,0x04,
    0x02,0x01,0x00,0xC0,0xE0,0xF0,0xF8,0xFC,0xFE,0xFF,0xFF,0x02,0x04,0x08,0x10,0x20,
    0x40,0x80,0x00,0x02,0x04,0x08,0x10,0x20,0x40,0x80,0x00,0x40,0x20,0x10,0x08,0x04,
    0x02,0x01,0x00,0x40,0x20,0x10,0x08,0x04,0x02,0x01,0x00,0x01,0x02,0x04,0x08,0x10,
    0x20,0x40,0xFF,0x01,0x02,0x04,0x08,0x10,0x20,0x40,0xFF,0x80,0x40,0x20,0x10,0x08,
    0x04,0x02,0xFF,0x80,0x40,0x20,0x10,0x08,0x04,0x02,0xFF,0x01,0x02,0x04,0x08,0x10,
    0x20,0x40,0x81,0x01,0x02,0x04,0x08,0x10,0x20,0x40,0x81,0x80,0x40,0x20,0x10,0x08,
    0x04,0x02,0x81,0x80,0x40,0x20,0x10,0x08,0x04,0x02,0x81,0x01,0x00,0x00,0x00,0x00,
    0x00,0x00,0xFF,0x01,0x00,0x00,0x00,0x00,0x00,0x00,0xFF,0x80,0x00,0x00,0x00,0x00,
    0x00,0x00,0xFF,0x80,0x00,0x00,0x00,0x00,0x00,0x00,0xFF,0xFF,0x00,0x00,0x00,0x00,
    0x00,0x00,0xFF,0xFF,0x00,0x00,0x00,0x00,0x00,0x00,0xFF,0x3F,0x77,0x77,0x7E,0xFC,
    0xFC,0xDD,0xCD,0xFF,0xFF,0xFF,0xFF,0xFF,0xFF,0xFF,0xFF,0xCF,0xC7,0xC7,0xEF,0x6F,
    0x6D,0x7D,0x7D,0xFF,0xFF,0xFF,0xFF,0xFF,0xFF,0xFF,0xFF,0x01,0x03,0x0E,0x14,0x0E,
    0x3E,0x09,0x11,0x00,0x03,0x0B,0x1B,0x11,0x25,0x3E,0x7E,0x31,0x31,0x71,0x61,0x13,
    0x06,0x00,0x03,0x5E,0x5E,0x5E,0x5E,0x2C,0x19,0x0F,0x00,0xE0,0x20,0x38,0x38,0x1C,
    0x1C,0x1E,0x1E,0x00,0xC0,0xC0,0xC0,0xE0,0xE0,0xE0,0xE0,0x9E,0xB6,0xA2,0xA4,0x08,
    0x08,0x90,0xE0,0x60,0x58,0x7C,0x78,0xF0,0xF0,0x60,0x00,0x00,0x00,0x00,0x00,0x70,
    0x0F,0x00,0x43,0x00,0x00,0x07,0x80,0xF0,0x0F,0x03,0x53,0x30,0x08,0x10,0x03,0x00,
    0x02,0x00,0x03,0x3E,0x18,0x1C,0x03,0x36,0x0A,0x00,0x03,0xF8,0x06,0x01,0x01,0x00,
    0x02,0x0C,0x30,0xF8,0x06,0x11,0x0D,0x00,0x0E,0x3E,0x34,0x00,0xE0,0x04,0x30,0x00,
    0x88,0x30,0x00,0x82,0xE4,0xC4,0x3C,0x90,0xA8,0xF0,0x20,0x00,0x0A,0x00,0x00,0x0C,
    0x1F,0x3C,0x7F,0x07,0x0F,0x0D,0x0D,0x07,0x0F,0x0C,0x1B,0x7F,0x7F,0x77,0x77,0x77,
    0x2F,0x0F,0x19,0x93,0x83,0x81,0x00,0x00,0x00,0x00,0x06,0x07,0x0F,0x1F,0x1C,0x18,
    0x18,0x38,0x3C,0x00,0x03,0x07,0x0F,0x0D,0x0F,0x0D,0x0A,0x7E,0x5E,0x5F,0x5F,0x57,
    0x6F,0x2F,0x21,0x09,0x29,0x20,0x01,0x01,0x00,0x00,0x0E,0x0F,0x1F,0x18,0x08,0x0C,
    0x24,0x3F,0x7F,0x0F,0x1F,0x1D,0x1D,0x1F,0x3F,0x2F,0x67,0x7F,0x4F,0x47,0x0F,0x1F,
    0x1F,0x1E,0x0C,0x70,0x70,0x79,0x7F,0x61,0x18,0x1E,0x0C,0x00,0x00,0x08,0x64,0xA6,
    0x8E,0xA5,0x15,0x00,0x00,0x38,0x7C,0xFE,0xFE,0xFF,0xFF,0x0F,0x4E,0x7E,0x18,0x00,
    0x00,0x00,0x00,0xFF,0xFE,0x7E,0x18,0x00,0x00,0x00,0x00,0x08,0x09,0x03,0x03,0xFE,
    0xFF,0xFE,0xFE,0x13,0x16,0x0E,0x0F,0xFD,0xB4,0xFD,0xFD,0xFE,0xFF,0xFE,0xFF,0xFE,
    0xFE,0xFE,0x00,0xFD,0xFC,0xFD,0xFC,0xB5,0xFD,0x00,0x1E,0x08,0x8D,0xC5,0xC7,0x0A,
    0xF6,0x02,0x06,0xD0,0x75,0x75,0xF7,0xF2,0x0A,0xFE,0xF8,0x0F,0xC7,0x7E,0xC3,0x1B,
    0x26,0x02,0x02,0xF0,0x38,0x83,0x3E,0xE6,0xDA,0x3E,0x02,0x08,0x09,0x03,0x03,0xFE,
    0xFF,0xFE,0xFE,0x13,0x16,0x0E,0x0F,0xFD,0xB4,0xFD,0xFD,0xFE,0xFF,0xFE,0xFF,0xFE,
    0xFE,0xFE,0x00,0xFD,0xFC,0xFD,0xFC,0xB5,0xFD,0x00,0x00,0x0D,0x8D,0xC7,0xC2,0x0A,
    0xF6,0x06,0x0F,0xD5,0x75,0x77,0xF2,0xF2,0x0A,0xF8,0xF0,0x07,0xC6,0x7B,0xC3,0x02,
    0x1A,0x26,0x00,0xF8,0x3B,0x86,0x3E,0xFE,0xE6,0x1A,0x3C,0x08,0xAA,0xA4,0xE4,0x40,
    0x4F,0x60,0x28,0x13,0xB7,0xAF,0xEF,0x4F,0x40,0x5F,0x5F,0x28,0x20,0x3F,0x40,0x40,
    0x60,0x44,0x40,0x5F,0xDF,0xC0,0xBF,0x3F,0x5F,0x78,0x40,0x48,0x28,0x30,0x30,0x3F,
    0xF3,0x7B,0x39,0x90,0xD0,0xC0,0xC0,0xCE,0x1E,0x86,0xC6,0x3D,0x3F,0xFF,0x3F,0x3F,
    0x3F,0x7F,0x08,0xC2,0xC2,0x02,0xC2,0xC6,0xC6,0x00,0x70,0xA8,0xAA,0xE4,0x44,0x40,
    0x4F,0x20,0x28,0xB3,0xB7,0xEF,0x4F,0x4F,0x40,0x5F,0x5F,0x28,0x20,0x7F,0x40,0x40,
    0x40,0x7C,0x04,0xDF,0xDF,0x80,0x7F,0x7F,0x5F,0x40,0x38,0x48,0x28,0x30,0x30,0x3F,
    0xF3,0x7B,0x39,0x90,0xD0,0xC0,0xC0,0xCE,0x1E,0x86,0xC6,0x3D,0x3F,0xFF,0x3F,0x3F,
    0x7F,0x0F,0x00,0xC2,0xC2,0x02,0xC2,0xC6,0x86,0x70,0x00,0x06,0x1B,0xFF,0x7D,0x37,
    0xFF,0x7F,0x3F,0x01,0x04,0x00,0x02,0x08,0x0C,0x1B,0x19,0x7F,0x5F,0x1F,0x1B,0x03,
    0x03,0x03,0x0F,0x09,0x0D,0x03,0x00,0x00,0x00,0x00,0x00,0x06,0xDB,0x6F,0x3D,0xF7,
    0x7F,0x3F,0x7F,0x01,0x04,0x10,0x02,0x08,0x0C,0x1B,0x19,0xFF,0x1F,0x1F,0x33,0x07,
    0x0F,0x00,0x00,0x09,0x0D,0x03,0x00,0x00,0x00,0x00,0x00,0x00,0x03,0x01,0x0F,0x8F,
    0x87,0xFF,0xFF,0x00,0x00,0x00,0x00,0x03,0x02,0x04,0x07,0xFF,0xFF,0x87,0x8F,0x0F,
    0x01,0x03,0x00,0x07,0x04,0x02,0x03,0x00,0x00,0x00,0x00,0x24,0x6C,0xFC,0xFE,0xEE,
    0xFD,0xF7,0xFE,0x00,0x00,0x00,0xC0,0xF0,0x22,0x48,0xC1,0xFE,0xF7,0xFD,0xEE,0xFE,
    0xFC,0x6C,0x24,0xC1,0x48,0x22,0xF0,0xC0,0x00,0x00,0x00,0x01,0x01,0x09,0x0F,0x27,
    0x37,0x3F,0x3F,0x00,0x00,0x00,0x00,0x03,0x02,0x04,0x07,0x3F,0x3F,0x37,0x27,0x0F,
    0x09,0x01,0x01,0x07,0x04,0x02,0x03,0x00,0x00,0x00,0x00,0x12,0xB6,0xFC,0xFE,0xEE,
    0xFD,0xF7,0xFE,0x00,0x00,0x00,0xC0,0xF0,0x22,0x48,0xC1,0xFE,0xF7,0xFD,0xEE,0xFE,
    0xFC,0xB6,0x12,0xC1,0x48,0x22,0xF0,0xC0,0x00,0x00,0x00,0x00,0x00,0x00,0x00,0x00,
    0x00,0x00,0x00,0x00,0x00,0x00,0x00,0x00,0x00,0x00,0x00,0x00,0x00,0x00,0x00,0x00,
    0x00,0x00,0x00,0x00,0x00,0x00,0x03,0x0D,0x37,0x0E,0x00,0x00,0x00,0x00,0x00,0x00,
    0x00,0x00,0x00,0x00,0x00,0x00,0x00,0x00,0x00,0x00,0x00,0x00,0x00,0x00,0x00,0x00,
    0x00,0x00,0x00,0x00,0x00,0x03,0x05,0x0F,0x1A,0x07,0x00,0x00,0x00,0x00,0x00,0x00,
    0x04,0x06,0x0B,0x00,0x00,0x00,0x00,0x00,0x04,0x06,0x0C,0x0F,0x0F,0x0F,0x0F,0x07,
    0x05,0x00,0x00,0x08,0x0C,0x0C,0x1C,0x14,0xDE,0x3D,0x07,0x04,0x06,0x0B,0x0F,0x0F,
    0x0F,0x0F,0x0F,0x04,0x06,0x0C,0x08,0x0C,0x0C,0x0C,0x04,0x0F,0x1B,0x1E,0x2F,0x3B,
    0x5E,0x77,0x12,0x04,0x04,0x01,0x50,0x04,0x21,0x08,0x04,0x01,0x21,0x23,0x37,0x3F,
    0x1F,0x1F,0x0F,0x01,0x21,0x20,0x31,0x39,0x19,0x19,0x09,0x0F,0x37,0x3D,0x6F,0xBE,
    0xF7,0x1D,0x09,0x01,0x09,0x02,0x10,0x41,0x08,0x22,0x00,0x01,0x03,0x03,0x7D,0xFF,
    0x7D,0x01,0x23,0x01,0x03,0x02,0x7E,0xFE,0x7F,0x0F,0x1F,0x63,0x03,0x21,0x30,0x00,
    0x18,0x03,0x02,0x1F,0x1F,0x1F,0x0F,0x0F,0x07,0x00,0x00,0x00,0x38,0x7D,0x3F,0x03,
    0x06,0x1E,0x3C,0x00,0x38,0x7C,0x3E,0x06,0x0F,0x1F,0x3F,0x3C,0x78,0x00,0x10,0x30,
    0x08,0x0D,0x01,0x3F,0x7F,0x1F,0x0F,0x0F,0x07,0x00,0x00,0x00,0x00,0x00,0x00,0xE0,
    0xB2,0x80,0x80,0x00,0x00,0x00,0x00,0x83,0x0D,0x1F,0x3F,0x88,0x00,0xF7,0xB7,0x83,
    0x80,0x82,0x80,0x37,0x3F,0x8E,0x0E,0x0F,0x07,0x02,0x00,0x00,0x00,0x02,0x10,0x20,
    0x68,0x40,0x47,0x00,0x03,0x0D,0x0F,0x1F,0x57,0x3F,0x3E,0x97,0x33,0x70,0x42,0x40,
    0x40,0x40,0x80,0x0E,0x0F,0x07,0x42,0x00,0x00,0x00,0x00,0x1D,0x04,0x0C,0x02,0x06,
    0x80,0xC4,0xFE,0x02,0x03,0x03,0x01,0x01,0x03,0x03,0x01,0x7F,0x7F,0x3F,0x7F,0xFF,
    0x7F,0x20,0x00,0x00,0x00,0x00,0x00,0x00,0x0F,0x00,0x00,0xE0,0xF0,0xA0,0x80,0x10,
    0x3E,0x3F,0x3E,0x00,0x20,0x78,0x70,0xE0,0xDE,0xDF,0xDE,0xF0,0xF0,0xF8,0xFC,0xFC,
    0xF8,0x10,0x00,0x00,0x00,0x00,0x00,0x00,0xC0,0x00,0x00,0x00,0x0E,0x02,0x06,0x01,
    0x03,0x00,0x84,0x00,0x01,0x01,0x01,0x00,0x00,0x03,0x03,0xFE,0xFF,0x7F,0x3F,0x3F,
    0x1F,0x1F,0x1D,0x01,0x00,0x00,0x00,0x00,0x00,0x02,0x00,0x00,0xF0,0x78,0x50,0x40,
    0x08,0x3E,0x3F,0x00,0x00,0x90,0xBC,0xB8,0xF0,0xDE,0xDF,0x3E,0xF0,0xF0,0xF0,0xF0,
    0xE0,0xE0,0xC0,0xDE,0x00,0x00,0x00,0x00,0x00,0x00,0x00,0x07,0x0F,0x0F,0x0A,0x08,
    0x0B,0x04,0x0B,0x10,0x10,0x12,0x07,0x07,0x34,0x7B,0xF4,0x08,0xF6,0xFF,0x7F,0x7F,
    0x7F,0x7C,0x40,0xF7,0x09,0x60,0x60,0x60,0x60,0x60,0x40,0xC0,0xE0,0xE0,0xA0,0x20,
    0xA0,0x40,0x9E,0x10,0x10,0x90,0xC0,0xD8,0x5C,0xBC,0x60,0x1E,0xDC,0xFC,0xFC,0xFC,
    0xFC,0x78,0x70,0xEC,0x2C,0x0C,0x0C,0x0C,0x04,0x00,0x00,0x07,0x0F,0x0F,0x0F,0x0F,
    0x04,0x00,0x09,0x10,0x10,0x10,0x00,0x00,0x7B,0xFF,0xF6,0x0B,0x13,0x3D,0x3F,0x3F,
    0x3F,0x1C,0x00,0xF4,0x6C,0x02,0x00,0x00,0x00,0x00,0x00,0xC0,0xE0,0xE0,0xE0,0xE0,
    0x40,0x00,0x00,0x10,0x10,0x10,0x00,0x18,0xBC,0xFC,0xFC,0xA0,0xB0,0x78,0xF8,0xF8,
    0xF8,0x78,0x70,0x58,0x40,0x80,0x00,0x00,0x00,0x00,0x00,0x00,0x00,0x00,0x00,0x0C,
    0x1E,0x3F,0x37,0x00,0x00,0x00,0x00,0x3C,0x7E,0xFF,0xFF,0x37,0x3F,0x1E,0x0C,0x00,
    0x00,0x00,0x00,0xFF,0xFF,0x7E,0x1C,0x00,0x00,0x00,0x00,0x07,0x80,0x8C,0xDE,0xFF,
    0x63,0x7F,0x7F,0x07,0x9F,0xB3,0xE1,0xFF,0x5C,0x00,0x00,0x7F,0x3F,0x1F,0x0F,0x03,
    0x1F,0x3F,0x0F,0x1C,0x3F,0x1F,0x0F,0x03,0x00,0x00,0x00,0xE0,0xF0,0x62,0xCC,0xF8,
    0xF0,0xE0,0xE0,0xE0,0x78,0xB3,0x7E,0xFC,0xF8,0x78,0x30,0xE0,0xE0,0xF0,0xF0,0xF8,
    0xFC,0xFF,0xFE,0x30,0xF0,0xF8,0xF8,0xFC,0x3E,0x00,0x00,0x03,0x0F,0xDF,0x6F,0x6F,
    0x3F,0x1F,0x1F,0x03,0x0F,0xDF,0x7F,0x7F,0x3F,0x3F,0x1F,0x1F,0x3F,0x3F,0x7F,0x7E,
    0xE1,0xFF,0x7F,0x1F,0x3F,0x3F,0x7F,0x7F,0xFE,0x00,0x00,0x80,0xF0,0xFB,0xF6,0xEC,
    0xF8,0xF8,0xF0,0xF0,0xF8,0xFF,0xFF,0xFE,0xFC,0xFC,0xF8,0xF0,0xE0,0xE0,0xC0,0x00,
    0xF0,0xF8,0xF0,0xF8,0xF0,0xF0,0xE0,0xC0,0x00,0x00,0x00,0x00,0x09,0x16,0x19,0x33,
    0x23,0x03,0x47,0x03,0x0F,0x19,0x2E,0x5C,0x5D,0xFD,0xF8,0x8F,0x98,0x10,0x40,0x20,
    0x18,0x00,0x01,0xF0,0xEF,0x6F,0x7F,0x3F,0x1F,0x07,0x00,0xC0,0x30,0x08,0x08,0x94,
    0x06,0x06,0x06,0xC0,0xE0,0xF0,0xF0,0xE8,0xF8,0xF8,0xF8,0x86,0xC6,0x46,0x4C,0x4C,
    0x78,0xE0,0xC0,0x78,0x38,0xB8,0xB0,0xB0,0x80,0x00,0x00,0xC3,0xE7,0xFB,0xF5,0xF6,
    0xF7,0xF7,0xF0,0x81,0x41,0x65,0x6A,0xE9,0x6A,0x6A,0x6F,0xE7,0xEF,0xEF,0xEF,0xD0,
    0x4C,0x23,0x18,0xDF,0x5C,0x58,0xDF,0x2F,0x23,0x18,0x07,0xC3,0xE7,0xFB,0xF3,0xFB,
    0xFB,0xFB,0xFB,0x81,0x41,0x65,0x6D,0xF5,0x75,0x75,0x75,0xFD,0xFD,0xF3,0xE3,0xD3,
    0x4F,0x23,0x18,0xF5,0x75,0x6D,0xDD,0x2D,0x21,0x18,0x07,0x00,0x00,0x0F,0x1E,0x3E,
    0x3F,0x78,0x78,0x03,0x01,0x00,0x01,0x01,0x00,0x07,0x47,0x71,0x70,0x78,0x79,0x3F,
    0x23,0x00,0x01,0x3E,0x0F,0x7F,0x06,0xC0,0x1C,0x3F,0x3F,0x00,0x10,0x18,0x1E,0x00,
    0x0B,0x8C,0x90,0xE0,0xE8,0xF4,0xF8,0xFE,0xFC,0x7B,0x6F,0xC0,0xC0,0xF8,0xF0,0xF0,
    0xF0,0xE0,0x04,0x3E,0x3E,0xFC,0x0C,0x00,0x00,0x1C,0x7C,0x00,0x00,0x00,0x0F,0x1E,
    0x3E,0x3F,0x79,0x00,0x03,0x01,0x00,0x01,0x01,0x00,0x06,0x78,0x78,0x7C,0x7E,0x7F,
    0x3C,0x38,0x00,0x47,0x37,0x03,0x1F,0x00,0xC3,0x07,0x07,0x00,0x00,0x10,0x18,0x1E,
    0x00,0x0B,0x8C,0x00,0xE0,0xE8,0xF4,0xF8,0xFE,0xFC,0x7B,0x90,0x40,0x00,0x1F,0x10,
    0x70,0x10,0x20,0x6F,0xBE,0xFE,0xFF,0xEC,0x80,0xE0,0xE0,0x00,0x14,0x06,0x57,0x61,
    0x24,0x27,0x24,0x3C,0x0B,0x05,0x4E,0x5E,0x5F,0x5C,0xDB,0x11,0x50,0x78,0x7F,0x3F,
    0x07,0x03,0x54,0xEE,0xEF,0x47,0x50,0x0C,0x3B,0x7C,0x7C,0x00,0x28,0x60,0xE0,0x80,
    0x26,0xE4,0x24,0x3C,0xD8,0xA0,0x70,0x78,0xFA,0x3A,0xDA,0x88,0x08,0x10,0xF0,0xF4,
    0xFC,0xE4,0x00,0x76,0xF7,0xEF,0x0F,0x1E,0xE4,0x1E,0x00,0x00,0x00,0x00,0x27,0x0F,
    0x1F,0x1F,0x3F,0x3C,0x1F,0x07,0x28,0x20,0x60,0x60,0x40,0x3F,0x7F,0x7F,0x7F,0x1F,
    0x06,0x03,0x00,0x40,0x40,0x58,0x47,0x00,0x19,0x3C,0x3C,0x00,0x00,0x00,0xE0,0xF4,
    0xF0,0xF0,0xF0,0x3C,0xF8,0xE0,0x10,0x04,0x0C,0x0E,0x0E,0xF0,0xF8,0xFA,0xFE,0xFE,
    0xFA,0xF0,0x00,0x0E,0x06,0x36,0xC2,0x02,0x06,0x0E,0x00,0x00,0x00,0x00,0x00,0x00,
    0x00,0x00,0x00,0x00,0x00,0x00,0x00,0x00,0x00,0x00,0x00,0x00,0x00,0x00,0x00,0x00,
    0x00,0x00,0x00,0x00,0x00,0x00,0x00,0x00,0x00,0x00,0x00,0x00,0x00,0x00,0x00,0x10,
    0x10,0x0A,0x08,0x00,0x60,0x70,0x78,0x78,0x7C,0x7F,0x7F,0x08,0x10,0x12,0xFA,0x02,
    0xF8,0x40,0x00,0x3F,0x3F,0x1F,0x07,0x1F,0x07,0x7F,0xFF,0x00,0x00,0x00,0x10,0x10,
    0x0A,0x08,0x08,0xC0,0xF0,0xF8,0xF8,0xFC,0xFF,0x7F,0x7F,0x00,0x22,0xFA,0x02,0xF8,
    0x20,0x40,0x00,0x7F,0x3F,0x07,0x1F,0x07,0x3F,0x7F,0x73,0x01,0x03,0xE7,0x07,0x78,
    0x07,0x18,0x07,0x03,0xC4,0xEA,0xE8,0x7F,0x3F,0x1F,0x1F,0x18,0x03,0x1C,0x01,0x1E,
    0x00,0x7C,0x00,0x1F,0x1F,0x1F,0x1F,0x1E,0x1C,0x7C,0x7C,0x43,0x80,0xEF,0xD0,0x3C,
    0xC0,0x30,0xC0,0xC3,0x67,0xAF,0x3E,0xFC,0xF8,0xF0,0xF0,0x30,0xC0,0x18,0xF0,0x0E,
    0x10,0x00,0x00,0xF0,0xF0,0xF8,0xF8,0x7E,0x1E,0x00,0x00,0x03,0x07,0x07,0x07,0x0F,
    0x0F,0x0F,0x1F,0x00,0x00,0x02,0x02,0x02,0x00,0x00,0x00,0x1F,0x3F,0x3F,0x3F,0x3F,
    0x3F,0x1F,0x0F,0x00,0x00,0x00,0x00,0x00,0x00,0x00,0x00,0x00,0x00,0x03,0x07,0x07,
    0x0F,0x0F,0x0F,0x00,0x00,0x00,0x00,0x02,0x02,0x02,0x00,0x1F,0x3F,0x7F,0x7F,0x7F,
    0x7F,0x3F,0x1F,0x00,0x00,0x00,0x00,0x00,0x00,0x00,0x00,0x09,0x09,0x08,0x03,0x01,
    0x01,0x07,0x24,0x08,0x0E,0x0F,0x04,0x06,0x06,0xF8,0xDB,0x74,0x27,0x26,0x27,0x04,
    0xFC,0x0E,0x0E,0x8B,0xD8,0xD9,0xD8,0xFB,0x03,0x00,0x00,0x90,0x30,0x30,0xC0,0x00,
    0x20,0xD8,0x0C,0x10,0xF0,0xF0,0x30,0xF0,0xD0,0x38,0xFC,0x20,0x9E,0xFE,0x9C,0x1C,
    0x7C,0x7C,0x08,0xDC,0x60,0x1C,0x7C,0xFC,0x9C,0x1C,0x08,0x08,0x0C,0x0C,0x03,0x00,
    0x04,0x03,0x12,0x08,0x0F,0x0F,0x04,0x07,0x03,0x7C,0x6D,0x3A,0x13,0x13,0x13,0x02,
    0x7F,0x0E,0x00,0x45,0x6C,0x6C,0x6C,0x7D,0x00,0x00,0x00,0x88,0x88,0x08,0xE0,0x80,
    0x98,0xEC,0x10,0x08,0x78,0xF8,0x10,0x70,0x78,0x1C,0xEE,0x0F,0xCF,0x7E,0xCE,0x0E,
    0x0E,0x74,0x70,0xF0,0x3E,0x8E,0x3E,0xFE,0xFE,0x04,0x00,0x08,0x0C,0x08,0x00,0x00,
    0x00,0x3F,0x1F,0x08,0x0F,0x0F,0x07,0x07,0x03,0x30,0x00,0x3F,0x3F,0x7F,0x7F,0x7F,
    0x1F,0x00,0x00,0x00,0x00,0x00,0x00,0x00,0x00,0x0E,0x00,0x88,0x98,0x08,0x00,0x00,
    0x00,0xFC,0xF8,0x08,0x78,0xF8,0xF0,0xF0,0xE0,0x0C,0x00,0xF8,0xFC,0xFC,0xFE,0xFE,
    0xFF,0x00,0x00,0x00,0x00,0x00,0x00,0x00,0x00,0x38,0x38,0x03,0x07,0x03,0x00,0x00,
    0x03,0x0F,0x16,0x02,0x03,0x07,0x07,0x0F,0x0F,0x07,0x09,0x14,0x3C,0x33,0x70,0x78,
    0xFF,0x03,0x03,0x0B,0x03,0x0C,0x0F,0x07,0x00,0x00,0x00,0xF0,0x10,0x00,0x70,0x10,
    0x14,0xB4,0xF4,0x00,0xE0,0xF0,0x80,0xE0,0xE8,0xC8,0x08,0xFE,0xFF,0xFE,0x44,0x04,
    0xC4,0xC0,0xE0,0x3E,0x3F,0x3E,0xA8,0xC8,0x08,0x00,0x00,0x00,0x03,0x07,0x03,0x00,
    0x00,0x03,0x0F,0x00,0x02,0x03,0x07,0x07,0x0F,0x0F,0x07,0x16,0x34,0x3C,0x73,0xF0,
    0x38,0x1C,0x1E,0x09,0x0B,0x03,0x0C,0x0F,0x07,0x00,0x00,0x00,0xF0,0x10,0x00,0x70,
    0x14,0x14,0xB4,0x00,0x00,0xE0,0xF0,0x80,0xE8,0xE8,0xC8,0xF4,0xFE,0xFF,0xFE,0x44,
    0x3C,0xF0,0x60,0x08,0x3E,0x3F,0x3E,0xA8,0xC0,0x00,0x00,0x00,0xC3,0x42,0x00,0x18,
    0x3C,0x3C,0x3C,0x00,0xC3,0x7E,0x7E,0x7E,0xFF,0xE7,0xE7,0x3C,0x3C,0x3C,0x18,0x00,
    0x42,0xC3,0x00,0xE7,0xE7,0xFF,0x7E,0x7E,0x7E,0xC3,0x00,0x00,0x00,0x2C,0x7E,0x56,
    0xE3,0x42,0xE7,0x00,0x00,0x00,0x00,0x28,0x1C,0x3C,0x18,0xC3,0x62,0xC7,0x6A,0x7E,
    0x34,0x00,0x00,0x3C,0x1C,0x38,0x14,0x00,0x00,0x00,0x00,0x00,0x0F,0x3F,0x3F,0x1F,
    0x22,0x20,0x0C,0x0F,0x30,0x40,0xC0,0xE0,0xFF,0xFF,0x73,0x73,0x22,0x20,0x07,0x78,
    0x22,0x22,0x00,0x8C,0xFF,0xFF,0x78,0x87,0xFF,0xFF,0x73,0x00,0x00,0x0F,0x3F,0x3F,
    0x1F,0x22,0x20,0x00,0x0F,0x30,0x40,0xC0,0xE0,0xFF,0xFF,0x0C,0x73,0x22,0xA7,0x7A,
    0x20,0x00,0x00,0x73,0x8C,0xFF,0x78,0x87,0x73,0x00,0x00,0x00,0x00,0x00,0x0F,0x3F,
    0x3F,0x1F,0x22,0x00,0x00,0x0F,0x30,0x40,0xC0,0xE0,0xFF,0x20,0x8C,0x73,0x20,0x00,
    0x00,0x00,0x00,0xFF,0x73,0x8C,0x78,0x00,0x00,0x00,0x00,0x03,0x07,0x07,0x07,0x0F,
    0x0F,0x0F,0x1F,0x00,0x00,0x02,0x02,0x02,0x00,0x00,0x00,0x1F,0x3F,0x3F,0x3F,0x3F,
    0x3F,0x1F,0x0F,0x00,0x00,0x00,0x00,0x00,0x00,0x00,0x00,0x00,0x00,0x03,0x07,0x07,
    0x0F,0x0F,0x0F,0x00,0x00,0x00,0x00,0x02,0x02,0x02,0x00,0x1F,0x3F,0x7F,0x7F,0x7F,
    0x7F,0x3F,0x1F,0x00,0x00,0x00,0x00,0x00,0x00,0x00,0x00,0x20,0x30,0x72,0x78,0x72,
    0xC4,0x83,0x00,0x0C,0x07,0x07,0x07,0x0F,0x1B,0x1C,0x3F,0x08,0x04,0x22,0x12,0x0C,
    0x00,0x00,0x00,0x37,0xBB,0xDD,0xED,0xF3,0xFF,0x00,0x00,0x00,0x10,0x18,0x1A,0x18,
    0x32,0x24,0x23,0x00,0x0C,0x07,0x07,0x07,0x0F,0x1B,0x1C,0x00,0x08,0x04,0x02,0x12,
    0x0C,0x00,0x00,0x3F,0x37,0x3B,0x1D,0x0D,0x13,0x1E,0x3E,0x20,0x30,0x70,0x78,0x7C,
    0xE4,0x80,0x00,0x0C,0x07,0x07,0x07,0x03,0x1B,0x1F,0x3F,0x00,0x30,0x00,0x00,0x00,
    0x00,0x00,0x00,0x3F,0x8F,0xFF,0xFF,0xFF,0xFF,0x00,0x00,0x00,0x10,0x18,0x38,0x3C,
    0x3C,0x70,0x40,0x00,0x0C,0x07,0x07,0x03,0x03,0x0F,0x3F,0x00,0x00,0x10,0x10,0x00,
    0x00,0x00,0x00,0x3F,0x3F,0x2F,0x0F,0x0F,0x0F,0x0E,0x1E,0x00,0x00,0x00,0x61,0x73,
    0x3B,0x10,0x10,0x07,0x1F,0x3F,0x7E,0x6C,0x64,0x2F,0x2F,0x10,0x00,0x04,0x04,0x04,
    0x08,0x10,0x00,0x2F,0x1F,0x1B,0x1B,0x0B,0x07,0x0F,0x1F,0x00,0x00,0x02,0xE2,0xF2,
    0xF2,0x00,0x00,0xC0,0xE0,0xF2,0x16,0xAC,0xAC,0xFC,0xFC,0x40,0xE0,0x40,0x00,0x00,
    0x00,0x00,0x00,0xFC,0xB8,0xF8,0xF8,0xFC,0xFC,0xFE,0xFE,0x00,0x00,0x00,0x00,0x61,
    0x73,0x3B,0x10,0x00,0x07,0x1F,0x3F,0x7E,0x6C,0x64,0x2F,0x10,0x10,0x00,0x04,0x04,
    0x04,0x08,0x00,0x2F,0x2F,0x1F,0x1B,0x1B,0x0B,0x07,0x3F,0x00,0x00,0x00,0x02,0xE2,
    0xF2,0xF2,0x00,0x00,0xC0,0xE0,0xF2,0x16,0xAC,0xAC,0xFC,0x00,0x40,0xE0,0x40,0x00,
    0x00,0x00,0x00,0xFC,0xFC,0xB8,0xF8,0xF8,0xFC,0xFC,0xFF,0x00,0xC0,0x80,0x90,0x10,
    0x10,0x08,0x08,0x03,0xC7,0xEF,0xEF,0x6F,0x6F,0x77,0x37,0x04,0x02,0x01,0x10,0x10,
    0x00,0x00,0x00,0x3B,0x3D,0x3E,0x2F,0x2F,0x1F,0x3F,0x3F,0x00,0x00,0xC0,0x80,0x90,
    0x10,0x10,0x08,0x00,0x03,0xC7,0xEF,0xEF,0x6F,0x6F,0x77,0x08,0x04,0x02,0x01,0x10,
    0x10,0x00,0x00,0x37,0x3B,0x3D,0x3E,0x2F,0x2F,0x1F,0x7F,0x02,0x0C,0x1F,0x37,0x3F,
    0x37,0x7F,0x4F,0x01,0x0B,0x07,0x29,0x33,0x4D,0x69,0x3F,0x7F,0x77,0x6F,0x3A,0x36,
    0x1E,0x0B,0x01,0x1E,0x7B,0x5B,0x1D,0x0F,0x15,0x04,0x03,0xC0,0xF0,0xC0,0x3C,0xC4,
    0xFA,0xF4,0xFC,0x40,0xE0,0x38,0xE8,0xF8,0xAE,0x9A,0xF2,0xF6,0xD4,0xDA,0xE0,0xBC,
    0x80,0xB0,0x40,0x7E,0xEA,0xEC,0x7C,0xCC,0x78,0xF0,0x80,0x00,0x00,0x00,0x00,0x00,
    0x10,0x38,0x38,0x00,0x00,0x00,0x00,0x00,0x08,0x0C,0x0C,0x7E,0xFF,0xFF,0xFF,0x7E,
    0x00,0x00,0x00,0x04,0x00,0x00,0x00,0x00,0x00,0x00,0x00,0x00,0x00,0x00,0x00,0x10,
    0x38,0x38,0x7E,0x00,0x00,0x00,0x00,0x08,0x0C,0x0C,0x04,0x7E,0x7E,0x7E,0x7E,0x3C,
    0x00,0x00,0x00,0x00,0x00,0x00,0x00,0x00,0x00,0x00,0x00,0x02,0x02,0x02,0x02,0x07,
    0x0B,0xFC,0x0C,0x02,0x02,0x02,0x02,0x08,0x04,0xF3,0x03,0x0C,0xFC,0x0B,0x07,0x02,
    0x02,0x02,0x02,0x03,0xF3,0x04,0x08,0x02,0x02,0x02,0x02,0x00,0x0A,0x08,0x00,0x0C,
    0x1F,0x3C,0x7F,0x07,0x1F,0x1D,0x0D,0x07,0x0F,0x0C,0x1F,0x3F,0x3F,0x77,0x77,0x67,
    0x2F,0x0F,0x19,0xD3,0xC3,0x81,0x00,0x00,0x00,0x00,0x06,0x00,0x00,0x00,0x00,0x0A,
    0x19,0x3D,0x3F,0x00,0x00,0x00,0x00,0x00,0x02,0x02,0x00,0x7F,0x7F,0xD7,0x82,0x00,
    0x00,0x00,0x00,0x00,0x00,0x00,0x00,0x00,0x00,0x00,0x00,0x00,0x00,0x00,0x00,0x06,
    0x05,0x0D,0x0F,0x00,0x00,0x00,0x00,0x00,0x02,0x02,0x00,0x1F,0x1F,0x1F,0x0E,0x0C,
    0x04,0x00,0x00,0x00,0x00,0x00,0x00,0x00,0x00,0x00,0x00,0x00,0x00,0x40,0x80,0x00,
    0x18,0x34,0x24,0x00,0x80,0xB0,0x78,0xFC,0xE4,0xC8,0xD8,0x64,0x44,0x8C,0x08,0x18,
    0x30,0xE0,0xC0,0x98,0xB8,0x70,0xF0,0xE0,0xC0,0x00,0x00,0x00,0x00,0x00,0x00,0x00,
    0x00,0x00,0x00,0x01,0x03,0x03,0x07,0x0F,0x0F,0x0F,0x07,0x00,0x00,0x00,0x00,0x04,
    0x08,0x08,0x00,0x01,0x04,0x0E,0x4E,0x2F,0x3B,0x19,0x00,0x00,0x60,0x70,0x38,0x00,
    0x08,0x1E,0x00,0xE0,0x90,0x80,0xC0,0xFC,0xC8,0x80,0xF8,0x00,0x60,0x60,0x60,0x60,
    0x60,0xC0,0x00,0xE0,0x80,0xF0,0x90,0xF0,0x90,0xE0,0x00,0x00,0x00,0x00,0x00,0x00,
    0x00,0x00,0x00,0x00,0x00,0x00,0x00,0x01,0x03,0x03,0x03,0x00,0x00,0x00,0x00,0x00,
    0x00,0x00,0x00,0x01,0x00,0x00,0x07,0x0F,0x59,0x30,0x00,0x00,0x00,0x18,0x1C,0x0E,
    0x00,0x02,0x00,0x00,0x78,0xE4,0xE0,0xF0,0xFF,0xF2,0xE0,0x00,0x00,0x18,0x0C,0x0E,
    0x06,0x0C,0x00,0xFE,0x78,0x20,0x3C,0xF0,0xFE,0x70,0x00,0x07,0x0F,0x0F,0x0F,0x07,
    0x04,0x39,0x73,0x07,0x09,0x0B,0x0E,0x07,0x07,0x3F,0x4F,0x61,0x6F,0x3D,0x0F,0x18,
    0x78,0x00,0x00,0x59,0x57,0x25,0x0F,0x18,0x78,0x00,0x00,0xC0,0xE0,0xE0,0xE0,0xC0,
    0xC0,0x7F,0xDE,0xC4,0x26,0xA6,0xE6,0xC6,0xC6,0x70,0xDE,0x06,0xC6,0x40,0x80,0x60,
    0x30,0x30,0x3C,0x06,0xC0,0x40,0x80,0x60,0x30,0x30,0x3C,0x00,0x00,0x08,0x11,0x11,
    0x62,0x02,0x90,0x00,0x1B,0x37,0x2E,0x6E,0x5D,0x7F,0xFF,0x00,0x48,0x01,0x94,0x00,
    0x21,0x04,0x07,0xFF,0xFF,0xFE,0xFF,0xFF,0x7F,0x3F,0x08,0x02,0x41,0x81,0x01,0x09,
    0x12,0x20,0x60,0xDC,0xBE,0x7E,0xFE,0xF6,0xE4,0xC0,0x86,0xC1,0x81,0x83,0x82,0x06,
    0x18,0xF0,0xC0,0x0E,0x0E,0x1C,0x7C,0xF8,0xE0,0x00,0x00,0x00,0x03,0x03,0x07,0x0E,
    0x0F,0x1F,0x1B,0x3C,0x0C,0x00,0x03,0x01,0x07,0x0F,0x0C,0x38,0x3C,0x3D,0x3F,0x19,
    0x00,0x0E,0x00,0x07,0x0F,0x1E,0x1C,0x1E,0x1F,0x00,0x00,0x00,0xE0,0xE0,0xF0,0x38,
    0xFC,0xFE,0xEE,0x1E,0x18,0x00,0x60,0xC0,0xF0,0xF8,0x18,0x02,0x02,0xC4,0xF8,0xC0,
    0x00,0x38,0x38,0xFC,0xFC,0x38,0x84,0x3C,0xF8,0x00,0x00,0x00,0x03,0x03,0x07,0x0F,
    0x0C,0x00,0x08,0x3C,0x0C,0x00,0x00,0x00,0x03,0x07,0x07,0x18,0x18,0x18,0x17,0x00,
    0x00,0x0E,0x00,0x07,0x07,0x07,0x08,0x1F,0x0F,0x00,0x00,0x00,0xE0,0xE0,0xF0,0xF8,
    0x1C,0x06,0x06,0x1E,0x18,0x00,0x00,0x00,0xE4,0xFA,0xF8,0x02,0x02,0x04,0xF8,0x00,
    0x00,0x38,0x38,0xFC,0xFC,0xF8,0x04,0xFC,0xF8,0x00,0x00,0x01,0x00,0x03,0x07,0x0F,
    0x0F,0x03,0x00,0x0E,0x07,0x00,0x00,0x00,0x10,0x1C,0x3F,0x0F,0x1F,0x1F,0x07,0x00,
    0x00,0x07,0x07,0x70,0x67,0x67,0x3F,0x3F,0x0F,0x00,0x00,0xC0,0xF0,0xF8,0xF0,0xFC,
    0xFC,0xF8,0xE0,0x00,0x00,0x30,0x0C,0x7C,0xFC,0x80,0x10,0x00,0x08,0xF8,0x88,0x00,
    0x00,0x80,0xC0,0xF0,0xF0,0x80,0xF0,0xF8,0xF0,0x00,0x00,0x00,0x00,0x00,0x01,0x03,
    0x07,0x07,0x01,0x00,0x07,0x03,0x00,0x00,0x00,0x08,0x0E,0x00,0x01,0x01,0x01,0x00,
    0x18,0x38,0x1E,0x1F,0x1E,0x1E,0x1E,0x0F,0x03,0x07,0x00,0x00,0xE0,0x78,0xFC,0xF8,
    0xFE,0xFE,0xFC,0x00,0x00,0x80,0x18,0x06,0x3E,0x7E,0x40,0x70,0xFF,0xFF,0xFE,0xE0,
    0x00,0x06,0x1F,0x88,0x07,0x07,0x06,0x1C,0xFC,0xF8,0x00,0x80,0x40,0x30,0x3B,0x16,
    0x00,0x00,0x40,0x80,0x40,0x37,0x3F,0x1B,0x1F,0x7F,0xB9,0x08,0x00,0x48,0x40,0x00,
    0x00,0x01,0x03,0xFB,0xE7,0x4C,0x48,0x00,0x00,0x00,0x03,0x02,0x06,0x0C,0x1C,0x18,
    0x38,0x38,0x38,0x01,0x07,0x03,0x1F,0x1F,0x07,0x3F,0x3F,0x18,0x1C,0x3C,0x3C,0x00,
    0x00,0x00,0x00,0x07,0x1F,0x0F,0x07,0x03,0x03,0x07,0x07,0x00,0x00,0x00,0x2C,0x04,
    0x00,0x02,0x03,0x3C,0x78,0xE0,0xDC,0xFC,0xFC,0xFE,0xFF,0x82,0x80,0xC4,0xC6,0xC4,
    0x80,0x88,0x0C,0x7E,0xFC,0x3C,0xFE,0x3C,0xF0,0x78,0xFC,0x07,0x01,0x00,0x00,0x00,
    0x00,0x00,0x00,0xFC,0xFE,0xFF,0xFF,0xFF,0xFF,0xFF,0xFF,0x00,0x20,0x1F,0x1F,0x00,
    0x00,0x00,0x00,0xFF,0xFF,0xFF,0xFF,0xE0,0xE0,0xE0,0xC0,0x00,0x00,0x00,0x00,0x00,
    0x00,0x00,0x00,0x00,0x00,0x00,0x00,0x00,0x00,0x00,0x00,0x00,0x00,0x00,0x00,0x08,
    0x04,0x00,0x88,0x00,0x00,0x00,0x04,0x0E,0x06,0x03,0x8B,0xFF,0xE0,0x00,0x00,0x00,
    0x00,0x00,0x80,0x00,0x1F,0xFF,0xFF,0xFF,0xFF,0xFE,0x7E,0x80,0x41,0x81,0x81,0x03,
    0x02,0x1E,0x3C,0x7E,0xBE,0xFE,0xFE,0xFC,0xFC,0x00,0x00,0x80,0x40,0x30,0x3B,0x16,
    0x00,0x06,0x48,0x80,0x40,0x37,0x3F,0x1B,0x1F,0x79,0xB7,0x10,0x20,0x40,0x40,0x00,
    0x00,0x01,0x03,0xEF,0xD1,0x60,0x40,0x00,0x00,0x00,0x03,0x02,0x04,0x0C,0x18,0x18,
    0x38,0x38,0x38,0x01,0x07,0x03,0x1F,0x07,0x3F,0x3F,0x07,0x1C,0x10,0x00,0x00,0x00,
    0x00,0x0F,0x0F,0x1F,0x1F,0x0F,0x0F,0x1F,0x1F,0x00,0x00,0x05,0x01,0x01,0x03,0x01,
    0x00,0x00,0x00,0xFD,0xFE,0xFE,0xFC,0xFE,0xFF,0xFF,0xFF,0x00,0x20,0x1F,0x7F,0x40,
    0xC0,0xC0,0x80,0xFF,0xFF,0xFF,0xFF,0x80,0x00,0x01,0x01,0xD8,0xE0,0xF0,0xFC,0xFF,
    0x00,0x00,0x00,0xDF,0x1F,0x0F,0x03,0x00,0xFF,0xFF,0xFF,0x00,0x80,0x00,0x00,0x00,
    0x00,0x00,0x00,0xFE,0x7E,0xFE,0xFE,0xFC,0xFC,0xFC,0xF8,0x00,0x00,0x00,0x00,0x06,
    0x07,0x06,0x00,0x00,0x00,0x00,0x00,0x00,0x00,0x01,0x03,0x1C,0x18,0x18,0x08,0x10,
    0x30,0x10,0x00,0x03,0x07,0x07,0x07,0x0F,0x0F,0x0F,0x0F,0x04,0x4E,0xC8,0xE0,0x80,
    0x00,0x00,0x00,0x00,0x00,0x07,0x1F,0x7F,0xFF,0xFF,0xFF,0x00,0x00,0x00,0x03,0x07,
    0x0F,0x0F,0x1F,0xFF,0xFF,0xFF,0xFC,0xFB,0xF7,0xF6,0xEC,0x06,0x04,0x30,0x23,0x07,
    0x4F,0xCF,0x1F,0x00,0x03,0x0F,0x1C,0x1B,0x37,0x36,0x2C,0x5F,0xCF,0x0F,0x67,0x63,
    0x00,0x0C,0x0C,0x2C,0x36,0x37,0x1B,0x1C,0x0F,0x03,0x00,0x01,0x18,0x10,0x03,0x67,
    0x4F,0x0F,0x5F,0x00,0x03,0x0F,0x1C,0x1B,0x37,0x36,0x2C,0xDF,0x0F,0x4F,0xC7,0x23,
    0x30,0x04,0x06,0x2C,0x36,0x37,0x1B,0x1C,0x0F,0x03,0x00,0x00,0x00,0x00,0x00,0x00,
    0x00,0x00,0x00,0x00,0x00,0x00,0x00,0x00,0x03,0x07,0x0F,0x00,0x01,0x00,0x00,0x08,
    0x08,0x18,0x70,0x1F,0x1E,0x3F,0x3F,0x77,0x77,0xE7,0x87,0x00,0x00,0x00,0x06,0x03,
    0x03,0x02,0x02,0x00,0x00,0x01,0x39,0xFC,0xFC,0xFD,0xFD,0x06,0x09,0x88,0x88,0x88,
    0x9C,0xF8,0x80,0xF9,0xF6,0x77,0x77,0x77,0x63,0x03,0x00,0x00,0x00,0x00,0x03,0x0D,
    0x00,0x0E,0x0E,0x00,0xE0,0xF8,0xFF,0xF3,0xFF,0xF9,0xFD,0x07,0x10,0x88,0x49,0x40,
    0x20,0x38,0xF8,0xFE,0xEF,0x77,0xB6,0xBF,0xDF,0xC3,0x00,0x00,0x00,0x00,0x00,0x10,
    0x30,0x60,0x20,0x00,0x00,0x00,0x00,0x10,0x30,0x60,0xE0,0x00,0x00,0x20,0xC0,0x40,
    0x00,0x00,0x00,0xE0,0xF0,0xC0,0x00,0x80,0xE0,0x80,0x00,0x00,0x00,0x00,0x00,0x00,
    0x00,0x00,0x00,0x00,0x00,0x00,0x00,0x03,0x07,0x0F,0x0F,0x00,0x08,0x08,0x04,0x04,
    0x1C,0x70,0x00,0x1F,0x37,0x37,0x7B,0x7B,0xE3,0x81,0x00,0x00,0x00,0x06,0x03,0x03,
    0x02,0x02,0x02,0x00,0x01,0x39,0xFC,0xFC,0xFD,0xFD,0xFD,0x81,0x41,0x42,0x24,0x3C,
    0x3C,0x38,0xF8,0x7E,0xBE,0xBD,0xDB,0xC3,0xDF,0xC1,0x00,0x00,0x00,0x03,0x0D,0x00,
    0x0E,0x0E,0x07,0xE0,0xF8,0xFF,0xF3,0xFF,0xF9,0xFD,0xFE,0x10,0x88,0x48,0x40,0x24,
    0x1E,0x0E,0x00,0xEF,0x77,0xB7,0xBF,0xD9,0xE0,0xF0,0xF0,0x00,0x00,0x00,0x10,0x30,
    0x60,0x20,0x00,0x00,0x00,0x00,0x10,0x30,0x60,0xE0,0xE0,0x20,0x40,0xF0,0x00,0x00,
    0x00,0x00,0x00,0xD0,0xF0,0x40,0xE0,0xC0,0x00,0x00,0x00,0x00,0x00,0x00,0x00,0x00,
    0x00,0x00,0x00,0x00,0x01,0x07,0x0F,0x1F,0x1F,0x3F,0x3F,0x00,0x04,0x08,0x08,0x10,
    0x30,0x61,0x40,0x7F,0x7B,0x77,0xF7,0xEF,0xCF,0x86,0x00,0x04,0x02,0x02,0x01,0x01,
    0x02,0x02,0x01,0x78,0xFD,0xFD,0xFE,0xFE,0xFD,0xFD,0xFE,0x81,0x41,0x43,0x43,0x87,
    0xFF,0x7F,0x3E,0x7E,0xBE,0xBC,0xBC,0x78,0x01,0x7F,0x3E,0x00,0x01,0x0C,0x00,0x1E,
    0x1F,0x1F,0x0F,0xF0,0xFD,0xF0,0xFF,0xEF,0xED,0xEF,0xF6,0x06,0xC1,0x30,0x08,0x04,
    0x80,0x00,0x00,0x79,0x3E,0xCF,0xF7,0xFA,0xF8,0x30,0x00,0x00,0x88,0x98,0x30,0x10,
    0x00,0x20,0x00,0x00,0x88,0x98,0x30,0x10,0x80,0xC0,0xF0,0xE3,0xC7,0x03,0x00,0x00,
    0x00,0x00,0x00,0x03,0x07,0xE3,0xC0,0x00,0x00,0x00,0x00,0x02,0x00,0x0C,0x13,0x20,
    0x20,0x21,0x49,0x05,0x1F,0x33,0x2C,0x5F,0x5F,0x5F,0x37,0x4C,0x4D,0x45,0x21,0x10,
    0x12,0x08,0x28,0xBB,0xBB,0xBB,0xDF,0xEF,0xED,0xF7,0x7B,0x80,0x00,0x60,0x90,0x08,
    0x08,0x08,0x24,0x40,0xF0,0x98,0x68,0xF4,0xF4,0xF4,0xDA,0x64,0x64,0x44,0x08,0x10,
    0x94,0x00,0x00,0xBA,0xBA,0xBA,0xF6,0xEE,0x7E,0xC0,0x80,0x02,0x00,0x0C,0x12,0x21,
    0x21,0x21,0x4C,0x05,0x1F,0x73,0x6D,0x5E,0xDF,0xDF,0xB7,0x5E,0x5E,0x4C,0x23,0x13,
    0x13,0x0B,0x14,0xAF,0xAB,0xB7,0xDD,0xEC,0x6C,0x74,0x3F,0x0C,0x3F,0x3F,0x78,0x60,
    0xC0,0xC0,0x80,0x00,0x00,0x00,0x07,0x1F,0x3F,0x3F,0x7F,0x00,0x00,0x40,0x40,0x20,
    0x10,0x08,0x00,0x7F,0x7F,0xBF,0xBF,0xDF,0xEF,0xF7,0x7B,0x60,0xF8,0xF8,0x3C,0x0C,
    0x06,0x06,0x02,0x00,0x00,0x00,0xC0,0xF0,0xF8,0xF8,0xFC,0x00,0x02,0x02,0x04,0x08,
    0x10,0x00,0x00,0xFC,0xFC,0xFC,0xFA,0xF6,0xEC,0xC0,0x80,0x00,0x00,0x00,0x00,0x00,
    0x00,0x00,0x00,0x07,0x1F,0x7F,0x7F,0x7F,0xFF,0xFF,0xFF,0x00,0x80,0x80,0x40,0x20,
    0x10,0x08,0x04,0xFF,0x7F,0x7F,0xBF,0xDF,0xEF,0xF7,0x73,0x00,0x00,0x00,0x00,0x00,
    0x00,0x00,0x80,0x00,0x00,0x00,0x00,0x00,0x00,0x00,0x80,0xC0,0x70,0x7F,0x3F,0x1F,
    0x0F,0x0F,0x1F,0xC0,0x70,0x7F,0x3F,0x1F,0x0F,0x07,0x02,0x1F,0x1F,0x3F,0x3F,0x3F,
    0xBF,0xDF,0xDF,0x00,0x00,0x00,0x40,0x40,0x40,0x20,0x20,0xDF,0xCF,0xEF,0xF7,0xC3,
    0x71,0xF8,0xFA,0x20,0x30,0x10,0x08,0x3C,0x0C,0x06,0x2E,0x00,0x00,0x00,0x00,0x07,
    0x07,0x0F,0x3F,0x00,0x00,0x00,0x00,0x07,0x06,0x00,0x08,0x7C,0xFF,0xFF,0xFF,0xFF,
    0xFF,0xFE,0xFF,0x1B,0x18,0x10,0xC3,0xC3,0xD3,0x19,0x08,0xFF,0xFF,0xFF,0xFF,0xFF,
    0xFF,0xFE,0xFE,0x00,0x00,0x10,0x18,0x18,0x00,0x01,0x19,0xFE,0xFE,0xC0,0x80,0x00,
    0x00,0x00,0x00,0x19,0x19,0x3F,0x7F,0xFF,0xFF,0xFF,0x7E,0x00,0xC0,0xC0,0xC0,0xC0,
    0x80,0x80,0x01,0x40,0xA0,0xB0,0x30,0x30,0x70,0x60,0xE1,0x03,0x0E,0xFE,0xFC,0xF8,
    0xF0,0xE0,0x40,0xE3,0xCE,0xFE,0xFC,0xF8,0xF0,0xF8,0xF8,0x08,0x0C,0x1C,0x1C,0x1C,
    0x3C,0x3C,0x38,0xF4,0xF2,0xE2,0xE3,0xE3,0xC3,0xC3,0xC7,0x20,0x3E,0x2B,0x20,0x20,
    0x10,0x00,0x00,0xDF,0xC0,0xFE,0xDF,0xDF,0x8E,0x00,0x00,0x00,0x00,0x00,0x00,0x40,
    0x60,0x70,0x38,0x00,0x00,0x00,0x00,0x40,0x60,0x70,0x38,0x3C,0x1C,0x1F,0x0F,0x0F,
    0x07,0x0F,0x1F,0x3C,0x1C,0x1F,0x0F,0x0F,0x07,0x00,0x00,0x00,0x00,0x30,0x78,0xF2,
    0xC6,0x8E,0x1C,0x00,0x00,0x30,0x3E,0x0E,0x3E,0x7E,0xFC,0x3C,0x38,0xF8,0xF0,0xF0,
    0xE0,0x00,0x00,0xFC,0xF8,0xF8,0xF0,0xF0,0xF0,0xF8,0xF8,0x00,0x00,0x00,0x02,0x02,
    0x02,0x06,0x06,0xF8,0xF8,0xFC,0xFC,0xFC,0xFD,0xF9,0xF9,0x04,0x0C,0x0C,0x18,0x20,
    0x3C,0x7E,0x7E,0xFB,0xF3,0xF3,0xE7,0xDF,0x82,0x01,0x55,0x00,0x08,0x08,0x08,0x08,
    0x0C,0x0E,0x0E,0x00,0x08,0x08,0x08,0x08,0x0C,0x0E,0x0E,0x0E,0x0F,0x07,0x07,0x07,
    0x0F,0x0F,0x1F,0x0E,0x0F,0x07,0x07,0x03,0x00,0x00,0x00,0x0F,0x6F,0x67,0xF7,0xF7,
    0xF3,0xF3,0xE3,0x30,0x10,0x18,0x08,0x08,0x0C,0x0C,0x1C,0xC3,0x7B,0xD7,0x83,0x03,
    0x01,0x00,0x00,0x3C,0x04,0x7C,0x7C,0xFC,0x78,0x00,0x00,0x00,0x00,0x00,0x00,0x03,
    0x07,0x0F,0x1F,0x00,0x00,0x00,0x00,0x03,0x07,0x00,0x00,0x78,0xFF,0xFF,0xFF,0xFF,
    0xFE,0xFE,0xFF,0x0F,0x18,0x99,0xD3,0xC3,0x53,0x19,0x08,0x00,0x10,0x10,0x1C,0x7F,
    0xFC,0xF0,0x70,0x00,0x10,0x10,0x1C,0x1E,0x33,0x7C,0xF0,0x70,0xF0,0xE0,0xE0,0xC0,
    0x00,0x00,0x00,0xF0,0xF0,0xE0,0xE0,0xF0,0xF0,0xF8,0xF8,0x00,0x00,0x24,0xBD,0xFF,
    0xF3,0xF9,0xFD,0x00,0x00,0x24,0xBD,0xFF,0xCF,0x87,0x83,0xFC,0xFC,0xFC,0xFC,0x78,
    0x30,0x00,0x00,0x1B,0x1B,0x1B,0x03,0x06,0x0C,0x00,0x00,0xE4,0xF4,0x78,0x78,0xFA,
    0xFE,0xF8,0x78,0x27,0x2F,0x06,0x06,0x47,0x67,0x07,0x06,0x30,0x30,0x30,0x30,0x30,
    0x7C,0x7C,0x38,0x0C,0x0C,0x0C,0x0C,0x0C,0x02,0x26,0x04,0x0E,0x0F,0x07,0x07,0x0F,
    0x0F,0x0F,0x07,0x23,0x12,0xB8,0x58,0x34,0x16,0x30,0x18,0x03,0x03,0x03,0x03,0x03,
    0x07,0x07,0x03,0x1C,0x2C,0x0C,0x14,0x0C,0x08,0x02,0x00,0x00,0x00,0x00,0x3F,0x3F,
    0x1F,0x0F,0x04,0x07,0x1F,0x3F,0x40,0x00,0x00,0x00,0x03,0x00,0x00,0x00,0x00,0x00,
    0x00,0x00,0x00,0x0F,0x1F,0x3F,0x7F,0x7F,0x3F,0x1F,0x07,0x00,0x00,0x00,0x80,0xE0,
    0xF8,0x00,0x00,0xF0,0xF8,0xFC,0x7E,0x1F,0x07,0xFF,0xFF,0x00,0x00,0x00,0x00,0x00,
    0x00,0x00,0x00,0xFF,0xFF,0xFF,0xFE,0xFE,0xFC,0xF8,0xE0,0x00,0x00,0x00,0x07,0x18,
    0x20,0x40,0x80,0x00,0x00,0x07,0x18,0x27,0x5F,0xBF,0x7F,0x00,0x00,0x00,0x00,0x00,
    0x00,0x00,0x00,0xFF,0xFF,0x7F,0x3F,0x1F,0x07,0x00,0x00,0x00,0x00,0x00,0xC0,0x30,
    0x0C,0x00,0x00,0x00,0x00,0xF0,0x38,0xCE,0xF3,0xFF,0xFF,0x00,0x00,0x00,0x00,0x00,
    0x00,0x00,0x00,0xFF,0xFF,0xFE,0xFC,0xF0,0xC0,0x00,0x00,0x00,0x00,0x20,0x30,0x18,
    0x1C,0x0C,0x0E,0x00,0x00,0x40,0xC0,0xE0,0xE0,0xF0,0xF0,0x06,0x06,0x03,0x03,0x01,
    0x01,0x00,0x00,0xF8,0xF8,0x7C,0x7C,0x7E,0x3E,0x1F,0x1F,0x01,0x01,0x01,0x01,0x01,
    0x01,0x01,0x01,0x00,0x02,0x06,0x0E,0x1E,0x1E,0x1E,0x3E,0x01,0x01,0x01,0x01,0x01,
    0x01,0x01,0x01,0x3E,0x3E,0x3E,0x3E,0x3E,0x1E,0x1E,0x1E,0x0F,0x1F,0x3F,0x3F,0x7F,
    0x7F,0x7F,0x7F,0x00,0x01,0x19,0x10,0x00,0x01,0xB1,0xA0,0x7E,0x7C,0x7C,0x78,0xFB,
    0xFC,0xF8,0x70,0x81,0x83,0x63,0x47,0x04,0x03,0x07,0x0F,0x1F,0x2F,0x5F,0x2F,0x1F,
    0x1F,0x0F,0x0F,0x93,0x22,0x58,0x28,0x14,0x56,0x00,0x08,0x0F,0x1F,0x17,0x0F,0x07,
    0x07,0x0F,0x07,0x2C,0x1C,0x14,0x0C,0x14,0x10,0x0A,0x04,0x00,0x01,0x01,0x02,0x7F,
    0x00,0x01,0x02,0x00,0x01,0x07,0x1D,0x01,0x03,0x06,0x0D,0x0C,0x10,0x21,0x03,0x06,
    0x04,0x08,0x10,0x11,0x23,0x06,0x04,0x08,0x08,0x10,0x00,0x00,0x80,0x40,0xF0,0xE8,
    0xD4,0xEA,0xF5,0x00,0x80,0xF0,0xC8,0xF4,0xEA,0xF5,0xFA,0xF3,0xF1,0xF9,0x0F,0x07,
    0x01,0x00,0x00,0x7C,0x7E,0x66,0x00,0x00,0x00,0x00,0x00,0x00,0x20,0x30,0x80,0xC0,
    0x90,0x98,0x00,0x00,0x00,0x0C,0x7F,0x3F,0x6F,0x67,0xFF,0x00,0x60,0x7C,0xBF,0x8F,
    0x57,0x38,0x0C,0xFF,0xFF,0xFB,0x7C,0x7F,0x3F,0x1F,0x0C,0x00,0x20,0x30,0x80,0xC0,
    0x90,0x98,0x00,0x00,0x00,0x0C,0x7F,0x3F,0x6F,0x67,0xFF,0x00,0x60,0x7C,0xBF,0x8F,
    0x57,0x38,0x20,0xFF,0xFF,0xFB,0x7C,0x7F,0x3F,0x3F,0x20,0x06,0x0F,0x0E,0x0E,0x1F,
    0x2F,0x4E,0x9F,0x06,0x0F,0x1F,0x35,0x66,0x5F,0xBF,0x66,0xE1,0x83,0x87,0xFF,0xF1,
    0xC0,0x00,0x00,0x1F,0x7F,0x7B,0x03,0x01,0x00,0x00,0x00,0x00,0x00,0x00,0x00,0x00,
    0x80,0x00,0xC0,0x00,0x00,0x00,0x80,0x80,0x00,0xF0,0x38,0xFE,0xC0,0x80,0xC0,0xF0,
    0x0C,0x02,0x01,0xC0,0xE0,0xF0,0xB8,0x8C,0x02,0x01,0x00,0x00,0x20,0x30,0x80,0xC0,
    0x90,0x98,0x00,0x00,0x00,0x0C,0x7F,0x3F,0x6F,0x67,0xFF,0x3F,0x7F,0x7F,0x3F,0x0F,
    0x17,0x38,0x20,0xF9,0xF9,0xF8,0xFC,0xFF,0x7F,0x3F,0x20,0x00,0x20,0x30,0x80,0xC0,
    0x90,0x98,0x00,0x00,0x00,0x0C,0x7F,0x3F,0x6F,0x67,0xFF,0x00,0x70,0x7F,0x3F,0x0F,
    0x17,0x38,0x20,0xFF,0xFF,0xF8,0xFC,0xFF,0x7F,0x3F,0x20,0x00,0x00,0x00,0x00,0x00,
    0x00,0x00,0x00,0x00,0x00,0x03,0x01,0x01,0x00,0x00,0x00,0x00,0x01,0x03,0x07,0x0F,
    0x1F,0x3F,0x23,0x00,0x00,0x00,0x00,0x00,0x00,0x00,0x1C,0x00,0x00,0x00,0x03,0x04,
    0x03,0x0B,0x2C,0x00,0x00,0xE0,0xF0,0xFB,0xFF,0x77,0x13,0xF7,0xF3,0xF7,0xEF,0xEF,
    0xCF,0xC7,0xC3,0x0C,0x0F,0x0F,0x1A,0x1A,0x3D,0x38,0x3C,0x01,0x00,0x00,0x00,0x00,
    0x03,0x07,0x0F,0x01,0x00,0x00,0x00,0x00,0x00,0x00,0x00,0x1F,0x3C,0x30,0x00,0x00,
    0x00,0x00,0x00,0x00,0x03,0x0F,0x1F,0x3F,0x7F,0xFF,0xFF,0x00,0x00,0x00,0x0F,0x08,
    0x01,0x8D,0xCE,0x80,0xC0,0xE0,0xF0,0xF7,0xFF,0x73,0x31,0xC7,0x30,0x09,0x07,0x01,
    0x00,0x20,0x40,0x3E,0xCF,0xF7,0xFB,0xFF,0xFF,0xDF,0xBF,0x01,0x00,0x00,0x00,0x00,
    0x00,0x00,0x00,0x1E,0x3F,0x3F,0x3F,0x3F,0x3F,0x3F,0x3F,0x00,0x00,0x00,0x00,0x18,
    0x00,0x00,0x00,0x3F,0x1F,0x1F,0x1F,0x27,0xFF,0xFF,0xF3,0xE3,0xF8,0x7F,0x7F,0x7F,
    0x7F,0x3F,0x33,0x1C,0x07,0x80,0x87,0x89,0x8B,0xCE,0xCF,0x00,0x40,0x80,0x80,0x80,
    0x80,0x40,0x00,0xFF,0xBF,0x7F,0x7F,0x7F,0x7F,0xBF,0xBE,0x01,0x07,0x03,0x03,0x01,
    0x01,0x00,0x00,0x7E,0x18,0x00,0x00,0x00,0x00,0x03,0x07,0x00,0x00,0x20,0x30,0x3C,
    0x7F,0xFF,0xFF,0x0F,0x0F,0x1F,0x0F,0x03,0x30,0x00,0x00,0xE0,0xF0,0xFF,0xFF,0xE7,
    0xC7,0x07,0x01,0x1F,0x0F,0x00,0x03,0x1C,0x3D,0xFF,0xFF,0x00,0x00,0x00,0x00,0x06,
    0x07,0xC7,0xC3,0xFF,0xFF,0xFF,0xFF,0xE1,0xC0,0x00,0x00,0x00,0x00,0x00,0x00,0x00,
    0x01,0x03,0x07,0x00,0x00,0x00,0x00,0x00,0x00,0x00,0x00,0x0F,0x1F,0x3F,0x11,0x00,
    0x00,0x00,0x00,0x00,0x00,0x38,0x1E,0x0F,0x1F,0x1F,0x1F,0x00,0x00,0x07,0x0F,0x04,
    0x81,0xCD,0xEE,0x40,0x40,0x60,0x70,0x7B,0x7F,0x33,0x19,0xEF,0xC1,0xC3,0x87,0x87,
    0x87,0x83,0x4B,0x1E,0x3F,0x3F,0x7D,0x7D,0x7E,0x7C,0xB4,0x00,0x00,0x00,0x20,0x20,
    0x10,0x10,0x08,0x1F,0x1F,0x1F,0x5F,0xDF,0xEF,0xEF,0xF7,0x07,0xC0,0x70,0x7C,0x3F,
    0x7F,0xFF,0xFF,0x78,0x3F,0x0F,0x03,0x00,0x30,0x00,0x00,0x3D,0x3C,0x3F,0x3F,0x07,
    0x0F,0x03,0x03,0xC2,0xC3,0xC0,0xC7,0xF9,0xF1,0xFE,0xFF,0x03,0x84,0x48,0x30,0x80,
    0x80,0xC0,0xC0,0xFD,0x7B,0xB7,0xCF,0x7F,0x3F,0x1F,0x00,0x00,0x00,0x00,0x00,0x00,
    0x03,0x0F,0x1F,0x01,0x00,0x00,0x00,0x00,0x00,0x00,0x00,0x3F,0x0F,0x03,0x00,0x00,
    0x00,0x00,0x00,0x00,0x10,0x3C,0x3F,0x7F,0x7F,0x7F,0x7F,0x00,0x01,0x0D,0x0E,0xEF,
    0xC1,0xC3,0x87,0xFB,0xFF,0x33,0x1D,0x1E,0x3F,0x3F,0x7D,0x87,0xC7,0xC7,0xCB,0xFC,
    0xFF,0xFF,0xFF,0x7D,0x3E,0x38,0x34,0x03,0x00,0x00,0x07,0x08,0x05,0x00,0x00,0x00,
    0x00,0x00,0x00,0x77,0xFA,0xFD,0xFD,0xFD,0xFB,0x7B,0xFF,0x00,0x03,0x03,0x01,0x01,
    0x00,0x07,0x07,0xFD,0xFC,0x78,0x38,0x00,0x00,0x00,0x00,0xFF,0xFF,0x7F,0x03,0x03,
    0x00,0x00,0x00,0x09,0x09,0x8E,0xFF,0xFF,0xFF,0xFF,0xFF,0x00,0x00,0x80,0xF8,0xFE,
    0xFE,0xFE,0xFE,0xFF,0xFF,0x7E,0x06,0x00,0x00,0x00,0x00,0x00,0x00,0x00,0x00,0xA8,
    0x00,0x00,0x00,0x7C,0xFE,0xFF,0xFF,0xFF,0x3F,0x3F,0x1F,0x00,0x01,0x01,0x01,0x01,
    0x03,0x03,0x03,0x1F,0x1E,0x1E,0x1E,0x1E,0x0C,0x0C,0x04,0x00,0x00,0x07,0x8F,0x84,
    0x81,0xCD,0xEE,0x40,0x40,0x60,0x70,0x7B,0x7F,0x33,0x11,0xE7,0xC1,0xC3,0x87,0x87,
    0x87,0x83,0xCB,0x1C,0x3F,0x3F,0x7D,0x7D,0x7E,0x7C,0x34,0x03,0x03,0x03,0x01,0x00,
    0x00,0x00,0x00,0x00,0x00,0x3C,0x7E,0xFF,0xFF,0xFF,0xFF,0x00,0xC0,0x70,0x7C,0x3F,
    0x7F,0xFF,0xFF,0x7F,0x3F,0x0F,0x03,0x00,0x30,0x00,0x00,0xFD,0xFC,0xFF,0xFF,0xFF,
    0x6F,0x2F,0x03,0x02,0x03,0x00,0x07,0x09,0x99,0xDE,0xFF,0x03,0x00,0x00,0x00,0x80,
    0xC0,0xC0,0xC0,0xFF,0xFF,0xFF,0xFF,0x7F,0x3F,0x1F,0x00,0x00,0x00,0x00,0x3C,0x7E,
    0x7E,0xE7,0xC3,0x00,0x00,0x00,0x3C,0x7E,0x7E,0xFF,0xFF,0xDB,0xDB,0xC3,0x81,0x81,
    0x00,0x00,0x00,0xE7,0xE7,0xC3,0x81,0x81,0x00,0x00,0x00,0x00,0x00,0x00,0x00,0x00,
    0x00,0x00,0x00,0x00,0x00,0x00,0x00,0x00,0x00,0x00,0x00,0x02,0x07,0x0B,0x0F,0x3F,
    0x2D,0x7F,0xFF,0x01,0x07,0x0F,0x0E,0x3F,0x3F,0x3F,0xF7,0x00,0x00,0x00,0x00,0x00,
    0x00,0x00,0x00,0x00,0x00,0x00,0x00,0x00,0x00,0x00,0x00,0x00,0x00,0x00,0x80,0xE8,
    0xC0,0x68,0xF2,0x00,0x80,0xE0,0xF0,0xB8,0xFC,0xFF,0xEF,0x00,0x00,0x00,0x00,0x1F,
    0x7E,0xE0,0xCC,0x00,0x00,0x00,0x00,0x1F,0x7E,0xFC,0xF0,0xCC,0xE0,0x7E,0x1F,0x00,
    0x00,0x00,0x00,0xF0,0xFC,0x7E,0x1F,0x00,0x00,0x00,0x00,0x07,0x06,0x07,0x1C,0x08,
    0x09,0x2D,0x26,0x67,0x6F,0x2F,0x3D,0x3D,0x3F,0x3F,0x39,0x37,0x3B,0x3E,0x3F,0x3F,
    0x3F,0x3F,0x3F,0x38,0x38,0x3B,0x30,0x30,0x20,0x20,0x00,0xFF,0x80,0x40,0x40,0x20,
    0x20,0x10,0x10,0xFF,0xFF,0x7F,0x7F,0x3F,0x3F,0x1F,0x1F,0x08,0x08,0x04,0x04,0x02,
    0x02,0x00,0x00,0x0F,0x0F,0x07,0x07,0x03,0x03,0x00,0x00,0xFF,0x01,0x02,0x02,0x04,
    0x04,0x08,0x08,0xFF,0xFF,0xFE,0xFE,0xFC,0xFC,0xF8,0xF8,0x10,0x10,0x20,0x20,0x40,
    0x40,0x00,0x00,0xF0,0xF0,0xE0,0xE0,0xC0,0xC0,0x00,0x00,0x07,0x06,0x07,0x1C,0x18,
    0x18,0x1D,0x1E,0x07,0x0F,0x0F,0x1D,0x1D,0x1F,0x1F,0x19,0x37,0x33,0x36,0x0F,0x3F,
    0x3F,0x3F,0x7F,0x38,0x3C,0x3B,0x30,0x30,0x20,0x20,0x00,0x00,0x00,0x00,0x60,0xF0,
    0x72,0x30,0x12,0x00,0x00,0x00,0x63,0xF7,0x7D,0x3F,0x1D,0x00,0x00,0x07,0x03,0x03,
    0x00,0x00,0x00,0x0F,0x0F,0x0E,0x06,0x07,0x03,0x00,0x00,0x00,0x00,0x00,0x00,0x00,
    0x40,0x06,0x4F,0x00,0x00,0x00,0xC0,0xE0,0xB0,0xF6,0xBF,0x0F,0x00,0xE0,0xC0,0xC0,
    0x00,0x00,0x00,0xFF,0xF0,0x70,0x60,0xE0,0xC0,0x00,0x00,0x00,0x00,0x00,0x00,0x4A,
    0xC7,0x46,0x06,0x00,0x00,0x00,0x00,0x52,0xFB,0x7A,0x78,0x02,0x3E,0x3E,0x04,0x00,
    0x00,0x00,0x00,0x7C,0x64,0x7C,0x38,0x00,0x00,0x00,0x00,0x00,0x00,0x00,0x00,0x08,
    0x04,0xC7,0xC7,0x00,0x00,0x00,0x00,0x10,0x38,0xFB,0xFB,0x02,0x3E,0x3E,0x04,0x00,
    0x00,0x00,0x00,0x7C,0x64,0x7C,0x38,0x00,0x00,0x00,0x00,0xFF,0xFF,0xFF,0xFF,0xFF,
    0xFF,0xFF,0xFF,0xFF,0xFF,0xFF,0xFF,0xFF,0xFF,0xFF,0xFF,0xFF,0xFF,0xFF,0xFF,0xFF,
    0xFF,0xFF,0xFF,0xFF,0xFF,0xFF,0xFF,0xFF,0xFF,0xFF,0xFF,0xFF,0xFF,0xFF,0xFF,0xFF,
    0xFF,0xFF,0xFF,0xFF,0xFF,0xFF,0xFF,0xFF,0xFF,0xFF,0xFF,0xFF,0xFF,0xFF,0xFF,0xFF,
    0xFF,0xFF,0xFF,0xFF,0xFF,0xFF,0xFF,0xFF,0xFF,0xFF,0xFF,0xFF,0xFF,0xFF,0xFF,0xFF,
    0xFF,0xFF,0xFF,0xFF,0xFF,0xFF,0xFF,0xFF,0xFF,0xFF,0xFF,0xFF,0xFF,0xFF,0xFF,0xFF,
    0xFF,0xFF,0xFF,0xFF,0xFF,0xFF,0xFF,0xFF,0xFF,0xFF,0xFF,0xFF,0xFF,0xFF,0xFF,0xFF,
    0xFF,0xFF,0xFF,0xFF,0xFF,0xFF,0xFF,0xFF,0xFF,0xFF,0xFF,0xFF,0xFF,0xFF,0xFF,0xFF,
    0xFF,0xFF,0xFF,0xFF,0xFF,0xFF,0xFF,0xFF,0xFF,0xFF,0xFF,0xFF,0xFF,0xFF,0xFF,0xFF,
    0xFF,0xFF,0xFF,0xFF,0xFF,0xFF,0xFF,0xFF,0xFF,0xFF,0xFF,0xFF,0xFF,0xFF,0xFF,0xFF,
    0xFF,0xFF,0xFF,0xFF,0xFF,0xFF,0xFF,0xFF,0xFF,0xFF,0xFF,0xFF,0xFF,0xFF,0xFF,0xFF,
    0xFF,0xFF,0xFF,0xFF,0xFF,0xFF,0xFF,0xFF,0xFF,0xFF,0xFF,0xFF,0xFF,0xFF,0xFF,0xFF,
    0xFF,0xFF,0xFF,0xFF,0xFF,0xFF,0xFF,0xFF,0xFF,0xFF,0xFF,0xFF,0xFF,0xFF,0xFF,0xFF,
    0xFF,0xFF,0xFF,0xFF,0xFF,0xFF,0xFF,0xFF,0xFF,0xFF,0xFF,0xFF,0xFF,0xFF,0xFF,0xFF,
    0xFF,0xFF,0xFF,0xFF,0xFF,0xFF,0xFF,0xFF,0xFF,0xFF,0xFF,0xFF,0xFF,0xFF,0xFF,0xFF,
    0xFF,0xFF,0xFF,0xFF,0xFF,0xFF,0xFF,0xFF,0xFF,0xFF,0xFF,0xFF,0xFF,0xFF,0xFF,0xFF,
    0xFF,0xFF,0xFF,0xFF,0xFF,0xFF,0xFF,0xFF,0xFF,0xFF,0xFF,0xFF,0xFF,0xFF,0xFF,0xFF,
    0xFF,0xFF,0xFF,0xFF,0xFF,0xFF,0xFF,0xFF,0xFF,0xFF,0xFF,0xFF,0xFF,0xFF,0xFF,0xFF,
    0xFF,0xFF,0xFF,0xFF,0xFF,0xFF,0xFF,0xFF,0xFF,0xFF,0xFF,0xFF,0xFF,0xFF,0xFF,0xFF,
    0xFF,0xFF,0xFF,0xFF,0xFF,0xFF,0xFF,0xFF,0xFF,0xFF,0xFF,0xFF,0xFF,0xFF,0xFF,0xFF,
    0xFF,0xFF,0xFF,0xFF,0xFF,0xFF,0xFF,0xFF,0xFF,0xFF,0xFF,0xFF,0xFF,0xFF,0xFF,0xFF,
    0xFF,0xFF,0xFF,0xFF,0xFF,0xFF,0xFF,0xFF,0xFF,0xFF,0xFF,0xFF,0xFF,0xFF,0xFF,0xFF,
    0xFF,0xFF,0xFF,0xFF,0xFF,0xFF,0xFF,0xFF,0xFF,0xFF,0xFF,0xFF,0xFF,0xFF,0xFF,0xFF,
    0xFF,0xFF,0xFF,0xFF,0xFF,0xFF,0xFF,0xFF,0xFF,0xFF,0xFF,0xFF,0xFF,0xFF,0xFF,0xFF,
    0xFF,0xFF,0xFF,0xFF,0xFF,0xFF,0xFF,0xFF,0xFF,0xFF,0xFF,0xFF,0xFF,0xFF,0xFF,0xFF,
    0xFF,0xFF,0xFF,0xFF,0xFF,0xFF,0xFF,0xFF,0xFF,0xFF,0xFF,0xFF,0xFF,0xFF,0xFF,0xFF,
    0xFF,0xFF,0xFF,0xFF,0xFF,0xFF,0xFF,0xFF,0xFF,0xFF,0xFF,0xFF,0xFF,0xFF,0xFF,0xFF,
    0xFF,0xFF,0xFF,0xFF,0xFF,0xFF,0xFF,0xFF,0xFF,0xFF,0xFF,0xFF,0xFF,0xFF,0xFF,0xFF,
    0xFF,0xFF,0xFF,0xFF,0xFF,0xFF,0xFF,0xFF,0xFF,0xFF,0xFF,0xFF,0xFF,0xFF,0xFF,0xFF,
    0xFF,0xFF,0xFF,0xFF,0xFF,0xFF,0xFF,0xFF,0xFF,0xFF,0xFF,0xFF,0xFF,0xFF,0xFF,0xFF,
    0xFF,0xFF,0xFF,0xFF,0xFF,0xFF,0xFF,0xFF,0xFF,0xFF,0xFF,0xFF,0xFF,0xFF,0xFF,0xFF,
    0xFF,0xFF,0xFF,0xFF,0xFF,0xFF,0xFF,0xFF,0xFF,0xFF,0xFF,0xFF,0xFF,0xFF,0xFF,0xFF,
    0xFF,0xFF,0xFF,0xFF,0xFF,0xFF,0xFF,0xFF,0xFF,0xFF,0xFF,0xFF,0xFF,0xFF,0xFF,0xFF,
    0xFF,0xFF,0xFF,0xFF,0xFF,0xFF,0xFF,0xFF,0xFF,0xFF,0xFF,0xFF,0xFF,0xFF,0xFF,0xFF,
    0xFF,0xFF,0xFF,0xFF,0xFF,0xFF,0xFF,0xFF,0xFF,0xFF,0xFF,0xFF,0xFF,0xFF,0xFF,0xFF,
    0xFF,0xFF,0xFF,0xFF,0xFF,0xFF,0xFF,0xFF,0xFF,0xFF,0xFF,0xFF,0xFF,0xFF,0xFF,0xFF,
    0xFF,0xFF,0xFF,0xFF,0xFF,0xFF,0xFF,0xFF,0xFF,0xFF,0xFF,0xFF,0xFF,0xFF,0xFF,0xFF,
    0xFF,0xFF,0xFF,0xFF,0xFF,0xFF,0xFF,0xFF,0xFF,0xFF,0xFF,0xFF,0xFF,0xFF,0xFF,0xFF,
    0xFF,0xFF,0xFF,0xFF,0xFF,0xFF,0xFF,0xFF,0xFF,0xFF,0xFF,0xFF,0xFF,0xFF,0xFF,0xFF,
    0xFF,0xFF,0xFF,0xFF,0xFF,0xFF,0xFF,0xFF,0xFF,0xFF,0xFF,0xFF,0xFF,0xFF,0xFF,0xFF,
    0xFF,0xFF,0xFF,0xFF,0xFF,0xFF,0xFF,0xFF,0xFF,0xFF,0xFF,0xFF,0xFF,0xFF,0xFF,0xFF,
    0xFF,0xFF,0xFF,0xFF,0xFF,0xFF,0xFF,0xFF,0xFF,0xFF,0xFF,0xFF,0xFF,0xFF,0xFF,0xFF,
    0xFF,0xFF,0xFF,0xFF,0xFF,0xFF,0xFF,0xFF,0xFF,0xFF,0xFF,0xFF,0xFF,0xFF,0xFF,0xFF,
    0xFF,0xFF,0xFF,0xFF,0xFF,0xFF,0xFF,0xFF,0xFF,0xFF,0xFF,0xFF,0xFF,0xFF,0xFF,0xFF,
    0xFF,0xFF,0xFF,0xFF,0xFF,0xFF,0xFF,0xFF,0xFF,0xFF,0xFF,0xFF,0xFF,0xFF,0xFF,0xFF,
    0xFF,0xFF,0xFF,0xFF,0xFF,0xFF,0xFF,0xFF,0xFF,0xFF,0xFF,0xFF,0xFF,0xFF,0xFF,0xFF,
    0xFF,0xFF,0xFF,0xFF,0xFF,0xFF,0xFF,0xFF,0xFF,0xFF,0xFF,0xFF,0xFF,0xFF,0xFF,0xFF,
    0xFF,0xFF,0xFF,0xFF,0xFF,0xFF,0xFF,0xFF,0xFF,0xFF,0xFF,0xFF,0xFF,0xFF,0xFF,0xFF,
    0xFF,0xFF,0xFF,0xFF,0xFF,0xFF,0xFF,0xFF,0xFF,0xFF,0xFF,0xFF,0xFF,0xFF,0xFF,0xFF,
    0xFF,0xFF,0xFF,0xFF,0xFF,0xFF,0xFF,0xFF,0xFF,0xFF,0xFF,0xFF,0xFF,0xFF,0xFF,0xFF,
    0xFF,0xFF,0xFF,0xFF,0xFF,0xFF,0xFF,0xFF,0xFF,0xFF,0xFF,0xFF,0xFF,0xFF,0xFF,0xFF,
    0xFF,0xFF,0xFF,0xFF,0xFF,0xFF,0xFF,0xFF,0xFF,0xFF,0xFF,0xFF,0xFF,0xFF,0xFF,0xFF,
    0xFF,0xFF,0xFF,0xFF,0xFF,0xFF,0xFF,0xFF,0xFF,0xFF,0xFF,0xFF,0xFF,0xFF,0xFF,0xFF,
    0xFF,0xFF,0xFF,0xFF,0xFF,0xFF,0xFF,0xFF,0xFF,0xFF,0xFF,0xFF,0xFF,0xFF,0xFF,0xFF,
    0xFF,0xFF,0xFF,0xFF,0xFF,0xFF,0xFF,0xFF,0xFF,0xFF,0xFF,0xFF,0xFF,0xFF,0xFF,0xFF,
    0xFF,0xFF,0xFF,0xFF,0xFF,0xFF,0xFF,0xFF,0xFF,0xFF,0xFF,0xFF,0xFF,0xFF,0xFF,0xFF,
    0xFF,0xFF,0xFF,0xFF,0xFF,0xFF,0xFF,0xFF,0xFF,0xFF,0xFF,0xFF,0xFF,0xFF,0xFF,0xFF,
    0xFF,0xFF,0xFF,0xFF,0xFF,0xFF,0xFF,0xFF,0xFF,0xFF,0xFF,0xFF,0xFF,0xFF,0xFF,0xFF,
    0xFF,0xFF,0xFF,0xFF,0xFF,0xFF,0xFF,0xFF,0xFF,0xFF,0xFF,0xFF,0xFF,0xFF,0xFF,0xFF,
    0xFF,0xFF,0xFF,0xFF,0xFF,0xFF,0xFF,0xFF,0xFF,0xFF,0xFF,0xFF,0xFF,0xFF,0xFF,0xFF,
    0xFF,0xFF,0xFF,0xFF,0xFF,0xFF,0xFF,0xFF,0xFF,0xFF,0xFF,0xFF,0xFF,0xFF,0xFF,0xFF,
    0xFF,0xFF,0xFF,0xFF,0xFF,0xFF,0xFF,0xFF,0xFF,0xFF,0xFF,0xFF,0xFF,0xFF,0xFF,0xFF,
    0xFF,0xFF,0xFF,0xFF,0xFF,0xFF,0xFF,0xFF,0xFF,0xFF,0xFF,0xFF,0xFF,0xFF,0xFF,0xFF,
    0xFF,0xFF,0xFF,0xFF,0xFF,0xFF,0xFF,0xFF,0xFF,0xFF,0xFF,0xFF,0xFF,0xFF,0xFF,0xFF,
    0xFF,0xFF,0xFF,0xFF,0xFF,0xFF,0xFF,0xFF,0xFF,0xFF,0xFF,0xFF,0xFF,0xFF,0xFF,0xFF,
    0xFF,0xFF,0xFF,0xFF,0xFF,0xFF,0xFF,0xFF,0xFF,0xFF,0xFF,0xFF,0xFF,0xFF,0xFF,0xFF,
    0xFF,0xFF,0xFF,0xFF,0xFF,0xFF,0xFF,0xFF,0xFF,0xFF,0xFF,0xFF,0xFF,0xFF,0xFF,0xFF,
    0xFF,0xFF,0xFF,0xFF,0xFF,0xFF,0xFF,0xFF,0xFF,0xFF,0xFF,0xFF,0xFF,0xFF,0xFF,0xFF,
    0xFF,0xFF,0xFF,0xFF,0xFF,0xFF,0xFF,0xFF,0xFF,0xFF,0xFF,0xFF,0xFF,0xFF,0xFF,0xFF,
    0xFF,0xFF,0xFF,0xFF,0xFF,0xFF,0xFF,0xFF,0xFF,0xFF,0xFF,0xFF,0xFF,0xFF,0xFF,0xFF,
    0xFF,0xFF,0xFF,0xFF,0xFF,0xFF,0xFF,0xFF,0xFF,0xFF,0xFF,0xFF,0xFF,0xFF,0xFF,0xFF,
    0xFF,0xFF,0xFF,0xFF,0xFF,0xFF,0xFF,0xFF,0xFF,0xFF,0xFF,0xFF,0xFF,0xFF,0xFF,0xFF,
    0xFF,0xFF,0xFF,0xFF,0xFF,0xFF,0xFF,0xFF,0xFF,0xFF,0xFF,0xFF,0xFF,0xFF,0xFF,0xFF,
    0xFF,0xFF,0xFF,0xFF,0xFF,0xFF,0xFF,0xFF,0xFF,0xFF,0xFF,0xFF,0xFF,0xFF,0xFF,0xFF,
    0xFF,0xFF,0xFF,0xFF,0xFF,0xFF,0xFF,0xFF,0xFF,0xFF,0xFF,0xFF,0xFF,0xFF,0xFF,0xFF,
    0xFF,0xFF,0xFF,0xFF,0xFF,0xFF,0xFF,0xFF,0xFF,0xFF,0xFF,0xFF,0xFF,0xFF,0xFF,0xFF,
    0xFF,0xFF,0xFF,0xFF,0xFF,0xFF,0xFF,0xFF,0xFF,0xFF,0xFF,0xFF,0xFF,0xFF,0xFF,0xFF,
    0xFF,0xFF,0xFF,0xFF,0xFF,0xFF,0xFF,0xFF,0xFF,0xFF,0xFF,0xFF,0xFF,0xFF,0xFF,0xFF,
    0xFF,0xFF,0xFF,0xFF,0xFF,0xFF,0xFF,0xFF,0xFF,0xFF,0xFF,0xFF,0xFF,0xFF,0xFF,0xFF,
    0xFF,0xFF,0xFF,0xFF,0xFF,0xFF,0xFF,0xFF,0xFF,0xFF,0xFF,0xFF,0xFF,0xFF,0xFF,0xFF,
    0xFF,0xFF,0xFF,0xFF,0xFF,0xFF,0xFF,0xFF,0xFF,0xFF,0xFF,0xFF,0xFF,0xFF,0xFF,0xFF,
    0xFF,0xFF,0xFF,0xFF,0xFF,0xFF,0xFF,0xFF,0xFF,0xFF,0xFF,0xFF,0xFF,0xFF,0xFF,0xFF,
    0xFF,0xFF,0xFF,0xFF,0xFF,0xFF,0xFF,0xFF,0xFF,0xFF,0xFF,0xFF,0xFF,0xFF,0xFF,0xFF,
    0xFF,0xFF,0xFF,0xFF,0xFF,0xFF,0xFF,0xFF,0xFF,0xFF,0xFF,0xFF,0xFF,0xFF,0xFF,0xFF,
    0xFF,0xFF,0xFF,0xFF,0xFF,0xFF,0xFF,0xFF,0xFF,0xFF,0xFF,0xFF,0xFF,0xFF,0xFF,0xFF,
    0xFF,0xFF,0xFF,0xFF,0xFF,0xFF,0xFF,0xFF,0xFF,0xFF,0xFF,0xFF,0xFF,0xFF,0xFF,0xFF,
    0xFF,0xFF,0xFF,0xFF,0xFF,0xFF,0xFF,0xFF,0xFF,0xFF,0xFF,0xFF,0xFF,0xFF,0xFF,0xFF,
    0xFF,0xFF,0xFF,0xFF,0xFF,0xFF,0xFF,0xFF,0xFF,0xFF,0xFF,0xFF,0xFF,0xFF,0xFF,0xFF,
    0xFF,0xFF,0xFF,0xFF,0xFF,0xFF,0xFF,0xFF,0xFF,0xFF,0xFF,0xFF,0xFF,0xFF,0xFF,0xFF,
    0xFF,0xFF,0xFF,0xFF,0xFF,0xFF,0xFF,0xFF,0xFF,0xFF,0xFF,0xFF,0xFF,0xFF,0xFF,0xFF,
    0xFF,0xFF,0xFF,0xFF,0xFF,0xFF,0xFF,0xFF,0xFF,0xFF,0xFF,0xFF,0xFF,0xFF,0xFF,0xFF,
    0xFF,0xFF,0xFF,0xFF,0xFF,0xFF,0xFF,0xFF,0xFF,0xFF,0xFF,0xFF,0xFF,0xFF,0xFF,0xFF,
    0xFF,0xFF,0xFF,0xFF,0xFF,0xFF,0xFF,0xFF,0xFF,0xFF,0xFF,0xFF,0xFF,0xFF,0xFF,0xFF,
    0xFF,0xFF,0xFF,0xFF,0xFF,0xFF,0xFF,0xFF,0xFF,0xFF,0xFF,0xFF,0xFF,0xFF,0xFF,0xFF,
    0xFF,0xFF,0xFF,0xFF,0xFF,0xFF,0xFF,0xFF,0xFF,0xFF,0xFF,0xFF,0xFF,0xFF,0xFF,0xFF,
    0xFF,0xFF,0xFF,0xFF,0xFF,0xFF,0xFF,0xFF,0xFF,0xFF,0xFF,0xFF,0xFF,0xFF,0xFF,0xFF,
    0xFF,0xFF,0xFF,0xFF,0xFF,0xFF,0xFF,0xFF,0xFF,0xFF,0xFF,0xFF,0xFF,0xFF,0xFF,0xFF,
    0xFF,0xFF,0xFF,0xFF,0xFF,0xFF,0xFF,0xFF,0xFF,0xFF,0xFF,0xFF,0xFF,0xFF,0xFF,0xFF,
    0xFF,0xFF,0xFF,0xFF,0xFF,0xFF,0xFF,0xFF,0xFF,0xFF,0xFF,0xFF,0xFF,0xFF,0xFF,0xFF,
    0xFF,0xFF,0xFF,0xFF,0xFF,0xFF,0xFF,0xFF,0xFF,0xFF,0xFF,0xFF,0xFF,0xFF,0xFF,0xFF,
    0xFF,0xFF,0xFF,0xFF,0xFF,0xFF,0xFF,0xFF,0xFF,0xFF,0xFF,0xFF,0xFF,0xFF,0xFF,0xFF,
    0xFF,0xFF,0xFF,0xFF,0xFF,0xFF,0xFF,0xFF,0xFF,0xFF,0xFF,0xFF,0xFF,0xFF,0xFF,0xFF,
    0xFF,0xFF,0xFF,0xFF,0xFF,0xFF,0xFF,0xFF,0xFF,0xFF,0xFF,0xFF,0xFF,0xFF,0xFF,0xFF,
    0xFF,0xFF,0xFF,0xFF,0xFF,0xFF,0xFF,0xFF,0xFF,0xFF,0xFF,0xFF,0xFF,0xFF,0xFF,0xFF,
    0xFF,0xFF,0xFF,0xFF,0xFF,0xFF,0xFF,0xFF,0xFF,0xFF,0xFF,0xFF,0xFF,0xFF,0xFF,0xFF,
    0xFF,0xFF,0xFF,0xFF,0xFF,0xFF,0xFF,0xFF,0xFF,0xFF,0xFF,0xFF,0xFF,0xFF,0xFF,0xFF,
    0xFF,0xFF,0xFF,0xFF,0xFF,0xFF,0xFF,0xFF,0xFF,0xFF,0xFF,0xFF,0xFF,0xFF,0xFF,0xFF,
    0xFF,0xFF,0xFF,0xFF,0xFF,0xFF,0xFF,0xFF,0xFF,0xFF,0xFF,0xFF,0xFF,0xFF,0xFF,0xFF,
    0xFF,0xFF,0xFF,0xFF,0xFF,0xFF,0xFF,0xFF,0xFF,0xFF,0xFF,0xFF,0xFF,0xFF,0xFF,0xFF,
    0xFF,0xFF,0xFF,0xFF,0xFF,0xFF,0xFF,0xFF,0xFF,0xFF,0xFF,0xFF,0xFF,0xFF,0xFF,0xFF,
    0xFF,0xFF,0xFF,0xFF,0xFF,0xFF,0xFF,0xFF,0xFF,0xFF,0xFF,0xFF,0xFF,0xFF,0xFF,0xFF,
    0xFF,0xFF,0xFF,0xFF,0xFF,0xFF,0xFF,0xFF,0xFF,0xFF,0xFF,0xFF,0xFF,0xFF,0xFF,0xFF,
    0xFF,0xFF,0xFF,0xFF,0xFF,0xFF,0xFF,0xFF,0xFF,0xFF,0xFF,0xFF,0xFF,0xFF,0xFF,0xFF,
    0xFF,0xFF,0xFF,0xFF,0xFF,0xFF,0xFF,0xFF,0xFF,0xFF,0xFF,0xFF,0xFF,0xFF,0xFF,0xFF,
    0xFF,0xFF,0xFF,0xFF,0xFF,0xFF,0xFF,0xFF,0xFF,0xFF,0xFF,0xFF,0xFF,0xFF,0xFF,0xFF,
    0xFF,0xFF,0xFF,0xFF,0xFF,0xFF,0xFF,0xFF,0xFF,0xFF,0xFF,0xFF,0xFF,0xFF,0xFF,0xFF,
    0xFF,0xFF,0xFF,0xFF,0xFF,0xFF,0xFF,0xFF,0xFF,0xFF,0xFF,0xFF,0xFF,0xFF,0xFF,0xFF,
    0xFF,0xFF,0xFF,0xFF,0xFF,0xFF,0xFF,0xFF,0xFF,0xFF,0xFF,0xFF,0xFF,0xFF,0xFF,0xFF,
    0xFF,0xFF,0xFF,0xFF,0xFF,0xFF,0xFF,0xFF,0xFF,0xFF,0xFF,0xFF,0xFF,0xFF,0xFF,0xFF,
    0xFF,0xFF,0xFF,0xFF,0xFF,0xFF,0xFF,0xFF,0xFF,0xFF,0xFF,0xFF,0xFF,0xFF,0xFF,0xFF,
    0xFF,0xFF,0xFF,0xFF,0xFF,0xFF,0xFF,0xFF,0xFF,0xFF,0xFF,0xFF,0xFF,0xFF,0xFF,0xFF,
    0xFF,0xFF,0xFF,0xFF,0xFF,0xFF,0xFF,0xFF,0xFF,0xFF,0xFF,0xFF,0xFF,0xFF,0xFF,0xFF,
    0xFF,0xFF,0xFF,0xFF,0xFF,0xFF,0xFF,0xFF,0xFF,0xFF,0xFF,0xFF,0xFF,0xFF,0xFF,0xFF,
    0xFF,0xFF,0xFF,0xFF,0xFF,0xFF,0xFF,0xFF,0xFF,0xFF,0xFF,0xFF,0xFF,0xFF,0xFF,0xFF,
    0xFF,0xFF,0xFF,0xFF,0xFF,0xFF,0xFF,0xFF,0xFF,0xFF,0xFF,0xFF,0xFF,0xFF,0xFF,0xFF,
    0xFF,0xFF,0xFF,0xFF,0xFF,0xFF,0xFF,0xFF,0xFF,0xFF,0xFF,0xFF,0xFF,0xFF,0xFF,0xFF,
    0xFF,0xFF,0xFF,0xFF,0xFF,0xFF,0xFF,0xFF,0xFF,0xFF,0xFF,0xFF,0xFF,0xFF,0xFF,0xFF,
    0xFF,0xFF,0xFF,0xFF,0xFF,0xFF,0xFF,0xFF,0xFF,0xFF,0xFF,0xFF,0xFF,0xFF,0xFF,0xFF,
    0xFF,0xFF,0xFF,0xFF,0xFF,0xFF,0xFF,0xFF,0xFF,0xFF,0xFF,0xFF,0xFF,0xFF,0xFF,0xFF,
    0xFF,0xFF,0xFF,0xFF,0xFF,0xFF,0xFF,0xFF,0xFF,0xFF,0xFF,0xFF,0xFF,0xFF,0xFF,0xFF,
    0xFF,0xFF,0xFF,0xFF,0xFF,0xFF,0xFF,0xFF,0xFF,0xFF,0xFF,0xFF,0xFF,0xFF,0xFF,0xFF,
    0xFF,0xFF,0xFF,0xFF,0xFF,0xFF,0xFF,0xFF,0xFF,0xFF,0xFF,0xFF,0xFF,0xFF,0xFF,0xFF,
    0xFF,0xFF,0xFF,0xFF,0xFF,0xFF,0xFF,0xFF,0xFF,0xFF,0xFF,0xFF,0xFF,0xFF,0xFF,0xFF,
    0xFF,0xFF,0xFF,0xFF,0xFF,0xFF,0xFF,0xFF,0xFF,0xFF,0xFF,0xFF,0xFF,0xFF,0xFF,0xFF,
    0xFF,0xFF,0xFF,0xFF,0xFF,0xFF,0xFF,0xFF,0xFF,0xFF,0xFF,0xFF,0xFF,0xFF,0xFF,0xFF,
    0xFF,0xFF,0xFF,0xFF,0xFF,0xFF,0xFF,0xFF,0xFF,0xFF,0xFF,0xFF,0xFF,0xFF,0xFF,0xFF,
    0xFF,0xFF,0xFF,0xFF,0xFF,0xFF,0xFF,0xFF,0xFF,0xFF,0xFF,0xFF,0xFF,0xFF,0xFF,0xFF,
    0xFF,0xFF,0xFF,0xFF,0xFF,0xFF,0xFF,0xFF,0xFF,0xFF,0xFF,0xFF,0xFF,0xFF,0xFF,0xFF,
    0xFF,0xFF,0xFF,0xFF,0xFF,0xFF,0xFF,0xFF,0xFF,0xFF,0xFF,0xFF,0xFF,0xFF,0xFF,0xFF,
    0xFF,0xFF,0xFF,0xFF,0xFF,0xFF,0xFF,0xFF,0xFF,0xFF,0xFF,0xFF,0xFF,0xFF,0xFF,0xFF,
    0xFF,0xFF,0xFF,0xFF,0xFF,0xFF,0xFF,0xFF,0xFF,0xFF,0xFF,0xFF,0xFF,0xFF,0xFF,0xFF,
    0xFF,0xFF,0xFF,0xFF,0xFF,0xFF,0xFF,0xFF,0xFF,0xFF,0xFF,0xFF,0xFF,0xFF,0xFF,0xFF,
    0xFF,0xFF,0xFF,0xFF,0xFF,0xFF,0xFF,0xFF,0xFF,0xFF,0xFF,0xFF,0xFF,0xFF,0xFF,0xFF,
    0xFF,0xFF,0xFF,0xFF,0xFF,0xFF,0xFF,0xFF,0xFF,0xFF,0xFF,0xFF,0xFF,0xFF,0xFF,0xFF,
    0xFF,0xFF,0xFF,0xFF,0xFF,0xFF,0xFF,0xFF,0xFF,0xFF,0xFF,0xFF,0xFF,0xFF,0xFF,0xFF,
    0xFF,0xFF,0xFF,0xFF,0xFF,0xFF,0xFF,0xFF,0xFF,0xFF,0xFF,0xFF,0xFF,0xFF,0xFF,0xFF,
    0xFF,0xFF,0xFF,0xFF,0xFF,0xFF,0xFF,0xFF,0xFF,0xFF,0xFF,0xFF,0xFF,0xFF,0xFF,0xFF,
    0xFF,0xFF,0xFF,0xFF,0xFF,0xFF,0xFF,0xFF,0xFF,0xFF,0xFF,0xFF,0xFF,0xFF,0xFF,0xFF,
    0xFF,0xFF,0xFF,0xFF,0xFF,0xFF,0xFF,0xFF,0xFF,0xFF,0xFF,0xFF,0xFF,0xFF,0xFF,0xFF,
    0xFF,0xFF,0xFF,0xFF,0xFF,0xFF,0xFF,0xFF,0xFF,0xFF,0xFF,0xFF,0xFF,0xFF,0xFF,0xFF,
    0xFF,0xFF,0xFF,0xFF,0xFF,0xFF,0xFF,0xFF,0xFF,0xFF,0xFF,0xFF,0xFF,0xFF,0xFF,0xFF,
    0xFF,0xFF,0xFF,0xFF,0xFF,0xFF,0xFF,0xFF,0xFF,0xFF,0xFF,0xFF,0xFF,0xFF,0xFF,0xFF,
    0xFF,0xFF,0xFF,0xFF,0xFF,0xFF,0xFF,0xFF,0xFF,0xFF,0xFF,0xFF,0xFF,0xFF,0xFF,0xFF,
    0xFF,0xFF,0xFF,0xFF,0xFF,0xFF,0xFF,0xFF,0xFF,0xFF,0xFF,0xFF,0xFF,0xFF,0xFF,0xFF,
    0xFF,0xFF,0xFF,0xFF,0xFF,0xFF,0xFF,0xFF,0xFF,0xFF,0xFF,0xFF,0xFF,0xFF,0xFF,0xFF,
    0xFF,0xFF,0xFF,0xFF,0xFF,0xFF,0xFF,0xFF,0xFF,0xFF,0xFF,0xFF,0xFF,0xFF,0xFF,0xFF,
    0xFF,0xFF,0xFF,0xFF,0xFF,0xFF,0xFF,0xFF,0xFF,0xFF,0xFF,0xFF,0xFF,0xFF,0xFF,0xFF,
    0xFF,0xFF,0xFF,0xFF,0xFF,0xFF,0xFF,0xFF,0xFF,0xFF,0xFF,0xFF,0xFF,0xFF,0xFF,0xFF,
    0xFF,0xFF,0xFF,0xFF,0xFF,0xFF,0xFF,0xFF,0xFF,0xFF,0xFF,0xFF,0xFF,0xFF,0xFF,0xFF,
    0xFF,0xFF,0xFF,0xFF,0xFF,0xFF,0xFF,0xFF,0xFF,0xFF,0xFF,0xFF,0xFF,0xFF,0xFF,0xFF,
    0xFF,0xFF,0xFF,0xFF,0xFF,0xFF,0xFF,0xFF,0xFF,0xFF,0xFF,0xFF,0xFF,0xFF,0xFF,0xFF,
    0xFF,0xFF,0xFF,0xFF,0xFF,0xFF,0xFF,0xFF,0xFF,0xFF,0xFF,0xFF,0xFF,0xFF,0xFF,0xFF,
    0xFF,0xFF,0xFF,0xFF,0xFF,0xFF,0xFF,0xFF,0xFF,0xFF,0xFF,0xFF,0xFF,0xFF,0xFF,0xFF,
    0xFF,0xFF,0xFF,0xFF,0xFF,0xFF,0xFF,0xFF,0xFF,0xFF,0xFF,0xFF,0xFF,0xFF,0xFF,0xFF,
    0xFF,0xFF,0xFF,0xFF,0xFF,0xFF,0xFF,0xFF,0xFF,0xFF,0xFF,0xFF,0xFF,0xFF,0xFF,0xFF,
    0xFF,0xFF,0xFF,0xFF,0xFF,0xFF,0xFF,0xFF,0xFF,0xFF,0xFF,0xFF,0xFF,0xFF,0xFF,0xFF,
    0xFF,0xFF,0xFF,0xFF,0xFF,0xFF,0xFF,0xFF,0xFF,0xFF,0xFF,0xFF,0xFF,0xFF,0xFF,0xFF,
    0xFF,0xFF,0xFF,0xFF,0xFF,0xFF,0xFF,0xFF,0xFF,0xFF,0xFF,0xFF,0xFF,0xFF,0xFF,0xFF,
    0xFF,0xFF,0xFF,0xFF,0xFF,0xFF,0xFF,0xFF,0xFF,0xFF,0xFF,0xFF,0xFF,0xFF,0xFF,0xFF,
    0xFF,0xFF,0xFF,0xFF,0xFF,0xFF,0xFF,0xFF,0xFF,0xFF,0xFF,0xFF,0xFF,0xFF,0xFF,0xFF,
    0xFF,0xFF,0xFF,0xFF,0xFF,0xFF,0xFF,0xFF,0xFF,0xFF,0xFF,0xFF,0xFF,0xFF,0xFF,0xFF,
    0xFF,0xFF,0xFF,0xFF,0xFF,0xFF,0xFF,0xFF,0xFF,0xFF,0xFF,0xFF,0xFF,0xFF,0xFF,0xFF,
    0xFF,0xFF,0xFF,0xFF,0xFF,0xFF,0xFF,0xFF,0xFF,0xFF,0xFF,0xFF,0xFF,0xFF,0xFF,0xFF,
    0xFF,0xFF,0xFF,0xFF,0xFF,0xFF,0xFF,0xFF,0xFF,0xFF,0xFF,0xFF,0xFF,0xFF,0xFF,0xFF,
    0xFF,0xFF,0xFF,0xFF,0xFF,0xFF,0xFF,0xFF,0xFF,0xFF,0xFF,0xFF,0xFF,0xFF,0xFF,0xFF,
    0xFF,0xFF,0xFF,0xFF,0xFF,0xFF,0xFF,0xFF,0xFF,0xFF,0xFF,0xFF,0xFF,0xFF,0xFF,0xFF,
    0xFF,0xFF,0xFF,0xFF,0xFF,0xFF,0xFF,0xFF,0xFF,0xFF,0xFF,0xFF,0xFF,0xFF,0xFF,0xFF,
    0xFF,0xFF,0xFF,0xFF,0xFF,0xFF,0xFF,0xFF,0xFF,0xFF,0xFF,0xFF,0xFF,0xFF,0xFF,0xFF,
    0xFF,0xFF,0xFF,0xFF,0xFF,0xFF,0xFF,0xFF,0xFF,0xFF,0xFF,0xFF,0xFF,0xFF,0xFF,0xFF,
    0xFF,0xFF,0xFF,0xFF,0xFF,0xFF,0xFF,0xFF,0xFF,0xFF,0xFF,0xFF,0xFF,0xFF,0xFF,0xFF,
    0xFF,0xFF,0xFF,0xFF,0xFF,0xFF,0xFF,0xFF,0xFF,0xFF,0xFF,0xFF,0xFF,0xFF,0xFF,0xFF,
    0xFF,0xFF,0xFF,0xFF,0xFF,0xFF,0xFF,0xFF,0xFF,0xFF,0xFF,0xFF,0xFF,0xFF,0xFF,0xFF,
    0xFF,0xFF,0xFF,0xFF,0xFF,0xFF,0xFF,0xFF,0xFF,0xFF,0xFF,0xFF,0xFF,0xFF,0xFF,0xFF,
    0xFF,0xFF,0xFF,0xFF,0xFF,0xFF,0xFF,0xFF,0xFF,0xFF,0xFF,0xFF,0xFF,0xFF,0xFF,0xFF,
    0xFF,0xFF,0xFF,0xFF,0xFF,0xFF,0xFF,0xFF,0xFF,0xFF,0xFF,0xFF,0xFF,0xFF,0xFF,0xFF,
    0xFF,0xFF,0xFF,0xFF,0xFF,0xFF,0xFF,0xFF,0xFF,0xFF,0xFF,0xFF,0xFF,0xFF,0xFF,0xFF,
    0xFF,0xFF,0xFF,0xFF,0xFF,0xFF,0xFF,0xFF,0xFF,0xFF,0xFF,0xFF,0xFF,0xFF,0xFF,0xFF,
    0xFF,0xFF,0xFF,0xFF,0xFF,0xFF,0xFF,0xFF,0xFF,0xFF,0xFF,0xFF,0xFF,0xFF,0xFF,0xFF,
    0xFF,0xFF,0xFF,0xFF,0xFF,0xFF,0xFF,0xFF,0xFF,0xFF,0xFF,0xFF,0xFF,0xFF,0xFF,0xFF,
    0xFF,0xFF,0xFF,0xFF,0xFF,0xFF,0xFF,0xFF,0xFF,0xFF,0xFF,0xFF,0xFF,0xFF,0xFF,0xFF,
    0xFF,0xFF,0xFF,0xFF,0xFF,0xFF,0xFF,0xFF,0xFF,0xFF,0xFF,0xFF,0xFF,0xFF,0xFF,0xFF,
    0xFF,0xFF,0xFF,0xFF,0xFF,0xFF,0xFF,0xFF,0xFF,0xFF,0xFF,0xFF,0xFF,0xFF,0xFF,0xFF,
    0xFF,0xFF,0xFF,0xFF,0xFF,0xFF,0xFF,0xFF,0xFF,0xFF,0xFF,0xFF,0xFF,0xFF,0xFF,0xFF,
    0xFF,0xFF,0xFF,0xFF,0xFF,0xFF,0xFF,0xFF,0xFF,0xFF,0xFF,0xFF,0xFF,0xFF,0xFF,0xFF,
    0xFF,0xFF,0xFF,0xFF,0xFF,0xFF,0xFF,0xFF,0xFF,0xFF,0xFF,0xFF,0xFF,0xFF,0xFF,0xFF,
    0xFF,0xFF,0xFF,0xFF,0xFF,0xFF,0xFF,0xFF,0xFF,0xFF,0xFF,0xFF,0xFF,0xFF,0xFF,0xFF,
    0xFF,0xFF,0xFF,0xFF,0xFF,0xFF,0xFF,0xFF,0xFF,0xFF,0xFF,0xFF,0xFF,0xFF,0xFF,0xFF,
    0xFF,0xFF,0xFF,0xFF,0xFF,0xFF,0xFF,0xFF,0xFF,0xFF,0xFF,0xFF,0xFF,0xFF,0xFF,0xFF,
    0xFF,0xFF,0xFF,0xFF,0xFF,0xFF,0xFF,0xFF,0xFF,0xFF,0xFF,0xFF,0xFF,0xFF,0xFF,0xFF,
    0xFF,0xFF,0xFF,0xFF,0xFF,0xFF,0xFF,0xFF,0xFF,0xFF,0xFF,0xFF,0xFF,0xFF,0xFF,0xFF,
    0xFF,0xFF,0xFF,0xFF,0xFF,0xFF,0xFF,0xFF,0xFF,0xFF,0xFF,0xFF,0xFF,0xFF,0xFF,0xFF,
    0xFF,0xFF,0xFF,0xFF,0xFF,0xFF,0xFF,0xFF,0xFF,0xFF,0xFF,0xFF,0xFF,0xFF,0xFF,0xFF,
    0xFF,0xFF,0xFF,0xFF,0xFF,0xFF,0xFF,0xFF,0xFF,0xFF,0xFF,0xFF,0xFF,0xFF,0xFF,0xFF,
    0xFF,0xFF,0xFF,0xFF,0xFF,0xFF,0xFF,0xFF,0xFF,0xFF,0xFF,0xFF,0xFF,0xFF,0xFF,0xFF,
    0xFF,0xFF,0xFF,0xFF,0xFF,0xFF,0xFF,0xFF,0xFF,0xFF,0xFF,0xFF,0xFF,0xFF,0xFF,0xFF,
    0xFF,0xFF,0xFF,0xFF,0xFF,0xFF,0xFF,0xFF,0xFF,0xFF,0xFF,0xFF,0xFF,0xFF,0xFF,0xFF,
    0xFF,0xFF,0xFF,0xFF,0xFF,0xFF,0xFF,0xFF,0xFF,0xFF,0xFF,0xFF,0xFF,0xFF,0xFF,0xFF,
    0xFF,0xFF,0xFF,0xFF,0xFF,0xFF,0xFF,0xFF,0xFF,0xFF,0xFF,0xFF,0xFF,0xFF,0xFF,0xFF,
    0xFF,0xFF,0xFF,0xFF,0xFF,0xFF,0xFF,0xFF,0xFF,0xFF,0xFF,0xFF,0xFF,0xFF,0xFF,0xFF,
    0xFF,0xFF,0xFF,0xFF,0xFF,0xFF,0xFF,0xFF,0xFF,0xFF,0xFF,0xFF,0xFF,0xFF,0xFF,0xFF,
    0xFF,0xFF,0xFF,0xFF,0xFF,0xFF,0xFF,0xFF,0xFF,0xFF,0xFF,0xFF,0xFF,0xFF,0xFF,0xFF,
    0xFF,0xFF,0xFF,0xFF,0xFF,0xFF,0xFF,0xFF,0xFF,0xFF,0xFF,0xFF,0xFF,0xFF,0xFF,0xFF,
    0xFF,0xFF,0xFF,0xFF,0xFF,0xFF,0xFF,0xFF,0xFF,0xFF,0xFF,0xFF,0xFF,0xFF,0xFF,0xFF,
    0xFF,0xFF,0xFF,0xFF,0xFF,0xFF,0xFF,0xFF,0xFF,0xFF,0xFF,0xFF,0xFF,0xFF,0xFF,0xFF,
    0xFF,0xFF,0xFF,0xFF,0xFF,0xFF,0xFF,0xFF,0xFF,0xFF,0xFF,0xFF,0xFF,0xFF,0xFF,0xFF,
    0xFF,0xFF,0xFF,0xFF,0xFF,0xFF,0xFF,0xFF,0xFF,0xFF,0xFF,0xFF,0xFF,0xFF,0xFF,0xFF,
    0xFF,0xFF,0xFF,0xFF,0xFF,0xFF,0xFF,0xFF,0xFF,0xFF,0xFF,0xFF,0xFF,0xFF,0xFF,0xFF,
    0xFF,0xFF,0xFF,0xFF,0xFF,0xFF,0xFF,0xFF,0xFF,0xFF,0xFF,0xFF,0xFF,0xFF,0xFF,0xFF,
    0xFF,0xFF,0xFF,0xFF,0xFF,0xFF,0xFF,0xFF,0xFF,0xFF,0xFF,0xFF,0xFF,0xFF,0xFF,0xFF,
    0xFF,0xFF,0xFF,0xFF,0xFF,0xFF,0xFF,0xFF,0xFF,0xFF,0xFF,0xFF,0xFF,0xFF,0xFF,0xFF,
    0xFF,0xFF,0xFF,0xFF,0xFF,0xFF,0xFF,0xFF,0xFF,0xFF,0xFF,0xFF,0xFF,0xFF,0xFF,0xFF,
    0xFF,0xFF,0xFF,0xFF,0xFF,0xFF,0xFF,0xFF,0xFF,0xFF,0xFF,0xFF,0xFF,0xFF,0xFF,0xFF,
    0xFF,0xFF,0xFF,0xFF,0xFF,0xFF,0xFF,0xFF,0xFF,0xFF,0xFF,0xFF,0xFF,0xFF,0xFF,0xFF,
    0xFF,0xFF,0xFF,0xFF,0xFF,0xFF,0xFF,0xFF,0xFF,0xFF,0xFF,0xFF,0xFF,0xFF,0xFF,0xFF,
    0xFF,0xFF,0xFF,0xFF,0xFF,0xFF,0xFF,0xFF,0xFF,0xFF,0xFF,0xFF,0xFF,0xFF,0xFF,0xFF,
    0xFF,0xFF,0xFF,0xFF,0xFF,0xFF,0xFF,0xFF,0xFF,0xFF,0xFF,0xFF,0xFF,0xFF,0xFF,0xFF,
    0xFF,0xFF,0xFF,0xFF,0xFF,0xFF,0xFF,0xFF,0xFF,0xFF,0xFF,0xFF,0xFF,0xFF,0xFF,0xFF,
    0xFF,0xFF,0xFF,0xFF,0xFF,0xFF,0xFF,0xFF,0xFF,0xFF,0xFF,0xFF,0xFF,0xFF,0xFF,0xFF,
    0xFF,0xFF,0xFF,0xFF,0xFF,0xFF,0xFF,0xFF,0xFF,0xFF,0xFF,0xFF,0xFF,0xFF,0xFF,0xFF,
    0xFF,0xFF,0xFF,0xFF,0xFF,0xFF,0xFF,0xFF,0xFF,0xFF,0xFF,0xFF,0xFF,0xFF,0xFF,0xFF,
    0xFF,0xFF,0xFF,0xFF,0xFF,0xFF,0xFF,0xFF,0xFF,0xFF,0xFF,0xFF,0xFF,0xFF,0xFF,0xFF,
    0xFF,0xFF,0xFF,0xFF,0xFF,0xFF,0xFF,0xFF,0xFF,0xFF,0xFF,0xFF,0xFF,0xFF,0xFF,0xFF,
    0xFF,0xFF,0xFF,0xFF,0xFF,0xFF,0xFF,0xFF,0xFF,0xFF,0xFF,0xFF,0xFF,0xFF,0xFF,0xFF,
    0xFF,0xFF,0xFF,0xFF,0xFF,0xFF,0xFF,0xFF,0xFF,0xFF,0xFF,0xFF,0xFF,0xFF,0xFF,0xFF,
    0xFF,0xFF,0xFF,0xFF,0xFF,0xFF,0xFF,0xFF,0xFF,0xFF,0xFF,0xFF,0xFF,0xFF,0xFF,0xFF,
    0xFF,0xFF,0xFF,0xFF,0xFF,0xFF,0xFF,0xFF,0xFF,0xFF,0xFF,0xFF,0xFF,0xFF,0xFF,0xFF,
    0xFF,0xFF,0xFF,0xFF,0xFF,0xFF,0xFF,0xFF,0xFF,0xFF,0xFF,0xFF,0xFF,0xFF,0xFF,0xFF,
    0xFF,0xFF,0xFF,0xFF,0xFF,0xFF,0xFF,0xFF,0xFF,0xFF,0xFF,0xFF,0xFF,0xFF,0xFF,0xFF,
    0xFF,0xFF,0xFF,0xFF,0xFF,0xFF,0xFF,0xFF,0xFF,0xFF,0xFF,0xFF,0xFF,0xFF,0xFF,0xFF,
    0xFF,0xFF,0xFF,0xFF,0xFF,0xFF,0xFF,0xFF,0xFF,0xFF,0xFF,0xFF,0xFF,0xFF,0xFF,0xFF,
    0xFF,0xFF,0xFF,0xFF,0xFF,0xFF,0xFF,0xFF,0xFF,0xFF,0xFF,0xFF,0xFF,0xFF,0xFF,0xFF,
    0xFF,0xFF,0xFF,0xFF,0xFF,0xFF,0xFF,0xFF,0xFF,0xFF,0xFF,0xFF,0xFF,0xFF,0xFF,0xFF,
    0xFF,0xFF,0xFF,0xFF,0xFF,0xFF,0xFF,0xFF,0xFF,0xFF,0xFF,0xFF,0xFF,0xFF,0xFF,0xFF,
    0xFF,0xFF,0xFF,0xFF,0xFF,0xFF,0xFF,0xFF,0xFF,0xFF,0xFF,0xFF,0xFF,0xFF,0xFF,0xFF,
    0xFF,0xFF,0xFF,0xFF,0xFF,0xFF,0xFF,0xFF,0xFF,0xFF,0xFF,0xFF,0xFF,0xFF,0xFF,0xFF,
    0xFF,0xFF,0xFF,0xFF,0xFF,0xFF,0xFF,0xFF,0xFF,0xFF,0xFF,0xFF,0xFF,0xFF,0xFF,0xFF,
    0xFF,0xFF,0xFF,0xFF,0xFF,0xFF,0xFF,0xFF,0xFF,0xFF,0xFF,0xFF,0xFF,0xFF,0xFF,0xFF,
    0xFF,0xFF,0xFF,0xFF,0xFF,0xFF,0xFF,0xFF,0xFF,0xFF,0xFF,0xFF,0xFF,0xFF,0xFF,0xFF,
    0xFF,0xFF,0xFF,0xFF,0xFF,0xFF,0xFF,0xFF,0xFF,0xFF,0xFF,0xFF,0xFF,0xFF,0xFF,0xFF,
    0xFF,0xFF,0xFF,0xFF,0xFF,0xFF,0xFF,0xFF,0xFF,0xFF,0xFF,0xFF,0xFF,0xFF,0xFF,0xFF,
    0xFF,0xFF,0xFF,0xFF,0xFF,0xFF,0xFF,0xFF,0xFF,0xFF,0xFF,0xFF,0xFF,0xFF,0xFF,0xFF,
    0xFF,0xFF,0xFF,0xFF,0xFF,0xFF,0xFF,0xFF,0xFF,0xFF,0xFF,0xFF,0xFF,0xFF,0xFF,0xFF,
    0xFF,0xFF,0xFF,0xFF,0xFF,0xFF,0xFF,0xFF,0xFF,0xFF,0xFF,0xFF,0xFF,0xFF,0xFF,0xFF,
    0xFF,0xFF,0xFF,0xFF,0xFF,0xFF,0xFF,0xFF,0xFF,0xFF,0xFF,0xFF,0xFF,0xFF,0xFF,0xFF,
    0xFF,0xFF,0xFF,0xFF,0xFF,0xFF,0xFF,0xFF,0xFF,0xFF,0xFF,0xFF,0xFF,0xFF,0xFF,0xFF,
    0xFF,0xFF,0xFF,0xFF,0xFF,0xFF,0xFF,0xFF,0xFF,0xFF,0xFF,0xFF,0xFF,0xFF,0xFF,0xFF,
    0xFF,0xFF,0xFF,0xFF,0xFF,0xFF,0xFF,0xFF,0xFF,0xFF,0xFF,0xFF,0xFF,0xFF,0xFF,0xFF,
    0xFF,0xFF,0xFF,0xFF,0xFF,0xFF,0xFF,0xFF,0xFF,0xFF,0xFF,0xFF,0xFF,0xFF,0xFF,0xFF,
    0xFF,0xFF,0xFF,0xFF,0xFF,0xFF,0xFF,0xFF,0xFF,0xFF,0xFF,0xFF,0xFF,0xFF,0xFF,0xFF,
    0xFF,0xFF,0xFF,0xFF,0xFF,0xFF,0xFF,0xFF,0xFF,0xFF,0xFF,0xFF,0xFF,0xFF,0xFF,0xFF,
    0xFF,0xFF,0xFF,0xFF,0xFF,0xFF,0xFF,0xFF,0xFF,0xFF,0xFF,0xFF,0xFF,0xFF,0xFF,0xFF,
    0xFF,0xFF,0xFF,0xFF,0xFF,0xFF,0xFF,0xFF,0xFF,0xFF,0xFF,0xFF,0xFF,0xFF,0xFF,0xFF,
    0xFF,0xFF,0xFF,0xFF,0xFF,0xFF,0xFF,0xFF,0xFF,0xFF,0xFF,0xFF,0xFF,0xFF,0xFF,0xFF,
    0xFF,0xFF,0xFF,0xFF,0xFF,0xFF,0xFF,0xFF,0xFF,0xFF,0xFF,0xFF,0xFF,0xFF,0xFF,0xFF,
    0xFF,0xFF,0xFF,0xFF,0xFF,0xFF,0xFF,0xFF,0xFF,0xFF,0xFF,0xFF,0xFF,0xFF,0xFF,0xFF,
    0xFF,0xFF,0xFF,0xFF,0xFF,0xFF,0xFF,0xFF,0xFF,0xFF,0xFF,0xFF,0xFF,0xFF,0xFF,0xFF,
    0xFF,0xFF,0xFF,0xFF,0xFF,0xFF,0xFF,0xFF,0xFF,0xFF,0xFF,0xFF,0xFF,0xFF,0xFF,0xFF,
    0xFF,0xFF,0xFF,0xFF,0xFF,0xFF,0xFF,0xFF,0xFF,0xFF,0xFF,0xFF,0xFF,0xFF,0xFF,0xFF,
    0xFF,0xFF,0xFF,0xFF,0xFF,0xFF,0xFF,0xFF,0xFF,0xFF,0xFF,0xFF,0xFF,0xFF,0xFF,0xFF,
    0xFF,0xFF,0xFF,0xFF,0xFF,0xFF,0xFF,0xFF,0xFF,0xFF,0xFF,0xFF,0xFF,0xFF,0xFF,0xFF,
    0xFF,0xFF,0xFF,0xFF,0xFF,0xFF,0xFF,0xFF,0xFF,0xFF,0xFF,0xFF,0xFF,0xFF,0xFF,0xFF,
    0xFF,0xFF,0xFF,0xFF,0xFF,0xFF,0xFF,0xFF,0xFF,0xFF,0xFF,0xFF,0xFF,0xFF,0xFF,0xFF,
    0xFF,0xFF,0xFF,0xFF,0xFF,0xFF,0xFF,0xFF,0xFF,0xFF,0xFF,0xFF,0xFF,0xFF,0xFF,0xFF,
    0xFF,0xFF,0xFF,0xFF,0xFF,0xFF,0xFF,0xFF,0xFF,0xFF,0xFF,0xFF,0xFF,0xFF,0xFF,0xFF,
    0xFF,0xFF,0xFF,0xFF,0xFF,0xFF,0xFF,0xFF,0xFF,0xFF,0xFF,0xFF,0xFF,0xFF,0xFF,0xFF,
    0xFF,0xFF,0xFF,0xFF,0xFF,0xFF,0xFF,0xFF,0xFF,0xFF,0xFF,0xFF,0xFF,0xFF,0xFF,0xFF,
    0xFF,0xFF,0xFF,0xFF,0xFF,0xFF,0xFF,0xFF,0xFF,0xFF,0xFF,0xFF,0xFF,0xFF,0xFF,0xFF,
    0xFF,0xFF,0xFF,0xFF,0xFF,0xFF,0xFF,0xFF,0xFF,0xFF,0xFF,0xFF,0xFF,0xFF,0xFF,0xFF,
    0xFF,0xFF,0xFF,0xFF,0xFF,0xFF,0xFF,0xFF,0xFF,0xFF,0xFF,0xFF,0xFF,0xFF,0xFF,0xFF,
    0xFF,0xFF,0xFF,0xFF,0xFF,0xFF,0xFF,0xFF,0xFF,0xFF,0xFF,0xFF,0xFF,0xFF,0xFF,0xFF,
    0xFF,0xFF,0xFF,0xFF,0xFF,0xFF,0xFF,0xFF,0xFF,0xFF,0xFF,0xFF,0xFF,0xFF,0xFF,0xFF,
    0xFF,0xFF,0xFF,0xFF,0xFF,0xFF,0xFF,0xFF,0xFF,0xFF,0xFF,0xFF,0xFF,0xFF,0xFF,0xFF,
    0xFF,0xFF,0xFF,0xFF,0xFF,0xFF,0xFF,0xFF,0xFF,0xFF,0xFF,0xFF,0xFF,0xFF,0xFF,0xFF,
    0xFF,0xFF,0xFF,0xFF,0xFF,0xFF,0xFF,0xFF,0xFF,0xFF,0xFF,0xFF,0xFF,0xFF,0xFF,0xFF,
    0xFF,0xFF,0xFF,0xFF,0xFF,0xFF,0xFF,0xFF,0xFF,0xFF,0xFF,0xFF,0xFF,0xFF,0xFF,0xFF,
    0xFF,0xFF,0xFF,0xFF,0xFF,0xFF,0xFF,0xFF,0xFF,0xFF,0xFF,0xFF,0xFF,0xFF,0xFF,0xFF,
    0xFF,0xFF,0xFF,0xFF,0xFF,0xFF,0xFF,0xFF,0xFF,0xFF,0xFF,0xFF,0xFF,0xFF,0xFF,0xFF,
    0xFF,0xFF,0xFF,0xFF,0xFF,0xFF,0xFF,0xFF,0xFF,0xFF,0xFF,0xFF,0xFF,0xFF,0xFF,0xFF,
    0xFF,0xFF,0xFF,0xFF,0xFF,0xFF,0xFF,0xFF,0xFF,0xFF,0xFF,0xFF,0xFF,0xFF,0xFF,0xFF,
    0xFF,0xFF,0xFF,0xFF,0xFF,0xFF,0xFF,0xFF,0xFF,0xFF,0xFF,0xFF,0xFF,0xFF,0xFF,0xFF,
    0xFF,0xFF,0xFF,0xFF,0xFF,0xFF,0xFF,0xFF,0xFF,0xFF,0xFF,0xFF,0xFF,0xFF,0xFF,0xFF,
    0xFF,0xFF,0xFF,0xFF,0xFF,0xFF,0xFF,0xFF,0xFF,0xFF,0xFF,0xFF,0xFF,0xFF,0xFF,0xFF,
    0xFF,0xFF,0xFF,0xFF,0xFF,0xFF,0xFF,0xFF,0xFF,0xFF,0xFF,0xFF,0xFF,0xFF,0xFF,0xFF,
    0xFF,0xFF,0xFF,0xFF,0xFF,0xFF,0xFF,0xFF,0xFF,0xFF,0xFF,0xFF,0xFF,0xFF,0xFF,0xFF,
    0xFF,0xFF,0xFF,0xFF,0xFF,0xFF,0xFF,0xFF,0xFF,0xFF,0xFF,0xFF,0xFF,0xFF,0xFF,0xFF,
    0xFF,0xFF,0xFF,0xFF,0xFF,0xFF,0xFF,0xFF,0xFF,0xFF,0xFF,0xFF,0xFF,0xFF,0xFF,0xFF,
    0xFF,0xFF,0xFF,0xFF,0xFF,0xFF,0xFF,0xFF,0xFF,0xFF,0xFF,0xFF,0xFF,0xFF,0xFF,0xFF,
    0xFF,0xFF,0xFF,0xFF,0xFF,0xFF,0xFF,0xFF,0xFF,0xFF,0xFF,0xFF,0xFF,0xFF,0xFF,0xFF,
    0xFF,0xFF,0xFF,0xFF,0xFF,0xFF,0xFF,0xFF,0xFF,0xFF,0xFF,0xFF,0xFF,0xFF,0xFF,0xFF,
    0xFF,0xFF,0xFF,0xFF,0xFF,0xFF,0xFF,0xFF,0xFF,0xFF,0xFF,0xFF,0xFF,0xFF,0xFF,0xFF,
    0xFF,0xFF,0xFF,0xFF,0xFF,0xFF,0xFF,0xFF,0xFF,0xFF,0xFF,0xFF,0xFF,0xFF,0xFF,0xFF,
    0xFF,0xFF,0xFF,0xFF,0xFF,0xFF,0xFF,0xFF,0xFF,0xFF,0xFF,0xFF,0xFF,0xFF,0xFF,0xFF,
    0xFF,0xFF,0xFF,0xFF,0xFF,0xFF,0xFF,0xFF,0xFF,0xFF,0xFF,0xFF,0xFF,0xFF,0xFF,0xFF,
    0xFF,0xFF,0xFF,0xFF,0xFF,0xFF,0xFF,0xFF,0xFF,0xFF,0xFF,0xFF,0xFF,0xFF,0xFF,0xFF,
    0xFF,0xFF,0xFF,0xFF,0xFF,0xFF,0xFF,0xFF,0xFF,0xFF,0xFF,0xFF,0xFF,0xFF,0xFF,0xFF,
    0xFF,0xFF,0xFF,0xFF,0xFF,0xFF,0xFF,0xFF,0xFF,0xFF,0xFF,0xFF,0xFF,0xFF,0xFF,0xFF,
    0xFF,0xFF,0xFF,0xFF,0xFF,0xFF,0xFF,0xFF,0xFF,0xFF,0xFF,0xFF,0xFF,0xFF,0xFF,0xFF,
    0xFF,0xFF,0xFF,0xFF,0xFF,0xFF,0xFF,0xFF,0xFF,0xFF,0xFF,0xFF,0xFF,0xFF,0xFF,0xFF,
    0xFF,0xFF,0xFF,0xFF,0xFF,0xFF,0xFF,0xFF,0xFF,0xFF,0xFF,0xFF,0xFF,0xFF,0xFF,0xFF,
    0xFF,0xFF,0xFF,0xFF,0xFF,0xFF,0xFF,0xFF,0xFF,0xFF,0xFF,0xFF,0xFF,0xFF,0xFF,0xFF,
    0xFF,0xFF,0xFF,0xFF,0xFF,0xFF,0xFF,0xFF,0xFF,0xFF,0xFF,0xFF,0xFF,0xFF,0xFF,0xFF,
    0xFF,0xFF,0xFF,0xFF,0xFF,0xFF,0xFF,0xFF,0xFF,0xFF,0xFF,0xFF,0xFF,0xFF,0xFF,0xFF,
    0x78,0xD8,0xA9,0x00,0x8D,0x00,0x20,0xA2,0xFF,0x9A,0xAD,0x02,0x20,0x29,0x80,0xF0,
    0xF9,0xAD,0x02,0x20,0x29,0x80,0xF0,0xF9,0x09,0xFF,0x8D,0x00,0x80,0x8D,0x00,0xA0,
    0x8D,0x00,0xC0,0x8D,0x00,0xE0,0xA9,0x0F,0x20,0x98,0xBF,0xA9,0x00,0x8D,0x00,0xA0,
    0x4A,0x8D,0x00,0xA0,0x4A,0x8D,0x00,0xA0,0x4A,0x8D,0x00,0xA0,0x4A,0x8D,0x00,0xA0,
    0xA9,0x07,0x20,0xAC,0xBF,0x4C,0x40,0xE4,0x8D,0x00,0x80,0x4A,0x8D,0x00,0x80,0x4A,
    0x8D,0x00,0x80,0x4A,0x8D,0x00,0x80,0x4A,0x8D,0x00,0x80,0x60,0x8D,0x00,0xE0,0x4A,
    0x8D,0x00,0xE0,0x4A,0x8D,0x00,0xE0,0x4A,0x8D,0x00,0xE0,0x4A,0x8D,0x00,0xE0,0x60,
    0xFF,0xFF,0xFF,0xFF,0xFF,0xFF,0xFF,0xFF,0xFF,0xFF,0xFF,0xFF,0xFF,0xFF,0xFF,0xFF,
    0xFF,0xFF,0xFF,0xFF,0xFF,0xFF,0xFF,0xFF,0xFF,0xFF,0xFF,0xFF,0xFF,0xFF,0xFF,0xFF,
    0xFF,0xFF,0xFF,0xFF,0xFF,0xFF,0xFF,0xFF,0xFF,0xFF,0xFF,0xFF,0xFF,0xFF,0xFF,0xFF,]);
writeToMemory(0x0000, [0x4E,0x45,0x53,0x1A,0x08,0x00,0x12,0x00,0x00,0x00,0x00,0x00,0x00,0x00,0x00,0x00,0xFF,0xFF,0xFF,0xFF,0xFF,0xFF,0xFF,0xFF,0xFF,0xFF,0xFF,0xFF,0xFF,0xFF,0xFF,0xFF,0xFF,0xFF,0xFF,0xFF,0xFF,0xFF,0xFF,0xFF,0xFF,0xFF,0xFF,0xFF,0xFF,0xFF,0xFF,0xFF,0xFF,0xFF,0xFF,0xFF,0xFF,0xFF,0xFF,0xFF,0xFF,0xFF,0xFF,0xFF,0xFF,0xFF,0xFF,0xFF,0xFF,0xFF,0xFF,0xFF,0xFF,0xFF,0xFF,0xFF,0xFF,0xFF,0xFF,0xFF,0xFF,0xFF,0xFF,0xFF,0xFF,0xFF,0xFF,0xFF,0xFF,0xFF,0xFF,0xFF,0xFF,0xFF,0xFF,0xFF,0xFF,0xFF,0xFF,0xFF,0xFF,0xFF,0xFF,0xFF,0xFF,0xFF,0xFF,0xFF,0xFF,0xFF,0xFF,0xFF,0xFF,0xFF,0xFF,0xFF,0xFF,0xFF,0xFF,0xFF,0xFF,0xFF,0xFF,0xFF,0xFF,0xFF,0xFF,0xFF,0xFF,0xFF,0xFF,0xFF,0xFF,0xFF,0xFF,0xFF,0xFF,0xFF,0xFF,0xFF,0xFF,0xFF,0xFF,0xFF,0xFF,0xFF,0xFF,0xFF,0xFF,0xFF,0xFF,0xFF,0xFF,0xFF,0xFF,0xFF,0xFF,0xFF,0xFF,0xFF,0xFF,0xFF,0xFF,0xFF,0xFF,0xFF,0xFF,0xFF,0xFF,0xFF,0xFF,0xFF,0xFF,0xFF,0xFF,0xFF,0xFF,0xFF,0xFF,0xFF,0xFF,0xFF,0xFF,0xFF,0xFF,0xFF,0xFF,0xFF,0xFF,0xFF,0xFF,0xFF,0xFF,0xFF,0xFF,0xFF,0xFF,0xFF,0xFF,0xFF,0xFF,0xFF,0xFF,0xFF,0xFF,0xFF,0xFF,0xFF,0xFF,0xFF,0xFF,0xFF,0xFF,0xFF,0xFF,0xFF,0xFF,0xFF,0xFF,0xFF,0xFF,0xFF,0xFF,0xFF,0xFF,0xFF,0xFF,0xFF,0xFF,0xFF,0xFF,0xFF,0xFF,0xFF,0xFF,0xFF,0xFF,0xFF,0xFF,0xFF,0xFF,0xFF,0xFF,0xFF,0xFF,0xFF,0xFF,0xFF,0xFF,0xFF,0xFF,0xFF,0xFF,0xFF,0xFF,0xFF,0xFF,0xFF,0xFF,0xFF,0xFF,0xFF,0xFF,0xFF,0xFF,0xFF,0xFF,0xFF,0xFF,0xFF,0xFF,0xFF,0xFF,0xFF,0xFF,0xFF,0xFF,0xFF,0xFF,0xFF,0xFF,0xFF,0xFF,0xFF,0xFF,0xFF,0xFF,0xFF,0xFF,0xFF,0xFF,0xFF,0xFF,0xFF,0xFF,0xFF,0xFF,0xFF,0xFF,0xFF,0xFF,0xFF,0xFF,0xFF,0xFF,0xFF,0xFF,0xFF,0xFF,0xFF,0xFF,0xFF,0xFF,0xFF,0xFF,0xFF,0xFF,0xFF,0xFF,0xFF,0xFF,0xFF,0xFF,0xFF,0xFF,0xFF,0xFF,0xFF,0xFF,0xFF,0xFF,0xFF,0xFF,0xFF,0xFF,0xFF,0xFF,0xFF,0xFF,0xFF,0xFF,0xFF,0xFF,0xFF,0xFF,0xFF,0xFF,0xFF,0xFF,0xFF,0xFF,0xFF,0xFF,0xFF,0xFF,0xFF,0xFF,0xFF,0xFF,0xFF,0xFF,0xFF,0xFF,0xFF,0xFF,0xFF,0xFF,0xFF,0xFF,0xFF,0xFF,0xFF,0xFF,0xFF,0xFF,0xFF,0xFF,0xFF,0xFF,0xFF,0xFF,0xFF,0xFF,0xFF,0xFF,0xFF,0xFF,0xFF,0xFF,0xFF,0xFF,0xFF,0xFF,0xFF,0xFF,0xFF,0xFF,0xFF,0xFF,0xFF,0xFF,0xFF,0xFF,0xFF,0xFF,0xFF,0xFF,0xFF,0xFF,0xFF,0xFF,0xFF,0xFF,0xFF,0xFF,0xFF,0xFF,0xFF,0xFF,0xFF,0xFF,0xFF,0xFF,0xFF,0xFF,0xFF,0xFF,0xFF,0xFF,0xFF,0xFF,0xFF,0xFF,0xFF,0xFF,0xFF,0xFF,0xFF,0xFF,0xFF,0xFF,0xFF,0xFF,0xFF,0xFF,0xFF,0xFF,0xFF,0xFF,0xFF,0xFF,0xFF,0xFF,0xFF,0xFF,0xFF,0xFF,0xFF,0xFF,0xFF,0xFF,0xFF,0xFF,0xFF,0xFF,0xFF,0xFF,0xFF,0xFF,0xFF,0xFF,0xFF,0xFF,0xFF,0xFF,0xFF,0xFF,0xFF,0xFF,0xFF,0xFF,0xFF,0xFF,0xFF,0xFF,0xFF,0xFF,0xFF,0xFF,0xFF,0xFF,0xFF,0xFF,0xFF,0xFF,0xFF,0xFF,0xFF,0xFF,0xFF,0xFF,0xFF,0xFF,0xFF,0xFF,0xFF,0xFF,0xFF,0xFF,0xFF,0xFF,0xFF,0xFF,0xFF,0xFF,0xFF,0xFF,0xFF,0xFF,0xFF,0xFF,0xFF,0xFF,0xFF,0xFF,0xFF,0xFF,0xFF,0xFF,0xFF,0xFF,0xFF,0xFF,0xFF,0xFF,0xFF,0xFF,0xFF,0xFF,0xFF,0xFF,0xFF,0xFF,0xFF,0xFF,0xFF,0xFF,0xFF,0xFF,0xFF,0xFF,0xFF,0xFF,0xFF,0xFF,0xFF,0xFF,0xFF,0xFF,0xFF,0xFF,0xFF,0xFF,0xFF,0xFF,0xFF,0xFF,0xFF,0xFF,0xFF,0xFF,0xFF,0xFF,0xFF,0xFF,0xFF,0xFF,0xFF,0xFF,0xFF,0xFF,0xFF,0xFF,0xFF,0xFF,0xFF,0xFF,0xFF,0xFF,0xFF,0xFF,0xFF,0xFF,0xFF,0xFF,0xFF,0xFF,0xFF,0xFF,0xFF,0xFF,0xFF,0xFF,0xFF,0xFF,0xFF,0xFF,0xFF,0xFF,0xFF,0xFF,0xFF,0xFF,0xFF,0xFF,0xFF,0xFF,0xFF,0xFF,0xFF,0xFF,0xFF,0xFF,0xFF,0xFF,0xFF,0xFF,0xFF,0xFF,0xFF,0xFF,0xFF,0xFF,0xFF,0xFF,0xFF,0xFF,0xFF,0xFF,0xFF,0xFF,0xFF,0xFF,0xFF,0xFF,0xFF,0xFF,0xFF,0xFF,0xFF,0xFF,0xFF,0xFF,0xFF,0xFF,0xFF,0xFF,0xFF,0xFF,0xFF,0xFF,0xFF,0xFF,0xFF,0xFF,0xFF,0xFF,0xFF,0xFF,0xFF,0xFF,0xFF,0xFF,0xFF,0xFF,0xFF,0xFF,0xFF,0xFF,0xFF,0xFF,0xFF,0xFF,0xFF,0xFF,0xFF,0xFF,0xFF,0xFF,0xFF,0xFF,0xFF,0xFF,0xFF,0xFF,0xFF,0xFF,0xFF,0xFF,0xFF,0xFF,0xFF,0xFF,0xFF,0xFF,0xFF,0xFF,0xFF,0xFF,0xFF,0xFF,0xFF,0xFF,0xFF,0xFF,0xFF,0xFF,0xFF,0xFF,0xFF,0xFF,0xFF,0xFF,0xFF,0xFF,0xFF,0xFF,0xFF,0xFF,0xFF,0xFF,0xFF,0xFF,0xFF,0xFF,0xFF,0xFF,0xFF,0xFF,0xFF,0xFF,0xFF,0xFF,0xFF,0xFF,0xFF,0xFF,0xFF,0xFF,0xFF,0xFF,0xFF,0xFF,0xFF,0xFF,0xFF,0xFF,0xFF,0xFF,0xFF,0xFF,0xFF,0xFF,0xFF,0xFF,0xFF,0xFF,0xFF,0xFF,0xFF,0xFF,0xFF,0xFF,0xFF,0xFF,0xFF,0xFF,0xFF,0xFF,0xFF,0xFF,0xFF,0xFF,0xFF,0xFF,0xFF,0xFF,0xFF,0xFF,0xFF,0xFF,0xFF,0xFF,0xFF,0xFF,0xFF,0xFF,0xFF,0xFF,0xFF,0xFF,0xFF,0xFF,0xFF,0xFF,0xFF,0xFF,0xFF,0xFF,0xFF,0xFF,0xFF,0xFF,0xFF,0xFF,0xFF,0xFF,0xFF,0xFF,0xFF,0xFF,0xFF,0xFF,0xFF,0xFF,0xFF,0xFF,0xFF,0xFF,0xFF,0xFF,0xFF,0xFF,0xFF,0xFF,0xFF,0xFF,0xFF,0xFF,0xFF,0xFF,0xFF,0xFF,0xFF,0xFF,0xFF,0xFF,0xFF,0xFF,0xFF,0xFF,0xFF,0xFF,0xFF,0xFF,0xFF,0xFF,0xFF,0xFF,0xFF,0xFF,0xFF,0xFF,0xFF,0xFF,0xFF,0xFF,0xFF,0xFF,0xFF,0xFF,0xFF,0xFF,0xFF,0xFF,0xFF,0xFF,0xFF,0xFF,0xFF,0xFF,0xFF,0xFF,0xFF,0xFF,0xFF,0xFF,0xFF,0xFF,0xFF,0xFF,0xFF,0xFF,0xFF,0xFF,0xFF,0xFF,0xFF,0xFF,0xFF,0xFF,0xFF,0xFF,0xFF,0xFF,0xFF,0xFF,0xFF,0xFF,0xFF,0xFF,0xFF,0xFF,0xFF,0xFF,0xFF,0xFF,0xFF,0xFF,0xFF,0xFF,0xFF,0xFF,0xFF,0xFF,0xFF,0xFF,0xFF,0xFF,0xFF,0xFF,0xFF,0xFF,0xFF,0xFF,0xFF,0xFF,0xFF,0xFF,0xFF,0xFF,0xFF,0xFF,0xFF,0xFF,0xFF,0xFF,0xFF,0xFF,0xFF,0xFF,0xFF,0xFF,0xFF,0xFF,0xFF,0xFF,0xFF,0xFF,0xFF,0xFF,0xFF,0xFF,0xFF,0xFF,0xFF,0xFF,0xFF,0xFF,0xFF,0xFF,0xFF,0xFF,0xFF,0xFF,0xFF,0xFF,0xFF,0xFF,0xFF,0xFF,0xFF,0xFF,0xFF,0xFF,0xFF,0xFF,0xFF,0xFF,0xFF,0xFF,0xFF,0xFF,0xFF,0xFF,0xFF,0xFF,0xFF,0xFF,0xFF,0xFF,0xFF,0xFF,0xFF,0xFF,0xFF,0xFF,0xFF,0xFF,0xFF,0xFF,0xFF,0xFF,0xFF,0xFF,0xFF,0xFF,0xFF,0xFF,0xFF,0xFF,0xFF,0xFF,0xFF,0xFF,0xFF,0xFF,0xFF,0xFF,0xFF,0xFF,0xFF,0xFF,0xFF,0xFF,0xFF,0xFF,0xFF,0xFF,0xFF,0xFF,0xFF,0xFF,0xFF,0xFF,0xFF,0xFF,0xFF,0xFF,0xFF,0xFF,0xFF,0xFF,0xFF,0xFF,0xFF,0xFF,0xFF,0xFF,0xFF,0xFF,0xFF,0xFF,0xFF,0xFF,0xFF,0xFF,0xFF,0xFF,0xFF,0xFF,0xFF,0xFF,0xFF,0xFF,0xFF,0xFF,0xFF,0xFF,0xFF,0xFF,0xFF,0xFF,0xFF,0xFF,0xFF,0xFF,0xFF,0xFF,0xFF,0xFF,0xFF,0xFF,0xFF,0xFF,0xFF,0xFF,0xFF,0xFF,0xFF,0xFF,0xFF,0xFF,0xFF,0xFF,0xFF,0xFF,0xFF,0xFF,0xFF,0xFF,0xFF,0xFF,0xFF,0xFF,0xFF,0xFF,0xFF,0xFF,0xFF,0xFF,0xFF,0xFF,0xFF,0xFF,0xFF,0xFF,0xFF,0xFF,0xFF,0xFF,0xFF,0xFF,0xFF,0xFF,0xFF,0xFF,0xFF,0xFF,0xFF,0xFF,0xFF,0xFF,0xFF,0xFF,0xFF,0xFF,0xFF,0xFF,0xFF,0xFF,0xFF,0xFF,0xFF,0xFF,0xFF,0xFF,0xFF,0xFF,0xFF,0xFF,0xFF,0xFF,0xFF,0xFF,0xFF,0xFF,0xFF,0xFF,0xFF,0xFF,0xFF,0xFF,0xFF,0xFF,0xFF,0xFF,0xFF,0xFF,0xFF,0xFF,0xFF,0xFF,0xFF,0xFF,0xFF,0xFF,0xFF,0xFF,0xFF,0xFF,0xFF,0xFF,0xFF,0xFF,0xFF,0xFF,0xFF,0xFF,0xFF,0xFF,0xFF,0xFF,0xFF,0xFF,0xFF,0xFF,0xFF,0xFF,0xFF,0xFF,0xFF,0xFF,0xFF,0xFF,0xFF,0xFF,0xFF,0xFF,0xFF,0xFF,0xFF,0xFF,0xFF,0xFF,0xFF,0xFF,0xFF,0xFF,0xFF,0xFF,0xFF,0xFF,0xFF,0xFF,0xFF,0xFF,0xFF,0xFF,0xFF,0xFF,0xFF,0xFF,0xFF,0xFF,0xFF,0xFF,0xFF,0xFF,0xFF,0xFF,0xFF,0xFF,0xFF,0xFF,0xFF,0xFF,0xFF,0xFF,0xFF,0xFF,0xFF,0xFF,0xFF,0xFF,0xFF,0xFF,0xFF,0xFF,0xFF,0xFF,0xFF,0xFF,0xFF,0xFF,0xFF,0xFF,0xFF,0xFF,0xFF,0xFF,0xFF,0xFF,0xFF,0xFF,0xFF,0xFF,0xFF,0xFF,0xFF,0xFF,0xFF,0xFF,0xFF,0xFF,0xFF,0xFF,0xFF,0xFF,0xFF,0xFF,0xFF,0xFF,0xFF,0xFF,0xFF,0xFF,0xFF,0xFF,0xFF,0xFF,0xFF,0xFF,0xFF,0xFF,0xFF,0xFF,0xFF,0xFF,0xFF,0xFF,0xFF,0xFF,0xFF,0xFF,0xFF,0xFF,0xFF,0xFF,0xFF,0xFF,0xFF,0xFF,0xFF,0xFF,0xFF,0xFF,0xFF,0xFF,0xFF,0xFF,0xFF,0xFF,0xFF,0xFF,0xFF,0xFF,0xFF,0xFF,0xFF,0xFF,0xFF,0xFF,0xFF,0xFF,0xFF,0xFF,0xFF,0xFF,0xFF,0xFF,0xFF,0xFF,0xFF,0xFF,0xFF,0xFF,0xFF,0xFF,0xFF,0xFF,0xFF,0xFF,0xFF,0xFF,0xFF,0xFF,0xFF,0xFF,0xFF,0xFF,0xFF,0xFF,0xFF,0xFF,0xFF,0xFF,0xFF,0xFF,0xFF,0xFF,0xFF,0xFF,0xFF,0xFF,0xFF,0xFF,0xFF,0xFF,0xFF,0xFF,0xFF,0xFF,0xFF,0xFF,0xFF,0xFF,0xFF,0xFF,0xFF,0xFF,0xFF,0xFF,0xFF,0xFF,0xFF,0xFF,0xFF,0xFF,0xFF,0xFF,0xFF,0xFF,0xFF,0xFF,0xFF,0xFF,0xFF,0xFF,0xFF,0xFF,0xFF,0xFF,0xFF,0xFF,0xFF,0xFF,0xFF,0xFF,0xFF,0xFF,0xFF,0xFF,0xFF,0xFF,0xFF,0xFF,0xFF,0xFF,0xFF,0xFF,0xFF,0xFF,0xFF,0xFF,0xFF,0xFF,0xFF,0xFF,0xFF,0xFF,0xFF,0xFF,0xFF,0xFF,0xFF,0xFF,0xFF,0xFF,0xFF,0xFF,0xFF,0xFF,0xFF,0xFF,0xFF,0xFF,0xFF,0xFF,0xFF,0xFF,0xFF,0xFF,0xFF,0xFF,0xFF,0xFF,0xFF,0xFF,0xFF,0xFF,0xFF,0xFF,0xFF,0xFF,0xFF,0xFF,0xFF,0xFF,0xFF,0xFF,0xFF,0xFF,0xFF,0xFF,0xFF,0xFF,0xFF,0xFF,0xFF,0xFF,0xFF,0xFF,0xFF,0xFF,0xFF,0xFF,0xFF,0xFF,0xFF,0xFF,0xFF,0xFF,0xFF,0xFF,0xFF,0xFF,0xFF,0xFF,0xFF,0xFF,0xFF,0xFF,0xFF,0xFF,0xFF,0xFF,0xFF,0xFF,0xFF,0xFF,0xFF,0xFF,0xFF,0xFF,0xFF,0xFF,0xFF,0xFF,0xFF,0xFF,0xFF,0xFF,0xFF,0xFF,0xFF,0xFF,0xFF,0xFF,0xFF,0xFF,0xFF,0xFF,0xFF,0xFF,0xFF,0xFF,0xFF,0xFF,0xFF,0xFF,0xFF,0xFF,0xFF,0xFF,0xFF,0xFF,0xFF,0xFF,0xFF,0xFF,0xFF,0xFF,0xFF,0xFF,0xFF,0xFF,0xFF,0xFF,0xFF,0xFF,0xFF,0xFF,0xFF,0xFF,0xFF,0xFF,0xFF,0xFF,0xFF,0xFF,0xFF,0xFF,0xFF,0xFF,0xFF,0xFF,0xFF,0xFF,0xFF,0xFF,0xFF,0xFF,0xFF,0xFF,0xFF,0xFF,0xFF,0xFF,0xFF,0xFF,0xFF,0xFF,0xFF,0xFF,0xFF,0xFF,0xFF,0xFF,0xFF,0xFF,0xFF,0xFF,0xFF,0xFF,0xFF,0xFF,0xFF,0xFF,0xFF,0xFF,0xFF,0xFF,0xFF,0xFF,0xFF,0xFF,0xFF,0xFF,0xFF,0xFF,0xFF,0xFF,0xFF,0xFF,0xFF,0xFF,0xFF,0xFF,0xFF,0xFF,0xFF,0xFF,0xFF,0xFF,0xFF,0xFF,0xFF,0xFF,0xFF,0xFF,0xFF,0xFF,0xFF,0xFF,0xFF,0xFF,0xFF,0xFF,0xFF,0xFF,0xFF,0xFF,0xFF,0xFF,0xFF,0xFF,0xFF,0xFF,0xFF,0xFF,0xFF,0xFF,0xFF,0xFF,0xFF,0xFF,0xFF,0xFF,0xFF,0xFF,0xFF,0xFF,0xFF,0xFF,0xFF,0xFF,0xFF,0xFF,0xFF,0xFF,0xFF,0xFF,0xFF,0xFF,0xFF,0xFF,0xFF,0xFF,0xFF,0xFF,0xFF,0xFF,0xFF,0xFF,0xFF,0xFF,0xFF,0xFF,0xFF,0xFF,0xFF,0xFF,0xFF,0xFF,0xFF,0xFF,0xFF,0xFF,0xFF,0xFF,0xFF,0xFF,0xFF,0xFF,0xFF,0xFF,0xFF,0xFF,0xFF,0xFF,0xFF,0xFF,0xFF,0xFF,0xFF,0xFF,0xFF,0xFF,0xFF,0xFF,0xFF,0xFF,0xFF,0xFF,0xFF,0xFF,0xFF,0xFF,0xFF,0xFF,0xFF,0xFF,0xFF,0xFF,0xFF,0xFF,0xFF,0xFF,0xFF,0xFF,0xFF,0xFF,0xFF,0xFF,0xFF,0xFF,0xFF,0xFF,0xFF,0xFF,0xFF,0xFF,0xFF,0xFF,0xFF,0xFF,0xFF,0xFF,0xFF,0xFF,0xFF,0xFF,0xFF,0xFF,0xFF,0xFF,0xFF,0xFF,0xFF,0xFF,0xFF,0xFF,0xFF,0xFF,0xFF,0xFF,0xFF,0xFF,0xFF,0xFF,0xFF,0xFF,0xFF,0xFF,0xFF,0xFF,0xFF,0xFF,0xFF,0xFF,0xFF,0xFF,0xFF,0xFF,0xFF,0xFF,0xFF,0xFF,0xFF,0xFF,0xFF,0xFF,0xFF,0xFF,0xFF,0xFF,0xFF,0xFF,0xFF,0xFF,0xFF,0xFF,0xFF,0xFF,0xFF,0xFF,0xFF,0xFF,0xFF,0xFF,0xFF,0xFF,0xFF,0xFF,0xFF,0xFF,0xFF,0xFF,0xFF,0xFF,0xFF,0xFF,0xFF,0xFF,0xFF,0xFF,0xFF,0xFF,0xFF,0xFF,0xFF,0xFF,0xFF,0xFF,0xFF,0xFF,0xFF,0xFF,0xFF,0xFF,0xFF,0xFF,0xFF,0xFF,0xFF,0xFF,0xFF,0xFF,0xFF,0xFF,0xFF,0xFF,0xFF,0xFF,0xFF,0xFF,0xFF,0xFF,0xFF,0xFF,0xFF,0xFF,0xFF,0xFF,0xFF,0xFF,0xFF,0xFF,0xFF,0xFF,0xFF,0xFF,0xFF,0xFF,0xFF,0xFF,0xFF,0xFF,0xFF,0xFF,0xFF,0xFF,0xFF,0xFF,0xFF,0xFF,0xFF,0xFF,0xFF,0xFF,0xFF,0xFF,0xFF,0xFF,0xFF,0xFF,0xFF,0xFF,0xFF,0xFF,0xFF,0xFF,0xFF,0xFF,0xFF,0xFF,0xFF,0xFF,0xFF,0xFF,0xFF,0xFF,0xFF,0xFF,0xFF,0xFF,0xFF,0xFF,0xFF,0xFF,0xFF,0xFF,0xFF,0xFF,0xFF,0xFF,0xFF,0xFF,0xFF,0xFF,0xFF,0xFF,0xFF,0xFF,0xFF,0xFF,0xFF,0xFF,0xFF,0xFF,0xFF,0xFF,0xFF,0xFF,0xFF,0xFF,0xFF,0xFF,0xFF,0xFF,0xFF,0xFF,0xFF,0xFF,0xFF,0xFF,0xFF,0xFF,0xFF,0xFF,0xFF,0xFF,0xFF,0xFF,0xFF,0xFF,0xFF,0xFF,0xFF,0xFF,0xFF,0xFF,0xFF,0xFF,0xFF,0xFF,0xFF,0xFF,0xFF,0xFF,0xFF,0xFF,0xFF,0xFF,0xFF,0xFF,0xFF,0xFF,0xFF,0xFF,0xFF,0xFF,0xFF,0xFF,0xFF,0xFF,0xFF,0xFF,0xFF,0xFF,0xFF,0xFF,0xFF,0xFF,0xFF,0xFF,0xFF,0xFF,0xFF,0xFF,0xFF,0xFF,0xFF,0xFF,0xFF,0xFF,0xFF,0xFF,0xFF,0xFF,0xFF,0xFF,0xFF,0xFF,0xFF,0xFF,0xFF,0xFF,0xFF,0xFF,0xFF,0xFF,0xFF,0xFF,0xFF,0xFF,0xFF,0xFF,0xFF,0xFF,0xFF,0xFF,0xFF,0xFF,0xFF,0xFF,0xFF,0xFF,0xFF,0xFF,0xFF,0xFF,0xFF,0xFF,0xFF,0xFF,0xFF,0xFF,0xFF,0xFF,0xFF,0xFF,0xFF,0xFF,0xFF,0xFF,0xFF,0xFF,0xFF,0xFF,0xFF,0xFF,0xFF,0xFF,0xFF,0xFF,0xFF,0xFF,0xFF,0xFF,0xFF,0xFF,0xFF,0xFF,0xFF,0xFF,0xFF,0xFF,0xFF,0xFF,0xFF,0xFF,0xFF,0xFF,0xFF,0xFF,0xFF,0xFF,0xFF,0xFF,0xFF,0xFF,0xFF,0xFF,0xFF,0xFF,0xFF,0xFF,0xFF,0xFF,0xFF,0xFF,0xFF,0xFF,0xFF,0xFF,0xFF,0xFF,0xFF,0xFF,0xFF,0xFF,0xFF,0xFF,0xFF,0xFF,0xFF,0xFF,0xFF,0xFF,0xFF,0xFF,0xFF,0xFF,0xFF,0xFF,0xFF,0xFF,0xFF,0xFF,0xFF,0xFF,0xFF,0xFF,0xFF,0xFF,0xFF,0xFF,0xFF,0xFF,0xFF,0xFF,0xFF,0xFF,0xFF,0xFF,0xFF,0xFF,0xFF,0xFF,0xFF,0xFF,0xFF,0xFF,0xFF,0xFF,0xFF,0xFF,0xFF,0xFF,0xFF,0xFF,0xFF,0xFF,0xFF,0xFF,0xFF,0xFF,0xFF,0xFF,0xFF,0xFF,0xFF,0xFF,0xFF,0xFF,0xFF,0xFF,0xFF,0xFF,0xFF,0xFF,0xFF,0xFF,0xFF,0xFF,0xFF,0xFF,0xFF,0xFF,0xFF,0xFF,0xFF,0xFF,0xFF,0xFF,0xFF,0xFF,0xFF,0xFF,0xFF,0xFF,0xFF,0xFF,0xFF,0xFF,0xFF,0xFF,0xFF,0xFF,0xFF,0xFF,0xFF,0xFF,0xFF,0xFF,0xFF,0xFF,0xFF,0xFF,0xFF,0xFF,0xFF,0xFF,0xFF,0xFF,0xFF,0xFF,0xFF,0xFF,0xFF,0xFF,0xFF,0xFF,0xFF,0xFF,0xFF,0xFF,0xFF,0xFF,0xFF,0xFF,0xFF,0xFF,0xFF,0xFF,0xFF,0xFF,0xFF,0xFF,0xFF,0xFF,0xFF,0xFF,0xFF,0xFF,0xFF,0xFF,0xFF,0xFF,0xFF,0xFF,0xFF,0xFF,0xFF,0xFF,0xFF,0xFF,0xFF,0xFF,0xFF,0xFF,0xFF,0xFF,0xFF,0xFF,0xFF,0xFF,0xFF,0xFF,0xFF,0xFF,0xFF,0xFF,0xFF,0xFF,0xFF,0xFF,0xFF,0xFF,0xFF,0xFF,0xFF,0xFF,0xFF,0xFF,0xFF,0xFF,0xFF,0xFF,0xFF,0xFF,0xFF,0xFF,0xFF,0xFF,0xFF,0xFF,0xFF,0xFF,0xFF,0xFF,0xFF,0xFF,0xFF,0xFF,0xFF,0xFF,0xFF,0xFF,0xFF,0xFF,0xFF,0xFF,0xFF,0xFF,0xFF,0xFF,0xFF,0xFF,0xFF,0xFF,0xFF,0xFF,0xFF,0xFF,0xFF,0xFF,0xFF,0xFF,0xFF,0xFF,0xFF,0xFF,0xFF,0xFF,0xFF,0xFF,0xFF,0xFF,0xFF,0xFF,0xFF,0xFF,0xFF,0xFF,0xFF,0xFF,0xFF,0xFF,0xFF,0xFF,0xFF,0xFF,0xFF,0xFF,0xFF,0xFF,0xFF,0xFF,0xFF,0xFF,0xFF,0xFF,0xFF,0xFF,0xFF,0xFF,0xFF,0xFF,0xFF,0xFF,0xFF,0xFF,0xFF,0xFF,0xFF,0xFF,0xFF,0xFF,0xFF,0xFF,0xFF,0xFF,0xFF,0xFF,0xFF,0xFF,0xFF,0xFF,0xFF,0xFF,0xFF,0xFF,0xFF,0xFF,0xFF,0xFF,0xFF,0xFF,0xFF,0xFF,0xFF,0xFF,0xFF,0xFF,0xFF,0xFF,0xFF,0xFF,0xFF,0xFF,0xFF,0xFF,0xFF,0xFF,0xFF,0xFF,0xFF,0xFF,0xFF,0xFF,0xFF,0xFF,0xFF,0xFF,0xFF,0xFF,0xFF,0xFF,0xFF,0xFF,0xFF,0xFF,0xFF,0xFF,0xFF,0xFF,0xFF,0xFF,0xFF,0xFF,0xFF,0xFF,0xFF,0xFF,0xFF,0xFF,0xFF,0xFF,0xFF,0xFF,0xFF,0xFF,0xFF,0xFF,0xFF,0xFF,0xFF,0xFF,0xFF,0xFF,0xFF,0xFF,0xFF,0xFF,0xFF,0xFF,0xFF,0xFF,0xFF,0xFF,0xFF,0xFF,0xFF,0xFF,0xFF,0xFF,0xFF,0xFF,0xFF,0xFF,0xFF,0xFF,0xFF,0xFF,0xFF,0xFF,0xFF,0xFF,0xFF,0xFF,0xFF,0xFF,0xFF,0xFF,0xFF,0xFF,0xFF,0xFF,0xFF,0xFF,0xFF,0xFF,0xFF,0xFF,0xFF,0xFF,0xFF,0xFF,0xFF,0xFF,0xFF,0xFF,0xFF,0xFF,0xFF,0xFF,0xFF,0xFF,0xFF,0xFF,0xFF,0xFF,0xFF,0xFF,0xFF,0xFF,0xFF,0xFF,0xFF,0xFF,0xFF,0xFF,0xFF,0xFF,0xFF,0xFF,0xFF,0xFF,0xFF,0xFF,0xFF,0xFF,0xFF,0xFF,0xFF,0xFF,0xFF,0xFF,0xFF,0xFF,0xFF,0xFF,0xFF,0xFF,0xFF,0xFF,0xFF,0xFF,0xFF,0xFF,0xFF,0xFF,0xFF,0xFF,0xFF,0xFF,0xFF,0xFF,0xFF,0xFF,0xFF,0xFF,0xFF,0xFF,0xFF,0xFF,0xFF,0xFF,0xFF,0xFF,0xFF,0xFF,0xFF,0xFF,0xFF,0xFF,0xFF,0xFF,0xFF,0xFF,0xFF,0xFF,0xFF,0xFF,0xFF,0xFF,0xFF,0xFF,0xFF,0xFF,0xFF,0xFF,0xFF,0xFF,0xFF,0xFF,0xFF,0xFF,0xFF,0xFF,0xFF,0xFF,0xFF,0xFF,0xFF,0xFF,0xFF,0xFF,0xFF,0xFF,0xFF,0xFF,0xFF,0xFF,0xFF,0xFF,0xFF,0xFF,0xFF,0xFF,0xFF,0xFF,0xFF,0xFF,0xFF,0xFF,0xFF,0xFF,0xFF,0xFF,0xFF,0xFF,0xFF,0xFF,0xFF,0xFF,0xFF,0xFF,0xFF,0xFF,0xFF,0xFF,0xFF,0xFF,0xFF,0xFF,0xFF,0xFF,0xFF,0xFF,0xFF,0xFF,0xFF,0xFF,0xFF,0xFF,0xFF,0xFF,0xFF,0xFF,0xFF,0xFF,0xFF,0xFF,0xFF,0xFF,0xFF,0xFF,0xFF,0xFF,0xFF,0xFF,0xFF,0xFF,0xFF,0xFF,0xFF,0xFF,0xFF,0xFF,0xFF,0xFF,0xFF,0xFF,0xFF,0xFF,0xFF,0xFF,0xFF,0xFF,0xFF,0xFF,0xFF,0xFF,0xFF,0xFF,0xFF,0xFF,0xFF,0xFF,0xFF,0xFF,0xFF,0xFF,0xFF,0xFF,0xFF,0xFF,0xFF,0xFF,0xFF,0xFF,0xFF,0xFF,0xFF,0xFF,0xFF,0xFF,0xFF,0xFF,0xFF,0xFF,0xFF,0xFF,0xFF,0xFF,0xFF,0xFF,0xFF,0xFF,0xFF,0xFF,0xFF,0xFF,0xFF,0xFF,0xFF,0xFF,0xFF,0xFF,0xFF,0xFF,0xFF,0xFF,0xFF,0xFF,0xFF,0xFF,0xFF,0xFF,0xFF,0xFF,0xFF,0xFF,0xFF,0xFF,0xFF,0xFF,0xFF,0xFF,0xFF,0xFF,0xFF,0xFF,0xFF,0xFF,0xFF,0xFF,0xFF,0xFF,0xFF,0xFF,0xFF,0xFF,0xFF,0xFF,0xFF,0xFF,0xFF,0xFF,0xFF,0xFF,0xFF,0xFF,0xFF,0xFF,0xFF,0xFF,0xFF,0xFF,0xFF,0xFF,0xFF,0xFF,0xFF,0xFF,0xFF,0xFF,0xFF,0xFF,0xFF,0xFF,0xFF,0xFF,0xFF,0xFF,0xFF,0xFF,0xFF,0xFF,0xFF,0xFF,0xFF,0xFF,0xFF,0xFF,0xFF,0xFF,0xFF,0xFF,0xFF,0xFF,0xFF,0xFF,0xFF,0xFF,0xFF,0xFF,0xFF,0xFF,0xFF,0xFF,0xFF,0xFF,0xFF,0xFF,0xFF,0xFF,0xFF,0xFF,0xFF,0xFF,0xFF,0xFF,0xFF,0xFF,0xFF,0xFF,0xFF,0xFF,0xFF,0xFF,0xFF,0xFF,0xFF,0xFF,0xFF,0xFF,0xFF,0xFF,0xFF,0xFF,0xFF,0xFF,0xFF,0xFF,0xFF,0xFF,0xFF,0xFF,0xFF,0xFF,0xFF,0xFF,0xFF,0xFF,0xFF,0xFF,0xFF,0xFF,0xFF,0xFF,0xFF,0xFF,0xFF,0xFF,0xFF,0xFF,0xFF,0xFF,0xFF,0xFF,0xFF,0xFF,0xFF,0xFF,0xFF,0xFF,0xFF,0xFF,0xFF,0xFF,0xFF,0xFF,0xFF,0xFF,0xFF,0xFF,0xFF,0xFF,0xFF,0xFF,0xFF,0xFF,0xFF,0xFF,0xFF,0xFF,0xFF,0xFF,0xFF,0xFF,0xFF,0xFF,0xFF,0xFF,0xFF,0xFF,0xFF,0xFF,0xFF,0xFF,0xFF,0xFF,0xFF,0xFF,0xFF,0xFF,0xFF,0xFF,0xFF,0xFF,0xFF,0xFF,0xFF,0xFF,0xFF,0xFF,0xFF,0xFF,0xFF,0xFF,0xFF,0xFF,0xFF,0xFF,0xFF,0xFF,0xFF,0xFF,0xFF,0xFF,0xFF,0xFF,0xFF,0xFF,0xFF,0xFF,0xFF,0xFF,0xFF,0xFF,0xFF,0xFF,0xFF,0xFF,0xFF,0xFF,0xFF,0xFF,0xFF,0xFF,0xFF,0xFF,0xFF,0xFF,0xFF,0xFF,0xFF,0xFF,0xFF,0xFF,0xFF,0xFF,0xFF,0xFF,0xFF,0xFF,0xFF,0xFF,0xFF,0xFF,0xFF,0xFF,0xFF,0xFF,0xFF,0xFF,0xFF,0xFF,0xFF,0xFF,0xFF,0xFF,0xFF,0xFF,0xFF,0xFF,0xFF,0xFF,0xFF,0xFF,0xFF,0xFF,0xFF,0xFF,0xFF,0xFF,0xFF,0xFF,0xFF,0xFF,0xFF,0xFF,0xFF,0xFF,0xFF,0xFF,0xFF,0xFF,0xFF,0xFF,0xFF,0xFF,0xFF,0xFF,0xFF,0xFF,0xFF,0xFF,0xFF,0xFF,0xFF,0xFF,0xFF,0xFF,0xFF,0xFF,0xFF,0xFF,0xFF,0xFF,0xFF,0xFF,0xFF,0xFF,0xFF,0xFF,0xFF,0xFF,0xFF,0xFF,0xFF,0xFF,0xFF,0xFF,0xFF,0xFF,0xFF,0xFF,0xFF,0xFF,0xFF,0xFF,0xFF,0xFF,0xFF,0xFF,0xFF,0xFF,0xFF,0xFF,0xFF,0xFF,0xFF,0xFF,0xFF,0xFF,0xFF,0xFF,0xFF,0xFF,0xFF,0xFF,0xFF,0xFF,0xFF,0xFF,0xFF,0xFF,0xFF,0xFF,0xFF,0xFF,0xFF,0xFF,0xFF,0xFF,0xFF,0xFF,0xFF,0xFF,0xFF,0xFF,0xFF,0xFF,0xFF,0xFF,0xFF,0xFF,0xFF,0xFF,0xFF,0xFF,0xFF,0xFF,0xFF,0xFF,0xFF,0xFF,0xFF,0xFF,0xFF,0xFF,0xFF,0xFF,0xFF,0xFF,0xFF,0xFF,0xFF,0xFF,0xFF,0xFF,0xFF,0xFF,0xFF,0xFF,0xFF,0xFF,0xFF,0xFF,0xFF,0xFF,0xFF,0xFF,0xFF,0xFF,0xFF,0xFF,0xFF,0xFF,0xFF,0xFF,0xFF,0xFF,0xFF,0xFF,0xFF,0xFF,0xFF,0xFF,0xFF,0xFF,0xFF,0xFF,0xFF,0xFF,0xFF,0xFF,0xFF,0xFF,0xFF,0xFF,0xFF,0xFF,0xFF,0xFF,0xFF,0xFF,0xFF,0xFF,0xFF,0xFF,0xFF,0xFF,0xFF,0xFF,0xFF,0xFF,0xFF,0xFF,0xFF,0xFF,0xFF,0xFF,0xFF,0xFF,0xFF,0xFF,0xFF,0xFF,0xFF,0xFF,0xFF,0xFF,0xFF,0xFF,0xFF,0xFF,0xFF,0xFF,0xFF,0xFF,0xFF,0xFF,0xFF,0xFF,0xFF,0xFF,0xFF,0xFF,0xFF,0xFF,0xFF,0xFF,0xFF,0xFF,0xFF,0xFF,0xFF,0xFF,0xFF,0xFF,0xFF,0xFF,0xFF,0xFF,0xFF,0xFF,0xFF,0xFF,0xFF,0xFF,0xFF,0xFF,0xFF,0xFF,0xFF,0xFF,0xFF,0xFF,0xFF,0xFF,0xFF,0xFF,0xFF,0xFF,0xFF,0xFF,0xFF,0xFF,0xFF,0xFF,0xFF,0xFF,0xFF,0xFF,0xFF,0xFF,0xFF,0xFF,0xFF,0xFF,0xFF,0xFF,0xFF,0xFF,0xFF,0xFF,0xFF,0xFF,0xFF,0xFF,0xFF,0xFF,0xFF,0xFF,0xFF,0xFF,0xFF,0xFF,0xFF,0xFF,0xFF,0xFF,0xFF,0xFF,0xFF,0xFF,0xFF,0xFF,0xFF,0xFF,0xFF,0xFF,0xFF,0xFF,0xFF,0xFF,0xFF,0xFF,0xFF,0xFF,0xFF,0xFF,0xFF,0xFF,0xFF,0xFF,0xFF,0xFF,0xFF,0xFF,0xFF,0xFF,0xFF,0xFF,0xFF,0xFF,0xFF,0xFF,0xFF,0xFF,0xFF,0xFF,0xFF,0xFF,0xFF,0xFF,0xFF,0x7D,0xB5,0x6E,0x67,0x7D,0xAD,0x64,0x64,0x75,0x7D,0x85,0x95,0x7D,0x8D,0x95,0x9D,0xA5,0xBD,0xC5,0xCD,0xD5,0xDD,0xD5,0xE5,0xED,0x24,0x2C,0x34,0x3C,0x44,0x34,0x4C,0x54,0x5C,0x44,0xF5,0x20,0x8B,0x94,0x3B,0x1D,0x4F,0x80,0x01,0x20,0xDC,0x94,0x27,0x57,0x23,0x01,0x80,0x20,0xA1,0x95,0x38,0x17,0xB8,0x80,0x80,0x20,0xF1,0x95,0x6C,0x26,0x68,0x80,0x80,0x20,0x8D,0x96,0x3E,0x25,0x21,0x80,0x80,0x20,0xEB,0x96,0x19,0x0D,0x31,0x80,0x80,0x20,0x20,0x97,0x3F,0x27,0x7C,0x80,0x80,0x20,0x8F,0x97,0x1D,0x11,0x0D,0x80,0x80,0x10,0xA1,0x8E,0x10,0x5D,0x8E,0x0D,0x07,0x00,0x80,0x10,0xA4,0x91,0x46,0x22,0x00,0x80,0x10,0x70,0x8E,0x32,0x5D,0x8E,0x01,0x80,0x10,0x0F,0x8F,0x35,0x16,0xCE,0x01,0x80,0x10,0x55,0x8F,0x60,0x26,0x88,0x01,0x80,0x10,0x32,0x90,0x59,0x2D,0xA4,0x01,0x80,0x10,0xE4,0x8F,0x3B,0x1A,0xF2,0x01,0x80,0x00,0xDD,0x90,0x45,0x22,0x00,0x01,0x01,0x00,0x3A,0x91,0x39,0x1C,0x00,0x01,0x01,0x10,0xFD,0x91,0xA5,0x53,0xCD,0x80,0x80,0x10,0xCC,0x92,0x22,0x10,0x00,0x80,0x01,0x08,0xF7,0x92,0x22,0x50,0x59,0x01,0x80,0x08,0xF7,0x92,0x2F,0x50,0x59,0x01,0x80,0x08,0x52,0x93,0x7A,0x1B,0xC2,0x80,0x80,0x08,0x86,0x93,0x46,0x24,0x8E,0x01,0x80,0x08,0x9D,0x93,0x44,0x23,0x77,0x01,0x80,0x08,0xED,0x93,0x1B,0x0E,0x27,0x01,0x80,0x08,0x1A,0x94,0x40,0x1A,0x6B,0x80,0x80,0x10,0xC4,0x97,0x3F,0x20,0x00,0x80,0x80,0x81,0x1E,0x20,0x22,0x85,0x24,0x00,0x81,0x30,0x32,0x34,0x85,0x36,0x81,0x28,0x2A,0x2C,0x85,0x2E,0x85,0x32,0x82,0x08,0x08,0x32,0x32,0x32,0x32,0x32,0x08,0x2E,0x83,0x32,0x82,0x08,0x08,0x32,0x32,0x32,0x32,0x32,0x08,0x2E,0x83,0x32,0x82,0x08,0x08,0x32,0x32,0x32,0x32,0x80,0x32,0x08,0x28,0x28,0x28,0x08,0x28,0x28,0x28,0x08,0x28,0x28,0x81,0x28,0x28,0x00,0x83,0x1A,0x82,0x1A,0x1A,0x1A,0x83,0x1A,0x82,0x1A,0x1A,0x1A,0x83,0x16,0x82,0x16,0x16,0x16,0x83,0x16,0x82,0x16,0x16,0x16,0x83,0x12,0x82,0x12,0x12,0x12,0x83,0x12,0x82,0x12,0x12,0x12,0x83,0x10,0x10,0x10,0x81,0x14,0x18,0x85,0x22,0x82,0x08,0x08,0x22,0x22,0x22,0x22,0x1E,0x08,0x1E,0x83,0x1E,0x08,0x82,0x1E,0x1E,0x1E,0x20,0x08,0x20,0x83,0x20,0x82,0x08,0x08,0x20,0x20,0x20,0x20,0x80,0x20,0x08,0x18,0x18,0x81,0x18,0x80,0x18,0x18,0x81,0x18,0x80,0x18,0x18,0x81,0x18,0x18,0xB1,0x90,0x90,0x90,0xB1,0x90,0x90,0x90,0xB1,0x90,0x90,0x90,0xD0,0xD0,0xD0,0x50,0x50,0x81,0x32,0x08,0x84,0x28,0x80,0x08,0x32,0x32,0x36,0x3A,0x3C,0x85,0x40,0x81,0x08,0x40,0x82,0x40,0x06,0x44,0x00,0x81,0x22,0x08,0x82,0x22,0x22,0x1E,0x81,0x22,0x80,0x08,0x22,0x22,0x24,0x28,0x2C,0x81,0x2E,0x80,0x08,0x32,0x32,0x36,0x3A,0x3C,0x83,0x40,0x82,0x2E,0x32,0x36,0x83,0x1A,0x82,0x1A,0x1A,0x16,0x83,0x1A,0x1A,0x16,0x82,0x16,0x16,0x12,0x83,0x16,0x16,0x85,0x46,0x82,0x08,0x46,0x46,0x46,0x44,0x06,0x82,0x44,0x08,0x06,0x85,0x40,0x83,0x40,0x81,0x3C,0x80,0x3C,0x40,0x85,0x06,0x81,0x40,0x3C,0x81,0x38,0x80,0x38,0x3C,0x85,0x40,0x81,0x3C,0x38,0x00,0x81,0x38,0x80,0x08,0x2A,0x2A,0x2E,0x32,0x36,0x82,0x38,0x08,0x38,0x38,0x36,0x32,0x38,0x08,0x2E,0x2E,0x2E,0x2A,0x2E,0x08,0x2E,0x2E,0x2A,0x2E,0x81,0x2A,0x80,0x2A,0x28,0x81,0x2A,0x80,0x2A,0x2E,0x83,0x32,0x81,0x2E,0x2A,0x81,0x28,0x80,0x28,0x24,0x81,0x28,0x80,0x28,0x2A,0x83,0x2E,0x81,0x2A,0x28,0x83,0x12,0x82,0x12,0x12,0x0E,0x83,0x12,0x12,0x20,0x82,0x20,0x20,0x1E,0x83,0x20,0x20,0x1C,0x82,0x1C,0x1C,0x1A,0x83,0x1C,0x82,0x1C,0x1C,0x1C,0x83,0x1A,0x82,0x1A,0x1A,0x16,0x83,0x1A,0x82,0x1A,0x1A,0x1A,0xD0,0x90,0x90,0x90,0xD0,0xD0,0x00,0x81,0x36,0x80,0x36,0x3A,0x85,0x3E,0x83,0x42,0x80,0x40,0x08,0x28,0x28,0x28,0x08,0x28,0x28,0x28,0x08,0x28,0x28,0x81,0x28,0x28,0x00,0x83,0x26,0x81,0x26,0x80,0x26,0x28,0x81,0x2C,0x80,0x2C,0x30,0x81,0x32,0x36,0x81,0x30,0x80,0x18,0x18,0x81,0x18,0x80,0x18,0x18,0x81,0x18,0x80,0x18,0x18,0x81,0x18,0x18,0x83,0x1E,0x82,0x1E,0x1E,0x1C,0x83,0x1E,0x82,0x1E,0x1E,0x1E,0x83,0x10,0x10,0x10,0x81,0x14,0x18,0x86,0x46,0x83,0x4E,0x81,0x02,0x08,0x85,0x48,0x83,0x40,0x86,0x06,0x83,0x46,0x81,0x48,0x08,0x85,0x40,0x83,0x40,0x86,0x06,0x83,0x46,0x81,0x48,0x08,0x85,0x40,0x83,0x3A,0x86,0x3C,0x83,0x06,0x81,0x40,0x08,0x85,0x38,0x83,0x32,0x00,0x86,0x38,0x83,0x3E,0x81,0x3C,0x08,0x85,0x36,0x83,0x30,0x86,0x34,0x83,0x38,0x81,0x36,0x08,0x85,0x30,0x83,0x30,0x86,0x34,0x83,0x38,0x81,0x36,0x08,0x85,0x30,0x83,0x30,0x86,0x2A,0x83,0x34,0x81,0x32,0x08,0x85,0x28,0x83,0x20,0x83,0x12,0x82,0x12,0x12,0x0E,0x83,0x12,0x12,0x10,0x82,0x10,0x10,0x0C,0x83,0x10,0x10,0x82,0x0E,0x1A,0x20,0x26,0x32,0x38,0x85,0x3E,0x83,0x40,0x82,0x10,0x10,0x10,0x85,0x10,0x82,0x0E,0x1A,0x20,0x26,0x32,0x38,0x85,0x3E,0x83,0x40,0x82,0x10,0x10,0x10,0x85,0x10,0x83,0x1C,0x82,0x1C,0x1C,0x1A,0x83,0x1C,0x82,0x1C,0x1C,0x1C,0x83,0x1A,0x82,0x1A,0x1A,0x16,0x83,0x1A,0x82,0x1A,0x1A,0x1A,0xD0,0x90,0x90,0x90,0xD0,0xD0,0x00,0x83,0x2C,0x3A,0x2C,0x3A,0x2C,0x3A,0x2C,0x3A,0x2A,0x3A,0x2A,0x3A,0x2A,0x3A,0x2A,0x3A,0x28,0x3A,0x28,0x3A,0x28,0x3A,0x28,0x3A,0x26,0x3A,0x26,0x3A,0x26,0x3A,0x26,0x3A,0x00,0x81,0x08,0x83,0x32,0x3C,0x32,0x3C,0x32,0x3C,0x32,0x3C,0x30,0x3C,0x30,0x3C,0x30,0x3C,0x30,0x3C,0x2E,0x3C,0x2E,0x3C,0x2E,0x3C,0x2E,0x3C,0x2C,0x3C,0x2C,0x3C,0x2C,0x3C,0x2C,0x3C,0x85,0x2C,0x08,0x32,0x3A,0x38,0x2A,0x08,0x08,0x28,0x08,0x83,0x28,0x81,0x08,0x2E,0x83,0x08,0x38,0x85,0x36,0x26,0x08,0x08,0x83,0x24,0x36,0x24,0x36,0x24,0x36,0x24,0x36,0x22,0x36,0x22,0x36,0x22,0x36,0x22,0x36,0x1E,0x30,0x2A,0x36,0x30,0x3C,0x3C,0x3C,0x48,0x48,0x00,0x81,0x08,0x83,0x2C,0x3A,0x2C,0x3A,0x2C,0x3A,0x2C,0x3A,0x2C,0x3A,0x2C,0x3A,0x2C,0x3A,0x2C,0x3A,0x2A,0x36,0x30,0x3C,0x36,0x36,0x06,0x06,0x06,0x02,0x81,0x24,0x22,0x85,0x24,0x83,0x08,0x2C,0x81,0x08,0x3C,0x83,0x08,0x3A,0x81,0x22,0x20,0x85,0x22,0x83,0x08,0x2C,0x81,0x08,0x3A,0x83,0x08,0x38,0x81,0x22,0x2A,0x30,0x2A,0x30,0x36,0x30,0x36,0x3C,0x36,0x3C,0x06,0x48,0x06,0x3C,0x36,0x3C,0x36,0x30,0x2A,0x82,0x22,0x22,0x22,0x86,0x2C,0x80,0x2C,0x30,0x34,0x36,0x86,0x3A,0x82,0x3A,0x3A,0x3A,0x86,0x42,0x80,0x42,0x48,0x4A,0x02,0x86,0x50,0x80,0x22,0x22,0x08,0x22,0x84,0x2C,0x00,0x85,0x08,0x82,0x0A,0x0A,0x0A,0x86,0x14,0x80,0x14,0x18,0x1C,0x1E,0x86,0x22,0x82,0x22,0x22,0x22,0x86,0x2C,0x80,0x2C,0x30,0x34,0x36,0x83,0x3A,0x80,0x12,0x81,0x12,0x80,0x12,0x84,0x1C,0x83,0x08,0x85,0x2C,0x2C,0x28,0x28,0x24,0x24,0x22,0x83,0x22,0x80,0x1E,0x1E,0x08,0x1E,0x84,0x22,0x84,0x1C,0x83,0x1E,0x81,0x16,0x86,0x18,0x85,0x08,0x84,0x1C,0x83,0x1E,0x81,0x16,0x86,0x18,0x85,0x08,0x84,0x1C,0x83,0x1E,0x81,0x28,0x85,0x26,0x81,0x08,0x1C,0x87,0x22,0x20,0x18,0x1E,0x1C,0x16,0x1C,0x1A,0x14,0x84,0x28,0x83,0x2A,0x81,0x22,0x86,0x24,0x85,0x08,0x84,0x28,0x83,0x2A,0x81,0x22,0x86,0x24,0x85,0x08,0x84,0x28,0x83,0x2A,0x81,0x34,0x85,0x32,0x81,0x08,0x28,0x87,0x30,0x2E,0x24,0x2C,0x2A,0x22,0x2A,0x28,0x20,0x00,0x84,0x10,0x83,0x12,0x81,0x0A,0x86,0x0C,0x85,0x08,0x84,0x10,0x83,0x12,0x81,0x0A,0x86,0x0C,0x85,0x08,0x84,0x10,0x83,0x12,0x81,0x1C,0x85,0x1A,0x81,0x08,0x10,0x87,0x16,0x14,0x0C,0x12,0x10,0x0A,0x10,0x0E,0x04,0x84,0x1C,0x83,0x1E,0x81,0x16,0x86,0x18,0x85,0x08,0x84,0x1C,0x83,0x1E,0x81,0x16,0x86,0x18,0x85,0x08,0x84,0x1C,0x83,0x1E,0x81,0x28,0x85,0x26,0x81,0x08,0x1C,0x87,0x22,0x20,0x18,0x1E,0x1C,0x16,0x1C,0x1A,0x14,0xF8,0x81,0x1E,0x1E,0xF0,0xF8,0x81,0x1C,0x1C,0xF0,0xF8,0x81,0x1A,0x1A,0xF0,0xF4,0x81,0x18,0x18,0xF0,0xF8,0x81,0x2A,0x2A,0xF0,0xF8,0x81,0x28,0x28,0xF0,0xF8,0x81,0x26,0x26,0xF0,0xF4,0x81,0x24,0x24,0xF0,0x49,0x00,0x81,0x14,0x1E,0x28,0x16,0x20,0x2A,0x18,0x22,0x2C,0x87,0x2E,0x30,0x85,0x32,0x00,0x80,0x08,0x81,0x14,0x1E,0x28,0x16,0x20,0x2A,0x18,0x22,0x80,0x2C,0x87,0x24,0x26,0x85,0x28,0x84,0x14,0x16,0x18,0x87,0x32,0x34,0x85,0x36,0x83,0x56,0x42,0x02,0x4C,0x52,0x42,0x5C,0x4A,0x5A,0x02,0x4C,0x5A,0x56,0x02,0x50,0x4C,0x5A,0x02,0x54,0x5A,0x58,0x02,0x50,0x54,0x4C,0x42,0x02,0x4C,0x50,0x48,0x4A,0x50,0x00,0x87,0x08,0x08,0x08,0x08,0x08,0x08,0x08,0x83,0x08,0x14,0x18,0x1C,0x83,0x1E,0x2C,0x14,0x2C,0x1C,0x2C,0x14,0x2C,0x1E,0x2C,0x14,0x2C,0x1E,0x1E,0x22,0x26,0x28,0x36,0x1E,0x36,0x28,0x36,0x1E,0x36,0x26,0x36,0x14,0x2C,0x1C,0x14,0x18,0x1C,0x87,0x08,0x08,0x08,0x08,0x08,0x08,0x08,0x08,0xC9,0x00,0x86,0x42,0x83,0x3E,0x85,0x3C,0x4A,0x85,0x48,0x08,0x42,0x08,0x86,0x48,0x83,0x4A,0x85,0x50,0x02,0x86,0x42,0x83,0x3E,0x85,0x3A,0x08,0x00,0x86,0x3E,0x83,0x36,0x85,0x34,0x3C,0x3E,0x08,0x3E,0x08,0x86,0x40,0x83,0x40,0x85,0x40,0x40,0x86,0x36,0x83,0x36,0x85,0x34,0x08,0x82,0x42,0x81,0x3E,0x82,0x3C,0x80,0x3C,0x84,0x42,0x80,0x4A,0x82,0x48,0x81,0x3E,0x87,0x42,0x82,0x48,0x81,0x4A,0x00,0x83,0x50,0x85,0x02,0x83,0x48,0x82,0x42,0x81,0x3E,0x87,0x3A,0x00,0x82,0x3E,0x81,0x36,0x82,0x34,0x80,0x34,0x84,0x3C,0x80,0x3C,0x82,0x3E,0x81,0x36,0x87,0x3E,0x82,0x36,0x81,0x3A,0x83,0x40,0x85,0x3E,0x83,0x36,0x82,0x34,0x81,0x2C,0x87,0x28,0x83,0x1E,0x2C,0x14,0x2C,0x1C,0x2C,0x14,0x2C,0x1E,0x2C,0x14,0x2C,0x1E,0x1E,0x22,0x26,0x28,0x36,0x1E,0x36,0x28,0x36,0x1E,0x36,0x26,0x36,0x14,0x2C,0x1C,0x14,0x18,0x1C,0x83,0x50,0x85,0x02,0x83,0x50,0x87,0x4C,0x85,0x08,0x83,0x4C,0x4C,0x00,0x83,0x40,0x85,0x3E,0x83,0x40,0x87,0x44,0x85,0x08,0x83,0x44,0x44,0x28,0x36,0x1E,0x36,0x26,0x3E,0x34,0x3E,0x26,0x3E,0x34,0x3E,0xC8,0x11,0x10,0xC8,0xD0,0x00,0x85,0x50,0x02,0x08,0x83,0x4A,0x48,0x86,0x42,0x83,0x3E,0x85,0x48,0x3E,0x83,0x3A,0x3E,0x40,0x06,0x85,0x42,0x3E,0x87,0x36,0x08,0x00,0x85,0x40,0x40,0x08,0x83,0x40,0x40,0x86,0x36,0x83,0x2C,0x85,0x38,0x2C,0x83,0x28,0x2C,0x30,0x32,0x85,0x34,0x2C,0x83,0x26,0x84,0x26,0x80,0x26,0x84,0x08,0x80,0x28,0x84,0x2C,0x80,0x28,0x87,0x26,0x83,0x28,0x36,0x1E,0x36,0x28,0x36,0x26,0x22,0x1E,0x2C,0x14,0x2C,0x20,0x14,0x18,0x14,0x22,0x26,0x28,0x2A,0x2C,0x14,0x18,0x1C,0x1E,0x84,0x1E,0x80,0x1E,0x84,0x08,0x80,0x22,0x84,0x26,0x80,0x22,0x83,0x1E,0x14,0x18,0x1C,0xC8,0x11,0x10,0xC8,0xD0,0x00,0x81,0x32,0x84,0x08,0x28,0x28,0x32,0x82,0x2E,0x2A,0x81,0x2E,0x80,0x08,0x81,0x32,0x84,0x08,0x2A,0x2A,0x32,0x82,0x30,0x2C,0x81,0x30,0x80,0x08,0x00,0x83,0x08,0x81,0x32,0x84,0x08,0x28,0x28,0x32,0x82,0x2E,0x2A,0x81,0x2E,0x80,0x08,0x81,0x32,0x84,0x08,0x2A,0x2A,0x32,0x82,0x30,0x2C,0x81,0x30,0x80,0x08,0x86,0x1A,0x28,0x81,0x32,0x86,0x16,0x24,0x81,0x2E,0x86,0x12,0x20,0x81,0x2A,0x86,0x10,0x1E,0x81,0x28,0x40,0x00,0x81,0x04,0x08,0x81,0x04,0x08,0x86,0x32,0x80,0x28,0x84,0x32,0x82,0x32,0x36,0x3A,0x3C,0x81,0x40,0x08,0x86,0x32,0x80,0x28,0x84,0x32,0x82,0x32,0x36,0x3A,0x3C,0x81,0x40,0x08,0x00,0x11,0x90,0x90,0x00,0xF6,0x84,0x1A,0x82,0x1A,0x1A,0x84,0x1A,0x82,0x1A,0x1A,0xF0,0xF2,0x84,0x16,0x82,0x16,0x16,0x84,0x16,0x82,0x16,0x16,0xF0,0xF2,0x84,0x12,0x82,0x12,0x12,0x84,0x12,0x82,0x12,0x12,0xF0,0xF2,0x84,0x10,0x82,0x10,0x10,0x84,0x10,0x82,0x10,0x10,0xF0,0x84,0x10,0x82,0x10,0x6C,0x84,0x10,0x82,0x10,0x6C,0x84,0x10,0x82,0x10,0x6C,0x10,0x6C,0x10,0x6C,0x84,0x10,0x82,0x10,0x6C,0x84,0x10,0x82,0x10,0x6C,0x84,0x10,0x82,0x10,0x6C,0x10,0x6C,0x10,0x6C,0x84,0x10,0x82,0x10,0x6C,0x84,0x10,0x82,0x10,0x6C,0x84,0x10,0x82,0x10,0x6C,0x10,0x6C,0x10,0x6C,0x84,0x0C,0x1A,0x82,0x1A,0x1E,0x22,0x24,0x84,0x28,0x82,0x0C,0x68,0x0C,0x68,0x0C,0x68,0x84,0x04,0x82,0x04,0x66,0x84,0x04,0x82,0x04,0x66,0x84,0x04,0x82,0x04,0x66,0x04,0x66,0x04,0x66,0x84,0x70,0x1A,0x82,0x1A,0x1E,0x22,0x24,0x84,0x28,0x82,0x70,0x64,0x70,0x64,0x70,0x64,0x84,0x32,0x08,0x80,0x28,0x84,0x32,0x82,0x32,0x36,0x3A,0x3C,0x81,0x40,0x84,0x08,0x40,0x85,0x40,0x06,0x87,0x44,0x00,0x84,0x22,0x08,0x85,0x22,0x22,0x87,0x1E,0x84,0x22,0x82,0x08,0x22,0x22,0x24,0x28,0x2C,0x84,0x2E,0x82,0x08,0x32,0x32,0x36,0x3A,0x3C,0x86,0x40,0x85,0x2E,0x32,0x87,0x36,0xF2,0x84,0x1A,0x82,0x1A,0x1A,0x84,0x1A,0x82,0x1A,0x1A,0xF0,0xF2,0x84,0x16,0x82,0x16,0x16,0x84,0x16,0x82,0x16,0x16,0xF0,0x81,0x46,0x85,0x08,0x08,0x46,0x46,0x87,0x44,0x06,0x44,0x85,0x08,0x06,0x81,0x40,0x86,0x40,0x84,0x3C,0x82,0x3C,0x40,0x81,0x06,0x84,0x40,0x3C,0x38,0x82,0x38,0x3C,0x81,0x40,0x84,0x3C,0x38,0x00,0x84,0x2A,0x82,0x08,0x2A,0x2A,0x2E,0x32,0x36,0x85,0x38,0x08,0x87,0x38,0x38,0x85,0x36,0x32,0x85,0x38,0x08,0x87,0x32,0x85,0x2E,0x2E,0x2A,0x85,0x2E,0x08,0x87,0x2E,0x2E,0x85,0x2A,0x2E,0x84,0x2A,0x82,0x2A,0x28,0x84,0x2A,0x82,0x2A,0x2E,0x86,0x32,0x84,0x2E,0x2A,0x84,0x28,0x82,0x28,0x24,0x84,0x28,0x82,0x28,0x2A,0x86,0x2E,0x84,0x2A,0x28,0x11,0x90,0x90,0x00,0xF2,0x84,0x12,0x82,0x12,0x12,0x84,0x12,0x82,0x12,0x12,0xF0,0xF2,0x84,0x20,0x82,0x20,0x20,0x84,0x20,0x82,0x20,0x20,0xF0,0xF2,0x84,0x1C,0x82,0x1C,0x1C,0x84,0x1C,0x82,0x1C,0x1C,0xF0,0xF2,0x84,0x1A,0x82,0x1A,0x1A,0x84,0x1A,0x82,0x1A,0x1A,0xF0,0x86,0x26,0x84,0x26,0x82,0x26,0x28,0x84,0x2C,0x82,0x2C,0x30,0x84,0x32,0x36,0x18,0x82,0x18,0x18,0x84,0x16,0x82,0x16,0x16,0x84,0x14,0x82,0x14,0x14,0x84,0x12,0x12,0x00,0x11,0x90,0x90,0x00,0x84,0x36,0x82,0x36,0x3A,0x81,0x3E,0x86,0x42,0x82,0x40,0x08,0x28,0x28,0x28,0x08,0x28,0x28,0x28,0x08,0x28,0x28,0x84,0x28,0x28,0xF2,0x84,0x1E,0x82,0x1E,0x1E,0x84,0x1E,0x82,0x1E,0x1E,0xF0,0x84,0x28,0x82,0x10,0x10,0x84,0x10,0x82,0x10,0x10,0x84,0x10,0x82,0x10,0x10,0x84,0x10,0x82,0x14,0x18,0x81,0x38,0x86,0x08,0x3E,0x84,0x3C,0x08,0x81,0x36,0x86,0x30,0x00,0x81,0x46,0x86,0x08,0x4E,0x84,0x02,0x08,0x81,0x48,0x86,0x40,0xF2,0x84,0x12,0x82,0x12,0x12,0x84,0x12,0x82,0x12,0x12,0xF0,0xF2,0x84,0x10,0x82,0x10,0x10,0x84,0x10,0x82,0x10,0x10,0xF0,0x11,0x90,0x90,0x00,0x85,0x62,0x6C,0x04,0x0E,0x87,0x1A,0x20,0x81,0x26,0x86,0x28,0x85,0x10,0x10,0x87,0x10,0x81,0x10,0x85,0x62,0x6C,0x04,0x0E,0x87,0x1A,0x20,0x81,0x26,0x86,0x28,0x85,0x10,0x10,0x87,0x10,0x81,0x10,0x00,0x81,0x06,0x86,0x08,0x46,0x84,0x48,0x08,0x81,0x40,0x86,0x40,0x81,0x06,0x86,0x08,0x46,0x84,0x48,0x08,0x81,0x40,0x86,0x3A,0xF2,0x84,0x0E,0x82,0x0E,0x0E,0x84,0x0E,0x82,0x0E,0x0E,0xF0,0xF2,0x84,0x10,0x82,0x10,0x10,0x84,0x10,0x82,0x10,0x10,0xF0,0xF2,0x84,0x0E,0x82,0x0E,0x0E,0x84,0x0E,0x82,0x0E,0x0E,0xF0,0xF2,0x84,0x10,0x82,0x10,0x10,0x84,0x10,0x82,0x10,0x10,0xF0,0x81,0x2A,0x86,0x08,0x34,0x84,0x32,0x08,0x81,0x28,0x86,0x20,0x00,0x11,0x90,0x90,0x00,0x81,0x3C,0x86,0x08,0x06,0x84,0x40,0x08,0x81,0x38,0x86,0x32,0xF2,0x84,0x1C,0x82,0x1C,0x1C,0x84,0x1C,0x82,0x1C,0x1C,0xF0,0xF2,0x84,0x1A,0x82,0x1A,0x1A,0x84,0x1A,0x82,0x1A,0x1A,0xF0,0x85,0x36,0x80,0x36,0x36,0x81,0x36,0x82,0x32,0x2C,0x3A,0x85,0x36,0x80,0x36,0x36,0x81,0x36,0x82,0x32,0x2C,0x3A,0x83,0x36,0x80,0x1E,0x1E,0x1E,0x1E,0x85,0x1E,0x00,0x85,0x26,0x80,0x26,0x26,0x81,0x26,0x82,0x22,0x1E,0x28,0x85,0x26,0x80,0x26,0x26,0x81,0x26,0x82,0x22,0x1E,0x28,0x83,0x2C,0x80,0x14,0x14,0x14,0x14,0x85,0x14,0x82,0x26,0x1E,0x26,0x2C,0x26,0x2C,0x32,0x2C,0x32,0x3A,0x32,0x3A,0x26,0x1E,0x26,0x2C,0x26,0x2C,0x32,0x2C,0x32,0x3A,0x32,0x3A,0x83,0x36,0x80,0x1E,0x1E,0x1E,0x1E,0x85,0x1E,0xA5,0xE0,0xF0,0x0C,0xA9,0x00,0x8D,0x15,0x40,0xA9,0x0F,0x8D,0x15,0x40,0xD0,0x11,0xA9,0xFF,0x8D,0x17,0x40,0x20,0xD3,0x9A,0x20,0xA0,0x99,0x20,0x83,0x9B,0x20,0x67,0x9C,0x20,0xCC,0x98,0xA9,0x00,0x8D,0x04,0x06,0x8D,0x03,0x06,0x8D,0x02,0x06,0x8D,0x01,0x06,0x8D,0x00,0x06,0x60,0x1C,0x4C,0x27,0x5C,0x46,0x67,0x07,0x95,0x50,0x08,0x08,0x08,0x08,0x08,0x90,0x08,0x08,0x08,0x08,0x08,0x08,0x08,0x08,0x08,0x08,0x08,0x08,0x00,0x82,0x4A,0x48,0x4A,0x08,0x08,0x08,0x08,0x08,0x08,0x00,0x9F,0x1E,0x22,0x24,0x26,0x9F,0x28,0x2A,0x2C,0x2E,0x9A,0x28,0x2A,0x2C,0x2E,0x9C,0x28,0x2A,0x2C,0x2E,0x96,0x28,0x2A,0x2C,0x2E,0x98,0x28,0x2A,0x2C,0x2E,0x00,0x99,0x42,0x4A,0x50,0x54,0x00,0x99,0x70,0x0A,0x70,0x0E,0x70,0x10,0x9F,0x70,0x2A,0x12,0x1E,0x2A,0x70,0x1E,0x00,0x9A,0x42,0x08,0x08,0x56,0x08,0x08,0x00,0x08,0x08,0x00,0x9F,0x40,0x30,0x40,0x3A,0x28,0x00,0x4C,0x42,0x9D,0xAD,0x04,0x06,0x30,0xF8,0xF0,0x09,0xC9,0x40,0xD0,0x0B,0xAE,0x05,0x06,0xF0,0x06,0xAD,0x05,0x06,0xD0,0x10,0x60,0x8D,0x05,0x06,0xA0,0x00,0xC8,0x4A,0x90,0xFC,0xB9,0x5A,0x98,0x8D,0x0E,0x06,0xAC,0x0E,0x06,0xEE,0x0E,0x06,0xB9,0x5B,0x98,0x30,0x15,0xD0,0x1F,0xA2,0x90,0x8E,0x00,0x40,0xA2,0x18,0x8E,0x03,0x40,0xA2,0x00,0x8E,0x02,0x40,0x8E,0x05,0x06,0x60,0x8D,0x00,0x40,0xAC,0x0E,0x06,0xEE,0x0E,0x06,0xB9,0x5B,0x98,0x20,0x09,0x9C,0xA9,0x7F,0x8D,0x01,0x40,0x60,0xA9,0x0F,0x8D,0x15,0x40,0xA9,0x00,0x8D,0x08,0x06,0x8D,0x07,0x06,0x8D,0x1A,0x06,0x8D,0xF6,0x05,0x60,0x8C,0x06,0x06,0xA9,0x05,0x85,0x69,0xAD,0x04,0x06,0x29,0xEF,0xD0,0x03,0x8D,0x04,0x06,0xA4,0x69,0xB9,0xBB,0x9F,0xD0,0x1C,0x8C,0x06,0x06,0xA9,0x38,0x85,0x69,0xA9,0x0D,0x85,0x68,0xC6,0x68,0xA4,0x68,0xF0,0xF6,0xC0,0x07,0x90,0x04,0xA9,0x10,0xD0,0x10,0xB9,0xF4,0x9E,0xAA,0x29,0x0F,0x8D,0x0E,0x40,0x8A,0x4A,0x4A,0x4A,0x4A,0x09,0x10,0x8D,0x0C,0x40,0xA9,0x08,0x8D,0x0F,0x40,0xC6,0x69,0xD0,0x0A,0xA9,0xF0,0x8D,0x0C,0x40,0xA9,0x00,0x8D,0x06,0x06,0x60,0x8C,0x06,0x06,0xA9,0x0A,0x85,0x69,0xA4,0x69,0xB9,0xB1,0x9F,0xD0,0xCE,0xAC,0x03,0x06,0x30,0x81,0xAD,0x06,0x06,0x4E,0x03,0x06,0xB0,0xE5,0x4A,0xB0,0xE9,0x4E,0x03,0x06,0xB0,0x85,0x4A,0xB0,0x93,0x4E,0x03,0x06,0xB0,0x2A,0x4A,0xB0,0x2E,0x4E,0x03,0x06,0xB0,0x8D,0x4A,0xB0,0x95,0x4E,0x03,0x06,0xB0,0x0C,0x4A,0xB0,0x10,0x4A,0xB0,0x36,0x4E,0x03,0x06,0xB0,0x25,0x60,0x8C,0x06,0x06,0xA9,0x18,0x85,0x69,0xA4,0x69,0xB9,0x3C,0x9A,0xD0,0x87,0x8C,0x06,0x06,0xA9,0x20,0x85,0x69,0xA5,0x69,0x4A,0xA8,0xA2,0x0E,0x8E,0x0E,0x40,0xB9,0xC0,0x9F,0x4C,0x7B,0x99,0x8C,0x06,0x06,0xA9,0xD0,0x8D,0xF3,0x05,0xA9,0x10,0x85,0x68,0xAD,0xF3,0x05,0xC9,0xBF,0x90,0x04,0xE6,0x68,0xD0,0x14,0xAD,0xF3,0x05,0x4A,0x90,0x0E,0x4A,0x90,0x0B,0x4A,0x90,0x08,0xA5,0x68,0xC9,0x10,0xF0,0x02,0xC6,0x68,0xA5,0x68,0x8D,0x0C,0x40,0xA2,0x03,0x8E,0x0E,0x40,0xA9,0x08,0x8D,0x0F,0x40,0xCE,0xF3,0x05,0x4C,0x85,0x99,0x1F,0x2F,0x2E,0x3F,0x3F,0x4C,0x4E,0x5F,0x6F,0x6F,0x7E,0x8F,0x9E,0xAF,0xBE,0xCF,0xDE,0xEF,0xFE,0xFD,0xFE,0xFF,0xFF,0xFE,0x0C,0x08,0x11,0x1C,0x28,0x33,0x40,0x62,0x8A,0x4E,0x58,0x60,0x8A,0x5E,0x94,0x60,0x00,0x8A,0x42,0x06,0x3C,0x30,0x2E,0x3E,0x44,0xCC,0x02,0x00,0x83,0x40,0x42,0x48,0x4A,0x02,0x50,0x4C,0x54,0x94,0x56,0x00,0x94,0x3A,0x3E,0xA8,0x50,0x8A,0x4E,0x02,0xCC,0x4A,0x00,0x81,0x28,0x3E,0x24,0x82,0x3A,0x81,0x16,0x30,0x1A,0x82,0x34,0x00,0x94,0x56,0x42,0x02,0x4C,0x52,0x42,0x5C,0x4A,0x5A,0x02,0x4C,0x5A,0x56,0x02,0x50,0x4C,0x5A,0x02,0x54,0x5A,0x58,0x02,0x50,0x54,0x4C,0x42,0x02,0x4C,0x50,0x48,0x4A,0x50,0x00,0x9E,0x08,0x85,0x3C,0x3A,0x38,0x36,0x3A,0x38,0x36,0x34,0x38,0x36,0x34,0x32,0x36,0x34,0x32,0x30,0x34,0x32,0x30,0x2E,0x2A,0x28,0xA8,0x26,0x00,0xAD,0x02,0x06,0x30,0x08,0xD0,0x0B,0xAD,0x07,0x06,0xD0,0x19,0x60,0x20,0x42,0x9D,0xA9,0x80,0x8D,0x07,0x06,0xA0,0x00,0xC8,0x4A,0x90,0xFC,0xB9,0x54,0x9A,0x8D,0x18,0x06,0xA9,0x01,0x85,0x6F,0xC6,0x6F,0xD0,0x49,0xAC,0x18,0x06,0xEE,0x18,0x06,0xB9,0x55,0x9A,0x30,0x1C,0xD0,0x27,0xAD,0x07,0x06,0xC9,0x40,0xF0,0xD5,0xA2,0x90,0x8E,0x04,0x40,0xA2,0x18,0x8E,0x07,0x40,0xA2,0x00,0x8E,0x07,0x06,0x8E,0x06,0x40,0x60,0x29,0x7F,0x85,0x6E,0xAC,0x18,0x06,0xEE,0x18,0x06,0xB9,0x55,0x9A,0x20,0x27,0x9C,0xA9,0x7F,0x8D,0x05,0x40,0xA9,0x86,0x8D,0x04,0x40,0xA5,0x6E,0x85,0x6F,0xA9,0x1F,0x85,0x6D,0xAD,0x07,0x06,0x29,0x90,0xF0,0x16,0xA4,0x6D,0xF0,0x02,0xC6,0x6D,0xB9,0x63,0x9B,0x8D,0x04,0x40,0xA5,0x6F,0xA6,0x6B,0x20,0x50,0x9C,0x8E,0x06,0x40,0x60,0x95,0x96,0x97,0x98,0x99,0x9A,0x9B,0x9C,0x9D,0x9E,0x9F,0x9F,0x9F,0x9F,0x9F,0x9F,0x9F,0x9F,0x9F,0x9F,0x9F,0x9F,0x9F,0x9E,0x9D,0x9C,0x9B,0x9A,0x99,0x98,0x97,0x96,0xAD,0x01,0x06,0x30,0x27,0xD0,0x21,0xAD,0x08,0x06,0xF0,0x16,0xCE,0xF2,0x05,0xD0,0x16,0xAD,0x08,0x06,0x29,0x70,0xD0,0x18,0xA9,0x00,0x8D,0x08,0x06,0xA9,0x0F,0x8D,0x15,0x40,0xAD,0xF6,0x05,0xD0,0x09,0x60,0xA2,0x00,0xF0,0x04,0xA2,0x40,0x29,0x70,0x8E,0x11,0x40,0x8D,0x08,0x06,0xAA,0x29,0xF0,0xF0,0x03,0x8D,0xF6,0x05,0x8A,0xA0,0x00,0xC8,0x4A,0x90,0xFC,0xB9,0xF7,0x9B,0x8D,0x10,0x40,0xB9,0xE9,0x9B,0x8D,0x12,0x40,0xB9,0xF0,0x9B,0x8D,0x13,0x40,0xA9,0xA0,0x8D,0xF2,0x05,0xA9,0x0F,0x8D,0x15,0x40,0xA9,0x1F,0x8D,0x15,0x40,0x60,0x00,0x4C,0x80,0x1D,0x20,0x28,0x4C,0x75,0xC0,0x40,0x0A,0xB0,0x90,0xD0,0x0F,0x0F,0x0D,0x0F,0x0E,0x0F,0x0E,0x8C,0x01,0x40,0x8E,0x00,0x40,0x60,0x20,0xFF,0x9B,0xA8,0xB9,0x01,0x9F,0xF0,0x0D,0x85,0x6A,0x8D,0x02,0x40,0xB9,0x00,0x9F,0x09,0x08,0x8D,0x03,0x40,0x60,0x8E,0x04,0x40,0x8C,0x05,0x40,0x60,0x20,0x1D,0x9C,0xA8,0xB9,0x01,0x9F,0xF0,0xEF,0x85,0x6B,0x8D,0x06,0x40,0xB9,0x00,0x9F,0x09,0x08,0x8D,0x07,0x40,0x60,0xA8,0xB9,0x01,0x9F,0xF0,0xDB,0x8D,0xF0,0x05,0x8D,0x0A,0x40,0xB9,0x00,0x9F,0x09,0x08,0x8D,0x0B,0x40,0x60,0xC9,0x10,0x90,0x0F,0x4A,0x4A,0x4A,0xB0,0x05,0x8A,0x69,0x01,0xD0,0x04,0x8A,0x18,0x69,0xFF,0xAA,0x60,0x4C,0x28,0x9D,0xAD,0x00,0x06,0xD0,0x06,0xAD,0x09,0x06,0xD0,0xF3,0x60,0x8D,0x09,0x06,0x30,0x18,0xC9,0x06,0xD0,0x04,0xA0,0x24,0xD0,0x62,0xC9,0x01,0xF0,0x14,0xC9,0x40,0xF0,0x0C,0xC9,0x10,0xD0,0x10,0xA0,0x11,0xD0,0x0A,0xA0,0x19,0xD0,0x06,0xA0,0x0F,0xD0,0x02,0xA0,0x08,0x84,0x6C,0xAA,0x30,0x30,0xC9,0x01,0xF0,0x20,0xC9,0x40,0xF0,0x10,0xC9,0x10,0xD0,0x30,0xE6,0x6C,0xA4,0x6C,0xC0,0x1A,0xD0,0x2F,0xA0,0x14,0xD0,0xE3,0xE6,0x6C,0xA4,0x6C,0xC0,0x12,0xD0,0x23,0xA0,0x0F,0xD0,0xD7,0xE6,0x6C,0xA4,0x6C,0xC0,0x10,0xD0,0x17,0xA0,0x09,0xD0,0xCB,0xE6,0x6C,0xA4,0x6C,0xC0,0x24,0xD0,0x0B,0xA0,0x19,0xD0,0xBF,0x8A,0xA0,0x00,0xC8,0x4A,0x90,0xFC,0xB9,0x5F,0x8D,0xA8,0xB9,0x60,0x8D,0x8D,0xF4,0x05,0xB9,0x61,0x8D,0x85,0x66,0xB9,0x62,0x8D,0x85,0x67,0xB9,0x63,0x8D,0x8D,0x0C,0x06,0xB9,0x64,0x8D,0x8D,0x0B,0x06,0xB9,0x65,0x8D,0x8D,0x0D,0x06,0x8D,0xF5,0x05,0xB9,0x66,0x8D,0x8D,0x19,0x06,0xB9,0x67,0x8D,0x8D,0xF1,0x05,0xA9,0x01,0x8D,0x11,0x06,0x8D,0x13,0x06,0x8D,0x16,0x06,0x8D,0x17,0x06,0x4A,0x8D,0x0A,0x06,0xCE,0x11,0x06,0xD0,0x52,0xAC,0x0A,0x06,0xEE,0x0A,0x06,0xB1,0x66,0xF0,0x04,0x10,0x28,0xD0,0x18,0xAD,0x09,0x06,0x29,0xF1,0xD0,0x0E,0xA9,0x00,0x8D,0x09,0x06,0x8D,0x15,0x40,0xA9,0x0F,0x8D,0x15,0x40,0x60,0x4C,0x9B,0x9C,0x20,0xE2,0x9E,0x8D,0x10,0x06,0xAC,0x0A,0x06,0xEE,0x0A,0x06,0xB1,0x66,0xAE,0x07,0x06,0xD0,0x13,0x20,0x27,0x9C,0xF0,0x03,0x20,0x72,0x9F,0x8D,0x12,0x06,0x20,0x1D,0x9C,0xA9,0x00,0x8D,0x1B,0x06,0xAD,0x10,0x06,0x8D,0x11,0x06,0xAC,0x07,0x06,0xD0,0x26,0xEE,0x1B,0x06,0xAC,0x12,0x06,0xF0,0x03,0xCE,0x12,0x06,0x20,0x7C,0x9F,0x8D,0x04,0x40,0xA2,0x7F,0x8E,0x05,0x40,0xAD,0x09,0x06,0x10,0x0B,0xAD,0x1B,0x06,0xA6,0x6B,0x20,0x50,0x9C,0x8E,0x06,0x40,0xAC,0x0B,0x06,0xF0,0x66,0xCE,0x13,0x06,0xD0,0x36,0xAC,0x0B,0x06,0xEE,0x0B,0x06,0xB1,0x66,0x10,0x0E,0x20,0xE2,0x9E,0x8D,0x0F,0x06,0xAC,0x0B,0x06,0xEE,0x0B,0x06,0xB1,0x66,0xAE,0x05,0x06,0xD0,0x13,0x20,0x09,0x9C,0xF0,0x03,0x20,0x72,0x9F,0x8D,0x14,0x06,0x20,0xFF,0x9B,0xA9,0x00,0x8D,0x1C,0x06,0xAD,0x0F,0x06,0x8D,0x13,0x06,0xAE,0x05,0x06,0xD0,0x26,0xEE,0x1C,0x06,0xAC,0x14,0x06,0xF0,0x03,0xCE,0x14,0x06,0x20,0x7C,0x9F,0x8D,0x00,0x40,0xAD,0x09,0x06,0x10,0x0B,0xAD,0x1C,0x06,0xA6,0x6A,0x20,0x50,0x9C,0x8E,0x02,0x40,0xA9,0x7F,0x8D,0x01,0x40,0xAD,0x0C,0x06,0xD0,0x03,0x4C,0x91,0x9E,0xCE,0x16,0x06,0xD0,0x52,0xAC,0x0C,0x06,0xEE,0x0C,0x06,0xB1,0x66,0xF0,0x62,0x10,0x38,0xC9,0xF0,0xF0,0x11,0x90,0x1D,0x38,0xE9,0xF0,0x8D,0x1E,0x06,0xAD,0x0C,0x06,0x8D,0x1F,0x06,0x4C,0x22,0x9E,0xCE,0x1E,0x06,0xF0,0x06,0xAD,0x1F,0x06,0x8D,0x0C,0x06,0x4C,0x22,0x9E,0x20,0xE2,0x9E,0x8D,0x15,0x06,0xA9,0x1F,0x8D,0x08,0x40,0xAC,0x0C,0x06,0xEE,0x0C,0x06,0xB1,0x66,0xF0,0x28,0x20,0x3B,0x9C,0xA9,0x00,0x8D,0x1D,0x06,0xAE,0x15,0x06,0x8E,0x16,0x06,0xEE,0x1D,0x06,0xAD,0x1D,0x06,0xAE,0xF0,0x05,0x20,0x50,0x9C,0x8E,0x0A,0x40,0xAD,0xF1,0x05,0x10,0x04,0xA9,0x1F,0xD0,0x02,0xA9,0xFF,0x8D,0x08,0x40,0xAD,0x09,0x06,0x29,0x91,0xF0,0x37,0xCE,0x17,0x06,0xD0,0x32,0xAC,0x0D,0x06,0xEE,0x0D,0x06,0xB1,0x66,0xD0,0x08,0xAD,0xF5,0x05,0x8D,0x0D,0x06,0xD0,0xEE,0x20,0xDC,0x9E,0x8D,0x17,0x06,0x8A,0x29,0x3E,0x4A,0x4A,0x4A,0x4A,0xA8,0xB9,0xD0,0x9E,0x8D,0x0C,0x40,0xB9,0xD4,0x9E,0x8D,0x0E,0x40,0xB9,0xD8,0x9E,0x8D,0x0F,0x40,0x60,0x10,0x1C,0x1C,0x1C,0x00,0x03,0x0A,0x03,0x00,0x18,0x18,0x58,0xAA,0x6A,0x8A,0x2A,0x2A,0x2A,0x29,0x07,0x18,0x6D,0xF4,0x05,0xA8,0xB9,0xD1,0x9F,0x60,0x29,0x07,0xA8,0xB9,0xD1,0x9F,0x60,0xCB,0x0E,0x0E,0x4C,0x6D,0x8C,0xCD,0xFF,0xFF,0xFF,0xFF,0xFF,0x00,0x23,0x00,0x6A,0x03,0x27,0x00,0x97,0x00,0x00,0x02,0xF9,0x02,0xCF,0x02,0xA6,0x02,0x80,0x02,0x5C,0x02,0x3A,0x02,0x1A,0x01,0xFC,0x01,0xDF,0x01,0xC4,0x01,0xAB,0x01,0x93,0x01,0x7C,0x01,0x67,0x01,0x53,0x01,0x40,0x01,0x2E,0x01,0x1D,0x01,0x0D,0x00,0xFE,0x00,0xEF,0x00,0xE2,0x00,0xD5,0x00,0xC9,0x00,0xBE,0x00,0xB3,0x00,0xA9,0x00,0xA0,0x00,0x8E,0x00,0x86,0x00,0x77,0x00,0x7E,0x00,0x71,0x00,0x54,0x00,0x64,0x00,0x5F,0x00,0x59,0x00,0x50,0x00,0x47,0x00,0x43,0x00,0x3F,0x00,0x38,0x00,0x32,0x00,0x21,0x05,0x4D,0x05,0x01,0x04,0xB9,0x04,0x35,0x03,0xF8,0x03,0xBF,0x03,0x89,0x03,0x57,0xAD,0x19,0x06,0xA9,0x20,0xA2,0x82,0xA0,0x7F,0x60,0xAD,0x19,0x06,0x10,0x07,0xB9,0x92,0x9F,0x29,0x0F,0xD0,0x07,0xB9,0x92,0x9F,0x4A,0x4A,0x4A,0x4A,0x09,0x90,0x60,0x04,0x24,0x24,0x34,0x34,0x35,0x35,0x35,0x45,0x45,0x46,0x46,0x46,0x46,0x46,0x46,0x46,0x46,0x57,0x57,0x57,0x57,0x68,0x68,0x68,0x68,0x79,0x79,0x79,0x68,0x68,0x57,0x47,0x67,0x87,0xA8,0xB9,0x9A,0x8A,0x5A,0x9B,0x8B,0xFB,0xF9,0x9D,0x6E,0x3F,0x1A,0x1A,0x1C,0x1D,0x1D,0x1E,0x1E,0x1F,0x1F,0x1E,0x1A,0x19,0x16,0x13,0x11,0x11,0x03,0x0A,0x01,0x14,0x05,0x28,0x3C,0x70,0x07,0x1B,0x35,0x14,0x0D,0x28,0x3C,0x50,0x06,0x0C,0x08,0x18,0x24,0x30,0x48,0x10,0x07,0x0D,0x09,0x1B,0x24,0x36,0x48,0x10,0x3C,0x50,0x0A,0x05,0x14,0x0D,0x28,0x0E,0xFF,0xFF,0xFF,0xFF,0xFF,0xFF,0xFF,0xFF,0xFF,0xFF,0xFF,0xFF,0xFF,0xFF,0xFF,0xFF,0xFF,0xFF,0xFF,0xFF,0xFF,0xFF,0xFF,0xFF,0xFF,0xFF,0xFF,0xFF,0xFF,0xFF,0xFF,0xFF,0xFF,0xFF,0xFF,0xFF,0xFF,0xFF,0xFF,0xFF,0xFF,0xFF,0xFF,0xFF,0xFF,0xFF,0xFF,0xFF,0xFF,0xFF,0xFF,0xFF,0xFF,0xFF,0xFF,0xFF,0xFF,0xFF,0xFF,0xFF,0xFF,0xFF,0xFF,0xFF,0xFF,0xFF,0xFF,0xFF,0xFF,0xFF,0xFF,0xFF,0xFF,0xFF,0xFF,0xFF,0xFF,0xFF,0xFF,0xFF,0xFF,0xFF,0xFF,0xFF,0xFF,0xFF,0xFF,0xFF,0xFF,0xFF,0xFF,0xFF,0xFF,0xFF,0xFF,0xFF,0xFF,0xFF,0xFF,0xFF,0xFF,0xFF,0xFF,0xFF,0xFF,0xFF,0xFF,0xFF,0xFF,0xFF,0xFF,0xFF,0xFF,0xFF,0xFF,0xFF,0xFF,0xFF,0xFF,0xFF,0xFF,0xFF,0xFF,0xFF,0xFF,0xFF,0xFF,0xFF,0xFF,0xFF,0xFF,0xFF,0xFF,0xFF,0xFF,0xFF,0xFF,0xFF,0xFF,0xFF,0xFF,0xFF,0xFF,0xFF,0xFF,0xFF,0xFF,0xFF,0xFF,0xFF,0xFF,0xFF,0xFF,0xFF,0xFF,0xFF,0xFF,0xFF,0xFF,0xFF,0xFF,0xFF,0xFF,0xFF,0xFF,0xFF,0xFF,0xFF,0xFF,0xFF,0xFF,0xFF,0xFF,0xFF,0xFF,0xFF,0xFF,0xFF,0xFF,0xFF,0xFF,0xFF,0xFF,0xFF,0xFF,0xFF,0xFF,0xFF,0xFF,0xFF,0xFF,0xFF,0xFF,0xFF,0xFF,0xFF,0xFF,0xFF,0xFF,0xFF,0xFF,0xFF,0xFF,0xFF,0xFF,0xFF,0xFF,0xFF,0xFF,0xFF,0xFF,0xFF,0xFF,0xFF,0xFF,0xFF,0xFF,0xFF,0xFF,0xFF,0xFF,0xFF,0xFF,0xFF,0xFF,0xFF,0xFF,0xFF,0xFF,0xFF,0xFF,0xFF,0xFF,0xFF,0xFF,0xFF,0xFF,0xFF,0xFF,0xFF,0xFF,0xFF,0xFF,0xFF,0xFF,0xFF,0xFF,0xFF,0xFF,0xFF,0xFF,0xFF,0xFF,0xFF,0xFF,0xFF,0xFF,0xFF,0xFF,0xFF,0xFF,0xFF,0xFF,0xFF,0xFF,0xFF,0xFF,0xFF,0xFF,0xFF,0xFF,0xFF,0xFF,0xFF,0xFF,0xFF,0xFF,0xFF,0xFF,0xFF,0xFF,0xFF,0xFF,0xFF,0xFF,0xFF,0xFF,0xFF,0xFF,0xFF,0xFF,0xFF,0xFF,0xFF,0xFF,0xFF,0xFF,0xFF,0xFF,0xFF,0xFF,0xFF,0xFF,0xFF,0xFF,0xFF,0xFF,0xFF,0xFF,0xFF,0xFF,0xFF,0xFF,0xFF,0xFF,0xFF,0xFF,0xFF,0xFF,0xFF,0xFF,0xFF,0xFF,0xFF,0xFF,0xFF,0xFF,0xFF,0xFF,0xFF,0xFF,0xFF,0xFF,0xFF,0xFF,0xFF,0xFF,0xFF,0xFF,0xFF,0xFF,0xFF,0xFF,0xFF,0xFF,0xFF,0xFF,0xFF,0xFF,0xFF,0xFF,0xFF,0xFF,0xFF,0xFF,0xFF,0xFF,0xFF,0xFF,0xFF,0xFF,0xFF,0xFF,0xFF,0xFF,0xFF,0xFF,0xFF,0xFF,0xFF,0xFF,0xFF,0xFF,0xFF,0xFF,0xFF,0xFF,0xFF,0xFF,0xFF,0xFF,0xFF,0xFF,0xFF,0xFF,0xFF,0xFF,0xFF,0xFF,0xFF,0xFF,0xFF,0xFF,0xFF,0xFF,0xFF,0xFF,0xFF,0xFF,0xFF,0xFF,0xFF,0xFF,0xFF,0xFF,0xFF,0xFF,0xFF,0xFF,0xFF,0xFF,0xFF,0xFF,0xFF,0xFF,0xFF,0xFF,0xFF,0xFF,0xFF,0xFF,0xFF,0xFF,0xFF,0xFF,0xFF,0xFF,0xFF,0xFF,0xFF,0xFF,0xFF,0xFF,0xFF,0xFF,0xFF,0xFF,0xFF,0xFF,0xFF,0xFF,0xFF,0xFF,0xFF,0xFF,0xFF,0xFF,0xFF,0xFF,0xFF,0xFF,0xFF,0xFF,0xFF,0xFF,0xFF,0xFF,0xFF,0xFF,0xFF,0xFF,0xFF,0xFF,0xFF,0xFF,0xFF,0xFF,0xFF,0xFF,0xFF,0xFF,0xFF,0xFF,0xFF,0xFF,0xFF,0xFF,0xFF,0xFF,0xFF,0xFF,0xFF,0xFF,0xFF,0xFF,0xFF,0xFF,0xFF,0xFF,0xFF,0xFF,0xFF,0xFF,0xFF,0xFF,0xFF,0xFF,0xFF,0xFF,0xFF,0xFF,0xFF,0xFF,0xFF,0xFF,0xFF,0xFF,0xFF,0xFF,0xFF,0xFF,0xFF,0xFF,0xFF,0xFF,0xFF,0xFF,0xFF,0xFF,0xFF,0xFF,0xFF,0xFF,0xFF,0xFF,0xFF,0xFF,0xFF,0xFF,0xFF,0xFF,0xFF,0xFF,0xFF,0xFF,0xFF,0xFF,0xFF,0xFF,0xFF,0xFF,0xFF,0xFF,0xFF,0xFF,0xFF,0xFF,0xFF,0xFF,0xFF,0xFF,0xFF,0xFF,0xFF,0xFF,0xFF,0xFF,0xFF,0xFF,0xFF,0xFF,0xFF,0xFF,0xFF,0xFF,0xFF,0xFF,0xFF,0xFF,0xFF,0xFF,0xFF,0xFF,0xFF,0xFF,0xFF,0xFF,0xFF,0xFF,0xFF,0xFF,0xFF,0xFF,0xFF,0xFF,0xFF,0xFF,0xFF,0xFF,0xFF,0xFF,0xFF,0xFF,0xFF,0xFF,0xFF,0xFF,0xFF,0xFF,0xFF,0xFF,0xFF,0xFF,0xFF,0xFF,0xFF,0xFF,0xFF,0xFF,0xFF,0xFF,0xFF,0xFF,0xFF,0xFF,0xFF,0xFF,0xFF,0xFF,0xFF,0xFF,0xFF,0xFF,0xFF,0xFF,0xFF,0xFF,0xFF,0xFF,0xFF,0xFF,0xFF,0xFF,0xFF,0xFF,0xFF,0xFF,0xFF,0xFF,0xFF,0xFF,0xFF,0xFF,0xFF,0xFF,0xFF,0xFF,0xFF,0xFF,0xFF,0xFF,0xFF,0xFF,0xFF,0xFF,0xFF,0xFF,0xFF,0xFF,0xFF,0xFF,0xFF,0xFF,0xFF,0xFF,0xFF,0xFF,0xFF,0xFF,0xFF,0xFF,0xFF,0xFF,0xFF,0xFF,0xFF,0xFF,0xFF,0xFF,0xFF,0xFF,0xFF,0xFF,0xFF,0xFF,0xFF,0xFF,0xFF,0xFF,0xFF,0xFF,0xFF,0xFF,0xFF,0xFF,0xFF,0xFF,0xFF,0xFF,0xFF,0xFF,0xFF,0xFF,0xFF,0xFF,0xFF,0xFF,0xFF,0xFF,0xFF,0xFF,0xFF,0xFF,0xFF,0xFF,0xFF,0xFF,0xFF,0xFF,0xFF,0xFF,0xFF,0xFF,0xFF,0xFF,0xFF,0xFF,0xFF,0xFF,0xFF,0xFF,0xFF,0xFF,0xFF,0xFF,0xFF,0xFF,0xFF,0xFF,0xFF,0xFF,0xFF,0xFF,0xFF,0xFF,0xFF,0xFF,0xFF,0xFF,0xFF,0xFF,0xFF,0xFF,0xFF,0xFF,0xFF,0xFF,0xFF,0xFF,0xFF,0xFF,0xFF,0xFF,0xFF,0xFF,0xFF,0xFF,0xFF,0xFF,0xFF,0xFF,0xFF,0xFF,0xFF,0xFF,0xFF,0xFF,0xFF,0xFF,0xFF,0xFF,0xFF,0xFF,0xFF,0xFF,0xFF,0xFF,0xFF,0xFF,0xFF,0xFF,0xFF,0xFF,0xFF,0xFF,0xFF,0xFF,0xFF,0xFF,0xFF,0xFF,0xFF,0xFF,0xFF,0xFF,0xFF,0xFF,0xFF,0xFF,0xFF,0xFF,0xFF,0xFF,0xFF,0xFF,0xFF,0xFF,0xFF,0xFF,0xFF,0xFF,0xFF,0xFF,0xFF,0xFF,0xFF,0xFF,0xFF,0xFF,0xFF,0xFF,0xFF,0xFF,0xFF,0xFF,0xFF,0xFF,0xFF,0xFF,0xFF,0xFF,0xFF,0xFF,0xFF,0xFF,0xFF,0xFF,0xFF,0xFF,0xFF,0xFF,0xFF,0xFF,0xFF,0xFF,0xFF,0xFF,0xFF,0xFF,0xFF,0xFF,0xFF,0xFF,0xFF,0xFF,0xFF,0xFF,0xFF,0xFF,0xFF,0xFF,0xFF,0xFF,0xFF,0xFF,0xFF,0xFF,0xFF,0xFF,0xFF,0xFF,0xFF,0xFF,0xFF,0xFF,0xFF,0xFF,0xFF,0xFF,0xFF,0xFF,0xFF,0xFF,0xFF,0xFF,0xFF,0xFF,0xFF,0xFF,0xFF,0xFF,0xFF,0xFF,0xFF,0xFF,0xFF,0xFF,0xFF,0xFF,0xFF,0xFF,0xFF,0xFF,0xFF,0xFF,0xFF,0xFF,0xFF,0xFF,0xFF,0xFF,0xFF,0xFF,0xFF,0xFF,0xFF,0xFF,0xFF,0xFF,0xFF,0xFF,0xFF,0xFF,0xFF,0xFF,0xFF,0xFF,0xFF,0xFF,0xFF,0xFF,0xFF,0xFF,0xFF,0xFF,0xFF,0xFF,0xFF,0xFF,0xFF,0xFF,0xFF,0xFF,0xFF,0xFF,0xFF,0xFF,0xFF,0xFF,0xFF,0xFF,0xFF,0xFF,0xFF,0xFF,0xFF,0xFF,0xFF,0xFF,0xFF,0xFF,0xFF,0xFF,0xFF,0xFF,0xFF,0xFF,0xFF,0xFF,0xFF,0xFF,0xFF,0xFF,0xFF,0xFF,0xFF,0xFF,0xFF,0xFF,0xFF,0xFF,0xFF,0xFF,0xFF,0xFF,0xFF,0xFF,0xFF,0xFF,0xFF,0xFF,0xFF,0xFF,0xFF,0xFF,0xFF,0xFF,0xFF,0xFF,0xFF,0xFF,0xFF,0xFF,0xFF,0xFF,0xFF,0xFF,0xFF,0xFF,0xFF,0xFF,0xFF,0xFF,0xFF,0xFF,0xFF,0xFF,0xFF,0xFF,0xFF,0xFF,0xFF,0xFF,0xFF,0xFF,0xFF,0xFF,0xFF,0xFF,0xFF,0xFF,0xFF,0xFF,0xFF,0xFF,0xFF,0xFF,0xFF,0xFF,0xFF,0xFF,0xFF,0xFF,0xFF,0xFF,0xFF,0xFF,0xFF,0xFF,0xFF,0xFF,0xFF,0xFF,0xFF,0xFF,0xFF,0xFF,0xFF,0xFF,0xFF,0xFF,0xFF,0xFF,0xFF,0xFF,0xFF,0xFF,0xFF,0xFF,0xFF,0xFF,0xFF,0xFF,0xFF,0xFF,0xFF,0xFF,0xFF,0xFF,0xFF,0xFF,0xFF,0xFF,0xFF,0xFF,0xFF,0xFF,0xFF,0xFF,0xFF,0xFF,0xFF,0xFF,0xFF,0xFF,0xFF,0xFF,0xFF,0xFF,0xFF,0xFF,0xFF,0xFF,0xFF,0xFF,0xFF,0xFF,0xFF,0xFF,0xFF,0xFF,0xFF,0xFF,0xFF,0xFF,0xFF,0xFF,0xFF,0xFF,0xFF,0xFF,0xFF,0xFF,0xFF,0xFF,0xFF,0xFF,0xFF,0xFF,0xFF,0xFF,0xFF,0xFF,0xFF,0xFF,0xFF,0xFF,0xFF,0xFF,0xFF,0xFF,0xFF,0xFF,0xFF,0xFF,0xFF,0xFF,0xFF,0xFF,0xFF,0xFF,0xFF,0xFF,0xFF,0xFF,0xFF,0xFF,0xFF,0xFF,0xFF,0xFF,0xFF,0xFF,0xFF,0xFF,0xFF,0xFF,0xFF,0xFF,0xFF,0xFF,0xFF,0xFF,0xFF,0xFF,0xFF,0xFF,0xFF,0xFF,0xFF,0xFF,0xFF,0xFF,0xFF,0xFF,0xFF,0xFF,0xFF,0xFF,0xFF,0xFF,0xFF,0xFF,0xFF,0xFF,0xFF,0xFF,0xFF,0xFF,0xFF,0xFF,0xFF,0xFF,0xFF,0xFF,0xFF,0xFF,0xFF,0xFF,0xFF,0xFF,0xFF,0xFF,0xFF,0xFF,0xFF,0xFF,0xFF,0xFF,0xFF,0xFF,0xFF,0xFF,0xFF,0xFF,0xFF,0xFF,0xFF,0xFF,0xFF,0xFF,0xFF,0xFF,0xFF,0xFF,0xFF,0xFF,0xFF,0xFF,0xFF,0xFF,0xFF,0xFF,0xFF,0xFF,0xFF,0xFF,0xFF,0xFF,0xFF,0xFF,0xFF,0xFF,0xFF,0xFF,0xFF,0xFF,0xFF,0xFF,0xFF,0xFF,0xFF,0xFF,0xFF,0xFF,0xFF,0xFF,0xFF,0xFF,0xFF,0xFF,0xFF,0xFF,0xFF,0xFF,0xFF,0xFF,0xFF,0xFF,0xFF,0xFF,0xFF,0xFF,0xFF,0xFF,0xFF,0xFF,0xFF,0xFF,0xFF,0xFF,0xFF,0xFF,0xFF,0xFF,0xFF,0xFF,0xFF,0xFF,0xFF,0xFF,0xFF,0xFF,0xFF,0xFF,0xFF,0xFF,0xFF,0xFF,0xFF,0xFF,0xFF,0xFF,0xFF,0xFF,0xFF,0xFF,0xFF,0xFF,0xFF,0xFF,0xFF,0xFF,0xFF,0xFF,0xFF,0xFF,0xFF,0xFF,0xFF,0xFF,0xFF,0xFF,0xFF,0xFF,0xFF,0xFF,0xFF,0xFF,0xFF,0xFF,0xFF,0xFF,0xFF,0xFF,0xFF,0xFF,0xFF,0xFF,0xFF,0xFF,0xFF,0xFF,0xFF,0xFF,0xFF,0xFF,0xFF,0xFF,0xFF,0xFF,0xFF,0xFF,0xFF,0xFF,0xFF,0xFF,0xFF,0xFF,0xFF,0xFF,0xFF,0xFF,0xFF,0xFF,0xFF,0xFF,0xFF,0xFF,0xFF,0xFF,0xFF,0xFF,0xFF,0xFF,0xFF,0xFF,0xFF,0xFF,0xFF,0xFF,0xFF,0xFF,0xFF,0xFF,0xFF,0xFF,0xFF,0xFF,0xFF,0xFF,0xFF,0xFF,0xFF,0xFF,0xFF,0xFF,0xFF,0xFF,0xFF,0xFF,0xFF,0xFF,0xFF,0xFF,0xFF,0xFF,0xFF,0xFF,0xFF,0xFF,0xFF,0xFF,0xFF,0xFF,0xFF,0xFF,0xFF,0xFF,0xFF,0xFF,0xFF,0xFF,0xFF,0xFF,0xFF,0xFF,0xFF,0xFF,0xFF,0xFF,0xFF,0xFF,0xFF,0xFF,0xFF,0xFF,0xFF,0xFF,0xFF,0xFF,0xFF,0xFF,0xFF,0xFF,0xFF,0xFF,0xFF,0xFF,0xFF,0xFF,0xFF,0xFF,0xFF,0xFF,0xFF,0xFF,0xFF,0xFF,0xFF,0xFF,0xFF,0xFF,0xFF,0xFF,0xFF,0xFF,0xFF,0xFF,0xFF,0xFF,0xFF,0xFF,0xFF,0xFF,0xFF,0xFF,0xFF,0xFF,0xFF,0xFF,0xFF,0xFF,0xFF,0xFF,0xFF,0xFF,0xFF,0xFF,0xFF,0xFF,0xFF,0xFF,0xFF,0xFF,0xFF,0xFF,0xFF,0xFF,0xFF,0xFF,0xFF,0xFF,0xFF,0xFF,0xFF,0xFF,0xFF,0xFF,0xFF,0xFF,0xFF,0xFF,0xFF,0xFF,0xFF,0xFF,0xFF,0xFF,0xFF,0xFF,0xFF,0xFF,0xFF,0xFF,0xFF,0xFF,0xFF,0xFF,0xFF,0xFF,0xFF,0xFF,0xFF,0xFF,0xFF,0xFF,0xFF,0xFF,0xFF,0xFF,0xFF,0xFF,0xFF,0xFF,0xFF,0xFF,0xFF,0xFF,0xFF,0xFF,0xFF,0xFF,0xFF,0xFF,0xFF,0xFF,0xFF,0xFF,0xFF,0xFF,0xFF,0xFF,0xFF,0xFF,0xFF,0xFF,0xFF,0xFF,0xFF,0xFF,0xFF,0xFF,0xFF,0xFF,0xFF,0xFF,0xFF,0xFF,0xFF,0xFF,0xFF,0xFF,0xFF,0xFF,0xFF,0xFF,0xFF,0xFF,0xFF,0xFF,0xFF,0xFF,0xFF,0xFF,0xFF,0xFF,0xFF,0xFF,0xFF,0xFF,0xFF,0xFF,0xFF,0xFF,0xFF,0xFF,0xFF,0xFF,0xFF,0xFF,0xFF,0xFF,0xFF,0xFF,0xFF,0xFF,0xFF,0xFF,0xFF,0xFF,0xFF,0xFF,0xFF,0xFF,0xFF,0xFF,0xFF,0xFF,0xFF,0xFF,0xFF,0xFF,0xFF,0xFF,0xFF,0xFF,0xFF,0xFF,0xFF,0xFF,0xFF,0xFF,0xFF,0xFF,0xFF,0xFF,0xFF,0xFF,0xFF,0xFF,0xFF,0xFF,0xFF,0xFF,0xFF,0xFF,0xFF,0xFF,0xFF,0xFF,0xFF,0xFF,0xFF,0xFF,0xFF,0xFF,0xFF,0xFF,0xFF,0xFF,0xFF,0xFF,0xFF,0xFF,0xFF,0xFF,0xFF,0xFF,0xFF,0xFF,0xFF,0xFF,0xFF,0xFF,0xFF,0xFF,0xFF,0xFF,0xFF,0xFF,0xFF,0xFF,0xFF,0xFF,0xFF,0xFF,0xFF,0xFF,0xFF,0xFF,0xFF,0xFF,0xFF,0xFF,0xFF,0xFF,0xFF,0xFF,0xFF,0xFF,0xFF,0xFF,0xFF,0xFF,0xFF,0xFF,0xFF,0xFF,0xFF,0xFF,0xFF,0xFF,0xFF,0xFF,0xFF,0xFF,0xFF,0xFF,0xFF,0xFF,0xFF,0xFF,0xFF,0xFF,0xFF,0xFF,0xFF,0xFF,0xFF,0xFF,0xFF,0xFF,0xFF,0xFF,0xFF,0xFF,0xFF,0xFF,0xFF,0xFF,0xFF,0xFF,0xFF,0xFF,0xFF,0xFF,0xFF,0xFF,0xFF,0xFF,0xFF,0xFF,0xFF,0xFF,0xFF,0xFF,0xFF,0xFF,0xFF,0xFF,0xFF,0xFF,0xFF,0xFF,0xFF,0xFF,0xFF,0xFF,0xFF,0xFF,0xFF,0xFF,0xFF,0xFF,0xFF,0xFF,0xFF,0xFF,0xFF,0xFF,0xFF,0xFF,0xFF,0xFF,0xFF,0xFF,0xFF,0xFF,0xFF,0xFF,0xFF,0xFF,0xFF,0xFF,0xFF,0xFF,0xFF,0xFF,0xFF,0xFF,0xFF,0xFF,0xFF,0xFF,0xFF,0xFF,0xFF,0xFF,0xFF,0xFF,0xFF,0xFF,0xFF,0xFF,0xFF,0xFF,0xFF,0xFF,0xFF,0xFF,0xFF,0xFF,0xFF,0xFF,0xFF,0xFF,0xFF,0xFF,0xFF,0xFF,0xFF,0xFF,0xFF,0xFF,0xFF,0xFF,0xFF,0xFF,0xFF,0xFF,0xFF,0xFF,0xFF,0xFF,0xFF,0xFF,0xFF,0xFF,0xFF,0xFF,0xFF,0xFF,0xFF,0xFF,0xFF,0xFF,0xFF,0xFF,0xFF,0xFF,0xFF,0xFF,0xFF,0xFF,0xFF,0xFF,0xFF,0xFF,0xFF,0xFF,0xFF,0xFF,0xFF,0xFF,0xFF,0xFF,0xFF,0xFF,0xFF,0xFF,0xFF,0xFF,0xFF,0xFF,0xFF,0xFF,0xFF,0xFF,0xFF,0xFF,0xFF,0xFF,0xFF,0xFF,0xFF,0xFF,0xFF,0xFF,0xFF,0xFF,0xFF,0xFF,0xFF,0xFF,0xFF,0xFF,0xFF,0xFF,0xFF,0xFF,0xFF,0xFF,0xFF,0xFF,0xFF,0xFF,0xFF,0xFF,0xFF,0xFF,0xFF,0xFF,0xFF,0xFF,0xFF,0xFF,0xFF,0xFF,0xFF,0xFF,0xFF,0xFF,0xFF,0xFF,0xFF,0xFF,0xFF,0xFF,0xFF,0xFF,0xFF,0xFF,0xFF,0xFF,0xFF,0xFF,0xFF,0xFF,0xFF,0xFF,0xFF,0xFF,0xFF,0xFF,0xFF,0xFF,0xFF,0xFF,0xFF,0xFF,0xFF,0xFF,0xFF,0xFF,0xFF,0xFF,0xFF,0xFF,0xFF,0xFF,0xFF,0xFF,0xFF,0xFF,0xFF,0xFF,0xFF,0xFF,0xFF,0xFF,0xFF,0xFF,0xFF,0xFF,0xFF,0xFF,0xFF,0xFF,0xFF,0xFF,0xFF,0xFF,0xFF,0xFF,0xFF,0xFF,0xFF,0xFF,0xFF,0xFF,0xFF,0xFF,0xFF,0xFF,0xFF,0xFF,0xFF,0xFF,0xFF,0xFF,0xFF,0xFF,0xFF,0xFF,0xFF,0xFF,0xFF,0xFF,0xFF,0xFF,0xFF,0xFF,0xFF,0xFF,0xFF,0xFF,0xFF,0xFF,0xFF,0xFF,0xFF,0xFF,0xFF,0xFF,0xFF,0xFF,0xFF,0xFF,0xFF,0xFF,0xFF,0xFF,0xFF,0xFF,0xFF,0xFF,0xFF,0xFF,0xFF,0xFF,0xFF,0xFF,0xFF,0xFF,0xFF,0xFF,0xFF,0xFF,0xFF,0xFF,0xFF,0xFF,0xFF,0xFF,0xFF,0xFF,0xFF,0xFF,0xFF,0xFF,0xFF,0xFF,0xFF,0xFF,0xFF,0xFF,0xFF,0xFF,0xFF,0xFF,0xFF,0xFF,0xFF,0xFF,0xFF,0xFF,0xFF,0xFF,0xFF,0xFF,0xFF,0xFF,0xFF,0xFF,0xFF,0xFF,0xFF,0xFF,0xFF,0xFF,0xFF,0xFF,0xFF,0xFF,0xFF,0xFF,0xFF,0xFF,0xFF,0xFF,0xFF,0xFF,0xFF,0xFF,0xFF,0xFF,0xFF,0xFF,0xFF,0xFF,0xFF,0xFF,0xFF,0xFF,0xFF,0xFF,0xFF,0xFF,0xFF,0xFF,0xFF,0xFF,0xFF,0xFF,0xFF,0xFF,0xFF,0xFF,0xFF,0xFF,0xFF,0xFF,0xFF,0xFF,0xFF,0xFF,0xFF,0xFF,0xFF,0xFF,0xFF,0xFF,0xFF,0xFF,0xFF,0xFF,0xFF,0xFF,0xFF,0xFF,0xFF,0xFF,0xFF,0xFF,0xFF,0xFF,0xFF,0xFF,0xFF,0xFF,0xFF,0xFF,0xFF,0xFF,0xFF,0xFF,0xFF,0xFF,0xFF,0xFF,0xFF,0xFF,0xFF,0xFF,0xFF,0xFF,0xFF,0xFF,0xFF,0xFF,0xFF,0xFF,0xFF,0xFF,0xFF,0xFF,0xFF,0xFF,0xFF,0xFF,0xFF,0xFF,0xFF,0xFF,0xFF,0xFF,0xFF,0xFF,0xFF,0xFF,0xFF,0xFF,0xFF,0xFF,0xFF,0xFF,0xFF,0xFF,0xFF,0xFF,0xFF,0xFF,0xFF,0xFF,0xFF,0xFF,0xFF,0xFF,0xFF,0xFF,0xFF,0xFF,0xFF,0xFF,0xFF,0xFF,0xFF,0xFF,0xFF,0xFF,0xFF,0xFF,0xFF,0xFF,0xFF,0xFF,0xFF,0xFF,0xFF,0xFF,0xFF,0xFF,0xFF,0xFF,0xFF,0xFF,0xFF,0xFF,0xFF,0xFF,0xFF,0xFF,0xFF,0xFF,0xFF,0xFF,0xFF,0xFF,0xFF,0xFF,0xFF,0xFF,0xFF,0xFF,0xFF,0xFF,0xFF,0xFF,0xFF,0xFF,0xFF,0xFF,0xFF,0xFF,0xFF,0xFF,0xFF,0xFF,0xFF,0xFF,0xFF,0xFF,0xFF,0xFF,0xFF,0xFF,0xFF,0xFF,0xFF,0xFF,0xFF,0xFF,0xFF,0xFF,0xFF,0xFF,0xFF,0xFF,0xFF,0xFF,0xFF,0xFF,0xFF,0xFF,0xFF,0xFF,0xFF,0xFF,0xFF,0xFF,0xFF,0xFF,0xFF,0xFF,0xFF,0xFF,0xFF,0xFF,0xFF,0xFF,0xFF,0xFF,0xFF,0xFF,0xFF,0xFF,0xFF,0xFF,0xFF,0xFF,0xFF,0xFF,0xFF,0xFF,0xFF,0xFF,0xFF,0xFF,0xFF,0xFF,0xFF,0xFF,0xFF,0xFF,0xFF,0xFF,0xFF,0xFF,0xFF,0xFF,0xFF,0xFF,0xFF,0xFF,0xFF,0xFF,0xFF,0xFF,0xFF,0xFF,0xFF,0xFF,0xFF,0xFF,0xFF,0xFF,0xFF,0xFF,0xFF,0xFF,0xFF,0xFF,0xFF,0xFF,0xFF,0xFF,0xFF,0xFF,0xFF,0xFF,0xFF,0xFF,0xFF,0xFF,0xFF,0xFF,0xFF,0xFF,0xFF,0xFF,0xFF,0xFF,0xFF,0xFF,0xFF,0xFF,0xFF,0xFF,0xFF,0xFF,0xFF,0xFF,0xFF,0xFF,0xFF,0xFF,0xFF,0xFF,0xFF,0xFF,0xFF,0xFF,0xFF,0xFF,0xFF,0xFF,0xFF,0xFF,0xFF,0xFF,0xFF,0xFF,0xFF,0xFF,0xFF,0xFF,0xFF,0xFF,0xFF,0xFF,0xFF,0xFF,0xFF,0xFF,0xFF,0xFF,0xFF,0xFF,0xFF,0xFF,0xFF,0xFF,0xFF,0xFF,0xFF,0xFF,0xFF,0xFF,0xFF,0xFF,0xFF,0xFF,0xFF,0xFF,0xFF,0xFF,0xFF,0xFF,0xFF,0xFF,0xFF,0xFF,0xFF,0xFF,0xFF,0xFF,0xFF,0xFF,0xFF,0xFF,0xFF,0xFF,0xFF,0xFF,0xFF,0xFF,0xFF,0xFF,0xFF,0xFF,0xFF,0xFF,0xFF,0xFF,0xFF,0xFF,0xFF,0xFF,0xFF,0xFF,0xFF,0xFF,0xFF,0xFF,0xFF,0xFF,0xFF,0xFF,0xFF,0xFF,0xFF,0xFF,0xFF,0xFF,0xFF,0xFF,0xFF,0xFF,0xFF,0xFF,0xFF,0xFF,0xFF,0xFF,0xFF,0xFF,0xFF,0xFF,0xFF,0xFF,0xFF,0xFF,0xFF,0xFF,0xFF,0xFF,0xFF,0xFF,0xFF,0xFF,0xFF,0xFF,0xFF,0xFF,0xFF,0xFF,0xFF,0xFF,0xFF,0xFF,0xFF,0xFF,0xFF,0xFF,0xFF,0xFF,0xFF,0xFF,0xFF,0xFF,0xFF,0xFF,0xFF,0xFF,0xFF,0xFF,0xFF,0xFF,0xFF,0xFF,0xFF,0xFF,0xFF,0xFF,0xFF,0xFF,0xFF,0xFF,0xFF,0xFF,0xFF,0xFF,0xFF,0xFF,0xFF,0xFF,0xFF,0xFF,0xFF,0xFF,0xFF,0xFF,0xFF,0xFF,0xFF,0xFF,0xFF,0xFF,0xFF,0xFF,0xFF,0xFF,0xFF,0xFF,0xFF,0xFF,0xFF,0xFF,0xFF,0xFF,0xFF,0xFF,0xFF,0xFF,0xFF,0xFF,0xFF,0xFF,0xFF,0xFF,0xFF,0xFF,0xFF,0xFF,0xFF,0xFF,0xFF,0xFF,0xFF,0xFF,0xFF,0xFF,0xFF,0xFF,0xFF,0xFF,0xFF,0xFF,0xFF,0xFF,0xFF,0xFF,0xFF,0xFF,0xFF,0xFF,0xFF,0xFF,0xFF,0xFF,0xFF,0xFF,0xFF,0xFF,0xFF,0xFF,0xFF,0xFF,0xFF,0xFF,0xFF,0xFF,0xFF,0xFF,0xFF,0xFF,0xFF,0xFF,0xFF,0xFF,0xFF,0xFF,0xFF,0xFF,0xFF,0xFF,0xFF,0xFF,0xFF,0xFF,0xFF,0xFF,0xFF,0xFF,0xFF,0xFF,0xFF,0xFF,0xFF,0xFF,0xFF,0xFF,0xFF,0xFF,0xFF,0xFF,0xFF,0xFF,0xFF,0xFF,0xFF,0xFF,0xFF,0xFF,0xFF,0xFF,0xFF,0xFF,0xFF,0xFF,0xFF,0xFF,0xFF,0xFF,0xFF,0xFF,0xFF,0xFF,0xFF,0xFF,0xFF,0xFF,0xFF,0xFF,0xFF,0xFF,0xFF,0xFF,0xFF,0xFF,0xFF,0xFF,0xFF,0xFF,0xFF,0xFF,0xFF,0xFF,0xFF,0xFF,0xFF,0xFF,0xFF,0xFF,0xFF,0xFF,0xFF,0xFF,0xFF,0xFF,0xFF,0xFF,0xFF,0xFF,0xFF,0xFF,0xFF,0xFF,0xFF,0xFF,0xFF,0xFF,0xFF,0xFF,0xFF,0xFF,0xFF,0xFF,0xFF,0xFF,0xFF,0xFF,0xFF,0xFF,0xFF,0xFF,0xFF,0xFF,0xFF,0xFF,0xFF,0xFF,0xFF,0xFF,0xFF,0xFF,0xFF,0xFF,0xFF,0xFF,0xFF,0xFF,0xFF,0xFF,0xFF,0xFF,0xFF,0xFF,0xFF,0xFF,0xFF,0xFF,0xFF,0xFF,0xFF,0xFF,0xFF,0xFF,0xFF,0xFF,0xFF,0xFF,0xFF,0xFF,0xFF,0xFF,0xFF,0xFF,0xFF,0xFF,0xFF,0xFF,0xFF,0xFF,0xFF,0xFF,0xFF,0xFF,0xFF,0xFF,0xFF,0xFF,0xFF,0xFF,0xFF,0xFF,0xFF,0xFF,0xFF,0xFF,0xFF,0xFF,0xFF,0xFF,0xFF,0xFF,0xFF,0xFF,0xFF,0xFF,0xFF,0xFF,0xFF,0xFF,0xFF,0xFF,0xFF,0xFF,0xFF,0xFF,0xFF,0xFF,0xFF,0xFF,0xFF,0xFF,0xFF,0xFF,0xFF,0xFF,0xFF,0xFF,0xFF,0xFF,0xFF,0xFF,0xFF,0xFF,0xFF,0xFF,0xFF,0xFF,0xFF,0xFF,0xFF,0xFF,0xFF,0xFF,0xFF,0xFF,0xFF,0xFF,0xFF,0xFF,0xFF,0xFF,0xFF,0xFF,0xFF,0xFF,0xFF,0xFF,0xFF,0xFF,0xFF,0xFF,0xFF,0xFF,0xFF,0xFF,0xFF,0xFF,0xFF,0xFF,0xFF,0xFF,0xFF,0xFF,0xFF,0xFF,0xFF,0xFF,0xFF,0xFF,0xFF,0xFF,0xFF,0xFF,0xFF,0xFF,0xFF,0xFF,0xFF,0xFF,0xFF,0xFF,0xFF,0xFF,0xFF,0xFF,0xFF,0xFF,0xFF,0xFF,0xFF,0xFF,0xFF,0xFF,0xFF,0xFF,0xFF,0xFF,0xFF,0xFF,0xFF,0xFF,0xFF,0xFF,0xFF,0xFF,0xFF,0xFF,0xFF,0xFF,0xFF,0xFF,0xFF,0xFF,0xFF,0xFF,0xFF,0xFF,0xFF,0xFF,0xFF,0xFF,0xFF,0xFF,0xFF,0xFF,0xFF,0xFF,0xFF,0xFF,0xFF,0xFF,0xFF,0xFF,0xFF,0xFF,0xFF,0xFF,0xFF,0xFF,0xFF,0xFF,0xFF,0xFF,0xFF,0xFF,0xFF,0xFF,0xFF,0xFF,0xFF,0xFF,0xFF,0xFF,0xFF,0xFF,0xFF,0xFF,0xFF,0xFF,0xFF,0xFF,0xFF,0xFF,0xFF,0xFF,0xFF,0xFF,0xFF,0xFF,0xFF,0xFF,0xFF,0xFF,0xFF,0xFF,0xFF,0xFF,0xFF,0xFF,0xFF,0xFF,0xFF,0xFF,0xFF,0xFF,0xFF,0xFF,0xFF,0xFF,0xFF,0xFF,0xFF,0xFF,0xFF,0xFF,0xFF,0xFF,0xFF,0xFF,0xFF,0xFF,0xFF,0xFF,0xFF,0xFF,0xFF,0xFF,0xFF,0xFF,0xFF,0xFF,0xFF,0xFF,0xFF,0xFF,0xFF,0xFF,0xFF,0xFF,0xFF,0xFF,0xFF,0xFF,0xFF,0xFF,0xFF,0xFF,0xFF,0xFF,0xFF,0xFF,0xFF,0xFF,0xFF,0xFF,0xFF,0xFF,0xFF,0xFF,0xFF,0xFF,0xFF,0xFF,0xFF,0xFF,0xFF,0xFF,0xFF,0xFF,0xFF,0xFF,0xFF,0xFF,0xFF,0xFF,0xFF,0xFF,0xFF,0xFF,0xFF,0xFF,0xFF,0xFF,0xFF,0xFF,0xFF,0xFF,0xFF,0xFF,0xFF,0xFF,0xFF,0xFF,0xFF,0xFF,0xFF,0xFF,0xFF,0xFF,0xFF,0xFF,0xFF,0xFF,0xFF,0xFF,0xFF,0xFF,0xFF,0xFF,0xFF,0xFF,0xFF,0xFF,0xFF,0xFF,0xFF,0xFF,0xFF,0xFF,0xFF,0xFF,0xFF,0xFF,0xFF,0xFF,0xFF,0xFF,0xFF,0xFF,0xFF,0xFF,0xFF,0xFF,0xFF,0xFF,0xFF,0xFF,0xFF,0xFF,0xFF,0xFF,0xFF,0xFF,0xFF,0xFF,0xFF,0xFF,0xFF,0xFF,0xFF,0xFF,0xFF,0xFF,0xFF,0xFF,0xFF,0xFF,0xFF,0xFF,0xFF,0xFF,0xFF,0xFF,0xFF,0xFF,0xFF,0xFF,0xFF,0xFF,0xFF,0xFF,0xFF,0xFF,0xFF,0xFF,0xFF,0xFF,0xFF,0xFF,0xFF,0xFF,0xFF,0xFF,0xFF,0xFF,0xFF,0xFF,0xFF,0xFF,0xFF,0xFF,0xFF,0xFF,0xFF,0xFF,0xFF,0xFF,0xFF,0xFF,0xFF,0xFF,0xFF,0xFF,0xFF,0xFF,0xFF,0xFF,0xFF,0xFF,0xFF,0xFF,0xFF,0xFF,0xFF,0xFF,0xFF,0xFF,0xFF,0xFF,0xFF,0xFF,0xFF,0xFF,0xFF,0xFF,0xFF,0xFF,0xFF,0xFF,0xFF,0xFF,0xFF,0xFF,0xFF,0xFF,0xFF,0xFF,0xFF,0xFF,0xFF,0xFF,0xFF,0xFF,0xFF,0xFF,0xFF,0xFF,0xFF,0xFF,0xFF,0xFF,0xFF,0xFF,0xFF,0xFF,0xFF,0xFF,0xFF,0xFF,0xFF,0xFF,0xFF,0xFF,0xFF,0xFF,0xFF,0xFF,0xFF,0xFF,0xFF,0xFF,0xFF,0xFF,0xFF,0xFF,0xFF,0xFF,0xFF,0xFF,0xFF,0xFF,0xFF,0xFF,0xFF,0xFF,0xFF,0xFF,0xFF,0xFF,0xFF,0xFF,0xFF,0xFF,0xFF,0xFF,0xFF,0xFF,0xFF,0xFF,0xFF,0xFF,0xFF,0xFF,0xFF,0xFF,0xFF,0xFF,0xFF,0xFF,0xFF,0xFF,0xFF,0xFF,0xFF,0xFF,0xFF,0xFF,0xFF,0xFF,0xFF,0xFF,0xFF,0xFF,0xFF,0xFF,0xFF,0xFF,0xFF,0xFF,0xFF,0xFF,0xFF,0xFF,0xFF,0xFF,0xFF,0xFF,0xFF,0xFF,0xFF,0xFF,0xFF,0xFF,0xFF,0xFF,0xFF,0xFF,0xFF,0xFF,0xFF,0xFF,0xFF,0xFF,0xFF,0xFF,0xFF,0xFF,0xFF,0xFF,0xFF,0xFF,0xFF,0xFF,0xFF,0xFF,0xFF,0xFF,0xFF,0xFF,0xFF,0xFF,0xFF,0xFF,0xFF,0xFF,0xFF,0xFF,0xFF,0xFF,0xFF,0xFF,0xFF,0xFF,0xFF,0xFF,0xFF,0xFF,0xFF,0xFF,0xFF,0xFF,0xFF,0xFF,0xFF,0xFF,0xFF,0xFF,0xFF,0xFF,0xFF,0xFF,0xFF,0xFF,0xFF,0xFF,0xFF,0xFF,0xFF,0xFF,0xFF,0xFF,0xFF,0xFF,0xFF,0xFF,0xFF,0xFF,0xFF,0xFF,0xFF,0xFF,0xFF,0xFF,0xFF,0xFF,0xFF,0xFF,0xFF,0xFF,0xFF,0xFF,0xFF,0xFF,0xFF,0xFF,0xFF,0xFF,0xFF,0xFF,0xFF,0xFF,0xFF,0xFF,0xFF,0xFF,0xFF,0xFF,0xFF,0xFF,0xFF,0xFF,0xFF,0xFF,0xFF,0xFF,0xFF,0xFF,0xFF,0xFF,0xFF,0xFF,0xFF,0xFF,0xFF,0xFF,0xFF,0xFF,0xFF,0xFF,0xFF,0xFF,0xFF,0xFF,0xFF,0xFF,0xFF,0xFF,0xFF,0xFF,0xFF,0xFF,0xFF,0xFF,0xFF,0xFF,0xFF,0xFF,0xFF,0xFF,0xFF,0xFF,0xFF,0xFF,0xFF,0xFF,0xFF,0xFF,0xFF,0xFF,0xFF,0xFF,0xFF,0xFF,0xFF,0xFF,0xFF,0xFF,0xFF,0xFF,0xFF,0xFF,0xFF,0xFF,0xFF,0xFF,0xFF,0xFF,0xFF,0xFF,0xFF,0xFF,0xFF,0xFF,0xFF,0xFF,0xFF,0xFF,0xFF,0xFF,0xFF,0xFF,0xFF,0xFF,0xFF,0xFF,0xFF,0xFF,0xFF,0xFF,0xFF,0xFF,0xFF,0xFF,0xFF,0xFF,0xFF,0xFF,0xFF,0xFF,0xFF,0xFF,0xFF,0xFF,0xFF,0xFF,0xFF,0xFF,0xFF,0xFF,0xFF,0xFF,0xFF,0xFF,0xFF,0xFF,0xFF,0xFF,0xFF,0xFF,0xFF,0xFF,0xFF,0xFF,0xFF,0xFF,0xFF,0xFF,0xFF,0xFF,0xFF,0xFF,0xFF,0xFF,0xFF,0xFF,0xFF,0xFF,0xFF,0xFF,0xFF,0xFF,0xFF,0xFF,0xFF,0xFF,0xFF,0xFF,0xFF,0xFF,0xFF,0xFF,0xFF,0xFF,0xFF,0xFF,0xFF,0xFF,0xFF,0xFF,0xFF,0xFF,0xFF,0xFF,0xFF,0xFF,0xFF,0xFF,0xFF,0xFF,0xFF,0xFF,0xFF,0xFF,0xFF,0xFF,0xFF,0xFF,0xFF,0xFF,0xFF,0xFF,0xFF,0xFF,0xFF,0xFF,0xFF,0xFF,0xFF,0xFF,0xFF,0xFF,0xFF,0xFF,0xFF,0xFF,0xFF,0xFF,0xFF,0xFF,0xFF,0xFF,0xFF,0xFF,0xFF,0xFF,0xFF,0xFF,0xFF,0xFF,0xFF,0xFF,0xFF,0xFF,0xFF,0xFF,0xFF,0xFF,0xFF,0xFF,0xFF,0xFF,0xFF,0xFF,0xFF,0xFF,0xFF,0xFF,0xFF,0xFF,0xFF,0xFF,0xFF,0xFF,0xFF,0xFF,0xFF,0xFF,0xFF,0xFF,0xFF,0xFF,0xFF,0xFF,0xFF,0xFF,0xFF,0xFF,0xFF,0xFF,0xFF,0xFF,0xFF,0xFF,0xFF,0xFF,0xFF,0xFF,0xFF,0xFF,0xFF,0xFF,0xFF,0xFF,0xFF,0xFF,0xFF,0xFF,0xFF,0xFF,0xFF,0xFF,0xFF,0xFF,0xFF,0xFF,0xFF,0xFF,0xFF,0xFF,0xFF,0xFF,0xFF,0xFF,0xFF,0xFF,0xFF,0xFF,0xFF,0xFF,0xFF,0xFF,0xFF,0xFF,0xFF,0xFF,0xFF,0xFF,0xFF,0xFF,0xFF,0xFF,0xFF,0xFF,0xFF,0xFF,0xFF,0xFF,0xFF,0xFF,0xFF,0xFF,0xFF,0xFF,0xFF,0xFF,0xFF,0xFF,0xFF,0xFF,0xFF,0xFF,0xFF,0xFF,0xFF,0xFF,0xFF,0xFF,0xFF,0xFF,0xFF,0xFF,0xFF,0xFF,0xFF,0xFF,0xFF,0xFF,0xFF,0xFF,0xFF,0xFF,0xFF,0xFF,0xFF,0xFF,0xFF,0xFF,0xFF,0xFF,0xFF,0xFF,0xFF,0xFF,0xFF,0xFF,0xFF,0xFF,0xFF,0xFF,0xFF,0xFF,0xFF,0xFF,0xFF,0xFF,0xFF,0xFF,0xFF,0xFF,0xFF,0xFF,0xFF,0xFF,0xFF,0xFF,0xFF,0xFF,0xFF,0xFF,0xFF,0xFF,0xFF,0xFF,0xFF,0xFF,0xFF,0xFF,0xFF,0xFF,0xFF,0xFF,0xFF,0xFF,0xFF,0xFF,0xFF,0xFF,0xFF,0xFF,0xFF,0xFF,0xFF,0xFF,0xFF,0xFF,0xFF,0xFF,0xFF,0xFF,0xFF,0xFF,0xFF,0xFF,0xFF,0xFF,0xFF,0xFF,0xFF,0xFF,0xFF,0xFF,0xFF,0xFF,0xFF,0xFF,0xFF,0xFF,0xFF,0xFF,0xFF,0xFF,0xFF,0xFF,0xFF,0xFF,0xFF,0xFF,0xFF,0xFF,0xFF,0xFF,0xFF,0xFF,0xFF,0xFF,0xFF,0xFF,0xFF,0xFF,0xFF,0xFF,0xFF,0xFF,0xFF,0xFF,0xFF,0xFF,0xFF,0xFF,0xFF,0xFF,0xFF,0xFF,0xFF,0xFF,0xFF,0xFF,0xFF,0xFF,0xFF,0xFF,0xFF,0xFF,0xFF,0xFF,0xFF,0xFF,0xFF,0xFF,0xFF,0xFF,0xFF,0xFF,0xFF,0xFF,0xFF,0xFF,0xFF,0xFF,0xFF,0xFF,0xFF,0xFF,0xFF,0xFF,0xFF,0xFF,0xFF,0xFF,0xFF,0xFF,0xFF,0xFF,0xFF,0xFF,0xFF,0xFF,0xFF,0xFF,0xFF,0xFF,0xFF,0xFF,0xFF,0xFF,0xFF,0xFF,0xFF,0xFF,0xFF,0xFF,0xFF,0xFF,0xFF,0xFF,0xFF,0xFF,0xFF,0xFF,0xFF,0xFF,0xFF,0xFF,0xFF,0xFF,0xFF,0xFF,0xFF,0xFF,0xFF,0xFF,0xFF,0xFF,0xFF,0xFF,0xFF,0xFF,0xFF,0xFF,0xFF,0xFF,0xFF,0xFF,0xFF,0xFF,0xFF,0xFF,0xFF,0xFF,0xFF,0xFF,0xFF,0xFF,0xFF,0xFF,0xFF,0xFF,0xFF,0xFF,0xFF,0xFF,0xFF,0xFF,0xFF,0xFF,0xFF,0xFF,0xFF,0xFF,0xFF,0xFF,0xFF,0xFF,0xFF,0xFF,0xFF,0xFF,0xFF,0xFF,0xFF,0xFF,0xFF,0xFF,0xFF,0xFF,0xFF,0xFF,0xFF,0xFF,0xFF,0xFF,0xFF,0xFF,0xFF,0xFF,0xFF,0xFF,0xFF,0xFF,0xFF,0xFF,0xFF,0xFF,0xFF,0xFF,0xFF,0xFF,0xFF,0xFF,0xFF,0xFF,0xFF,0xFF,0xFF,0xFF,0xFF,0xFF,0xFF,0xFF,0xFF,0xFF,0xFF,0xFF,0xFF,0xFF,0xFF,0xFF,0xFF,0xFF,0xFF,0xFF,0xFF,0xFF,0xFF,0xFF,0xFF,0xFF,0xFF,0xFF,0xFF,0xFF,0xFF,0xFF,0xFF,0xFF,0xFF,0xFF,0xFF,0xFF,0xFF,0xFF,0xFF,0xFF,0xFF,0xFF,0xFF,0xFF,0xFF,0xFF,0xFF,0xFF,0xFF,0xFF,0xFF,0xFF,0xFF,0xFF,0xFF,0xFF,0xFF,0xFF,0xFF,0xFF,0xFF,0xFF,0xFF,0xFF,0xFF,0xFF,0xFF,0xFF,0xFF,0xFF,0xFF,0xFF,0xFF,0xFF,0xFF,0xFF,0xFF,0xFF,0xFF,0xFF,0xFF,0xFF,0xFF,0xFF,0xFF,0xFF,0xFF,0xFF,0xFF,0xFF,0xFF,0xFF,0xFF,0xFF,0xFF,0xFF,0xFF,0xFF,0xFF,0xFF,0xFF,0xFF,0xFF,0xFF,0xFF,0xFF,0xFF,0xFF,0xFF,0xFF,0xFF,0xFF,0xFF,0xFF,0xFF,0xFF,0xFF,0xFF,0xFF,0xFF,0xFF,0xFF,0xFF,0xFF,0xFF,0xFF,0xFF,0xFF,0xFF,0xFF,0xFF,0xFF,0xFF,0xFF,0xFF,0xFF,0xFF,0xFF,0xFF,0xFF,0xFF,0xFF,0xFF,0xFF,0xFF,0xFF,0xFF,0xFF,0xFF,0xFF,0xFF,0xFF,0xFF,0xFF,0xFF,0xFF,0xFF,0xFF,0xFF,0xFF,0xFF,0xFF,0xFF,0xFF,0xFF,0xFF,0xFF,0xFF,0xFF,0xFF,0xFF,0xFF,0xFF,0xFF,0xFF,0xFF,0xFF,0xFF,0xFF,0xFF,0xFF,0xFF,0xFF,0xFF,0xFF,0xFF,0xFF,0xFF,0xFF,0xFF,0xFF,0xFF,0xFF,0xFF,0xFF,0xFF,0xFF,0xFF,0xFF,0xFF,0xFF,0xFF,0xFF,0xFF,0xFF,0xFF,0xFF,0xFF,0xFF,0xFF,0xFF,0xFF,0xFF,0xFF,0xFF,0xFF,0xFF,0xFF,0xFF,0xFF,0xFF,0xFF,0xFF,0xFF,0xFF,0xFF,0xFF,0xFF,0xFF,0xFF,0xFF,0xFF,0xFF,0xFF,0xFF,0xFF,0xFF,0xFF,0xFF,0xFF,0xFF,0xFF,0xFF,0xFF,0xFF,0xFF,0xFF,0xFF,0xFF,0xFF,0xFF,0xFF,0xFF,0xFF,0xFF,0xFF,0xFF,0xFF,0xFF,0xFF,0xFF,0xFF,0xFF,0xFF,0xFF,0xFF,0xFF,0xFF,0xFF,0xFF,0xFF,0xFF,0xFF,0xFF,0xFF,0xFF,0xFF,0xFF,0xFF,0xFF,0xFF,0xFF,0xFF,0xFF,0xFF,0xFF,0xFF,0xFF,0xFF,0xFF,0xFF,0xFF,0xFF,0xFF,0xFF,0xFF,0xFF,0xFF,0xFF,0xFF,0xFF,0xFF,0xFF,0xFF,0xFF,0xFF,0xFF,0xFF,0xFF,0xFF,0xFF,0xFF,0xFF,0xFF,0xFF,0xFF,0xFF,0xFF,0xFF,0xFF,0xFF,0xFF,0xFF,0xFF,0xFF,0xFF,0xFF,0xFF,0xFF,0xFF,0xFF,0xFF,0xFF,0xFF,0xFF,0xFF,0xFF,0xFF,0xFF,0xFF,0xFF,0xFF,0xFF,0xFF,0xFF,0xFF,0xFF,0xFF,0xFF,0xFF,0xFF,0xFF,0xFF,0xFF,0xFF,0xFF,0xFF,0xFF,0xFF,0xFF,0xFF,0xFF,0xFF,0xFF,0xFF,0xFF,0xFF,0xFF,0xFF,0xFF,0xFF,0xFF,0xFF,0xFF,0xFF,0xFF,0xFF,0xFF,0xFF,0xFF,0xFF,0xFF,0xFF,0xFF,0xFF,0xFF,0xFF,0xFF,0xFF,0xFF,0xFF,0xFF,0xFF,0xFF,0xFF,0xFF,0xFF,0xFF,0xFF,0xFF,0xFF,0xFF,0xFF,0xFF,0xFF,0xFF,0xFF,0xFF,0xFF,0xFF,0xFF,0xFF,0xFF,0xFF,0xFF,0xFF,0xFF,0xFF,0xFF,0xFF,0xFF,0xFF,0xFF,0xFF,0xFF,0xFF,0xFF,0xFF,0xFF,0xFF,0xFF,0xFF,0xFF,0xFF,0xFF,0xFF,0xFF,0xFF,0xFF,0xFF,0xFF,0xFF,0xFF,0xFF,0xFF,0xFF,0xFF,0xFF,0xFF,0xFF,0xFF,0xFF,0xFF,0xFF,0xFF,0xFF,0xFF,0xFF,0xFF,0xFF,0xFF,0xFF,0xFF,0xFF,0xFF,0xFF,0xFF,0xFF,0xFF,0xFF,0xFF,0xFF,0xFF,0xFF,0xFF,0xFF,0xFF,0xFF,0xFF,0xFF,0xFF,0xFF,0xFF,0xFF,0xFF,0xFF,0xFF,0xFF,0xFF,0xFF,0xFF,0xFF,0xFF,0xFF,0xFF,0xFF,0xFF,0xFF,0xFF,0xFF,0xFF,0xFF,0xFF,0xFF,0xFF,0xFF,0xFF,0xFF,0xFF,0xFF,0xFF,0xFF,0xFF,0xFF,0xFF,0xFF,0xFF,0xFF,0xFF,0xFF,0xFF,0xFF,0xFF,0xFF,0xFF,0xFF,0xFF,0xFF,0xFF,0xFF,0xFF,0xFF,0xFF,0xFF,0xFF,0xFF,0xFF,0xFF,0xFF,0xFF,0xFF,0xFF,0xFF,0xFF,0xFF,0xFF,0xFF,0xFF,0xFF,0xFF,0xFF,0xFF,0xFF,0xFF,0xFF,0xFF,0xFF,0xFF,0xFF,0xFF,0xFF,0xFF,0xFF,0xFF,0xFF,0xFF,0xFF,0xFF,0xFF,0xFF,0xFF,0xFF,0xFF,0xFF,0xFF,0xFF,0xFF,0xFF,0xFF,0xFF,0xFF,0xFF,0xFF,0xFF,0xFF,0xFF,0xFF,0xFF,0xFF,0xFF,0xFF,0xFF,0xFF,0xFF,0xFF,0xFF,0xFF,0xFF,0xFF,0xFF,0xFF,0xFF,0xFF,0xFF,0xFF,0xFF,0xFF,0xFF,0xFF,0xFF,0xFF,0xFF,0xFF,0xFF,0xFF,0xFF,0xFF,0xFF,0xFF,0xFF,0xFF,0xFF,0xFF,0xFF,0xFF,0xFF,0xFF,0xFF,0xFF,0xFF,0xFF,0xFF,0xFF,0xFF,0xFF,0xFF,0xFF,0xFF,0xFF,0xFF,0xFF,0xFF,0xFF,0xFF,0xFF,0xFF,0xFF,0xFF,0xFF,0xFF,0xFF,0xFF,0xFF,0xFF,0xFF,0xFF,0xFF,0xFF,0xFF,0xFF,0xFF,0xFF,0xFF,0xFF,0xFF,0xFF,0xFF,0xFF,0xFF,0xFF,0xFF,0xFF,0xFF,0xFF,0xFF,0xFF,0xFF,0xFF,0xFF,0xFF,0xFF,0xFF,0xFF,0xFF,0xFF,0xFF,0xFF,0xFF,0xFF,0xFF,0xFF,0xFF,0xFF,0xFF,0xFF,0xFF,0xFF,0xFF,0xFF,0xFF,0xFF,0xFF,0xFF,0xFF,0xFF,0xFF,0xFF,0xFF,0xFF,0xFF,0xFF,0xFF,0xFF,0xFF,0xFF,0xFF,0xFF,0xFF,0xFF,0xFF,0xFF,0xFF,0xFF,0xFF,0xFF,0xFF,0xFF,0xFF,0xFF,0xFF,0xFF,0xFF,0xFF,0xFF,0xFF,0xFF,0xFF,0xFF,0xFF,0xFF,0xFF,0xFF,0xFF,0xFF,0xFF,0xFF,0xFF,0xFF,0xFF,0xFF,0xFF,0xFF,0xFF,0xFF,0xFF,0xFF,0xFF,0xFF,0xFF,0xFF,0xFF,0xFF,0xFF,0xFF,0xFF,0xFF,0xFF,0xFF,0xFF,0xFF,0xFF,0xFF,0xFF,0xFF,0xFF,0xFF,0xFF,0xFF,0xFF,0xFF,0xFF,0xFF,0xFF,0xFF,0xFF,0xFF,0xFF,0xFF,0xFF,0xFF,0xFF,0xFF,0xFF,0xFF,0xFF,0xFF,0xFF,0xFF,0xFF,0xFF,0xFF,0xFF,0xFF,0xFF,0xFF,0xFF,0xFF,0xFF,0xFF,0xFF,0xFF,0xFF,0xFF,0xFF,0xFF,0xFF,0xFF,0xFF,0xFF,0xFF,0xFF,0xFF,0xFF,0xFF,0xFF,0xFF,0xFF,0xFF,0xFF,0xFF,0xFF,0xFF,0xFF,0xFF,0xFF,0xFF,0xFF,0xFF,0xFF,0xFF,0xFF,0xFF,0xFF,0xFF,0xFF,0xFF,0xFF,0xFF,0xFF,0xFF,0xFF,0xFF,0xFF,0xFF,0xFF,0xFF,0xFF,0xFF,0xFF,0xFF,0xFF,0xFF,0xFF,0xFF,0xFF,0xFF,0xFF,0xFF,0xFF,0xFF,0xFF,0xFF,0xFF,0xFF,0xFF,0xFF,0xFF,0xFF,0xFF,0xFF,0xFF,0xFF,0xFF,0xFF,0xFF,0xFF,0xFF,0xFF,0xFF,0xFF,0xFF,0xFF,0xFF,0xFF,0xFF,0xFF,0xFF,0xFF,0xFF,0xFF,0xFF,0xFF,0xFF,0xFF,0xFF,0xFF,0xFF,0xFF,0xFF,0xFF,0xFF,0xFF,0xFF,0xFF,0xFF,0xFF,0xFF,0xFF,0xFF,0xFF,0xFF,0xFF,0xFF,0xFF,0xFF,0xFF,0xFF,0xFF,0xFF,0xFF,0xFF,0xFF,0xFF,0xFF,0xFF,0xFF,0xFF,0xFF,0xFF,0xFF,0xFF,0xFF,0xFF,0xFF,0xFF,0xFF,0xFF,0xFF,0xFF,0xFF,0xFF,0xFF,0xFF,0xFF,0xFF,0xFF,0xFF,0xFF,0xFF,0xFF,0xFF,0xFF,0xFF,0xFF,0xFF,0xFF,0xFF,0xFF,0xFF,0xFF,0xFF,0xFF,0xFF,0xFF,0xFF,0xFF,0xFF,0xFF,0xFF,0xFF,0xFF,0xFF,0xFF,0xFF,0xFF,0xFF,0xFF,0xFF,0xFF,0xFF,0xFF,0xFF,0xFF,0xFF,0xFF,0xFF,0xFF,0xFF,0xFF,0xFF,0xFF,0xFF,0xFF,0xFF,0xFF,0xFF,0xFF,0xFF,0xFF,0xFF,0xFF,0xFF,0xFF,0xFF,0xFF,0xFF,0xFF,0xFF,0xFF,0xFF,0xFF,0xFF,0xFF,0xFF,0xFF,0xFF,0xFF,0xFF,0xFF,0xFF,0xFF,0xFF,0xFF,0xFF,0xFF,0xFF,0xFF,0xFF,0xFF,0xFF,0xFF,0xFF,0xFF,0xFF,0xFF,0xFF,0xFF,0xFF,0xFF,0xFF,0xFF,0xFF,0xFF,0xFF,0xFF,0xFF,0xFF,0xFF,0xFF,0xFF,0xFF,0xFF,0xFF,0xFF,0xFF,0xFF,0xFF,0xFF,0xFF,0xFF,0xFF,0xFF,0xFF,0xFF,0xFF,0xFF,0xFF,0xFF,0xFF,0xFF,0xFF,0xFF,0xFF,0xFF,0xFF,0xFF,0xFF,0xFF,0xFF,0xFF,0xFF,0xFF,0xFF,0xFF,0xFF,0xFF,0xFF,0xFF,0xFF,0xFF,0xFF,0xFF,0xFF,0xFF,0xFF,0xFF,0xFF,0xFF,0xFF,0xFF,0xFF,0xFF,0xFF,0xFF,0xFF,0xFF,0xFF,0xFF,0xFF,0xFF,0xFF,0xFF,0xFF,0xFF,0xFF,0xFF,0xFF,0xFF,0xFF,0xFF,0xFF,0xFF,0xFF,0xFF,0xFF,0xFF,0xFF,0xFF,0xFF,0xFF,0xFF,0xFF,0xFF,0xFF,0xFF,0xFF,0xFF,0xFF,0xFF,0xFF,0xFF,0xFF,0xFF,0xFF,0xFF,0xFF,0xFF,0xFF,0xFF,0xFF,0xFF,0xFF,0xFF,0xFF,0xFF,0xFF,0xFF,0xFF,0xFF,0xFF,0xFF,0xFF,0xFF,0xFF,0xFF,0xFF,0xFF,0xFF,0xFF,0xFF,0xFF,0xFF,0xFF,0xFF,0xFF,0xFF,0xFF,0xFF,0xFF,0xFF,0xFF,0xFF,0xFF,0xFF,0xFF,0xFF,0xFF,0xFF,0xFF,0xFF,0xFF,0xFF,0xFF,0xFF,0xFF,0xFF,0xFF,0xFF,0xFF,0xFF,0xFF,0xFF,0xFF,0xFF,0xFF,0xFF,0xFF,0xFF,0xFF,0xFF,0xFF,0xFF,0xFF,0xFF,0xFF,0xFF,0xFF,0xFF,0xFF,0xFF,0xFF,0xFF,0xFF,0xFF,0xFF,0xFF,0xFF,0xFF,0xFF,0xFF,0xFF,0xFF,0xFF,0xFF,0xFF,0xFF,0xFF,0xFF,0xFF,0xFF,0xFF,0xFF,0xFF,0xFF,0xFF,0xFF,0xFF,0xFF,0xFF,0xFF,0xFF,0xFF,0xFF,0xFF,0xFF,0xFF,0xFF,0xFF,0xFF,0xFF,0xFF,0xFF,0xFF,0xFF,0xFF,0xFF,0xFF,0xFF,0xFF,0xFF,0xFF,0xFF,0xFF,0xFF,0xFF,0xFF,0xFF,0xFF,0xFF,0xFF,0xFF,0xFF,0xFF,0xFF,0xFF,0xFF,0xFF,0xFF,0xFF,0xFF,0xFF,0xFF,0xFF,0xFF,0xFF,0xFF,0xFF,0xFF,0xFF,0xFF,0xFF,0xFF,0xFF,0xFF,0xFF,0xFF,0xFF,0xFF,0xFF,0xFF,0xFF,0xFF,0xFF,0xFF,0xFF,0xFF,0xFF,0xFF,0xFF,0xFF,0xFF,0xFF,0xFF,0xFF,0xFF,0xFF,0xFF,0xFF,0xFF,0xFF,0xFF,0xFF,0xFF,0xFF,0xFF,0xFF,0xFF,0xFF,0xFF,0xFF,0xFF,0xFF,0xFF,0xFF,0xFF,0xFF,0xFF,0xFF,0xFF,0xFF,0xFF,0xFF,0xFF,0xFF,0xFF,0xFF,0xFF,0xFF,0xFF,0xFF,0xFF,0xFF,0xFF,0xFF,0xFF,0xFF,0xFF,0xFF,0xFF,0xFF,0xFF,0xFF,0xFF,0xFF,0xFF,0xFF,0xFF,0xFF,0xFF,0xFF,0xFF,0xFF,0xFF,0xFF,0xFF,0xFF,0xFF,0xFF,0xFF,0xFF,0xFF,0xFF,0xFF,0xFF,0xFF,0xFF,0xFF,0xFF,0xFF,0xFF,0xFF,0xFF,0xFF,0xFF,0xFF,0xFF,0xFF,0xFF,0xFF,0xFF,0xFF,0xFF,0xFF,0xFF,0xFF,0xFF,0xFF,0xFF,0xFF,0xFF,0xFF,0xFF,0xFF,0xFF,0xFF,0xFF,0xFF,0xFF,0xFF,0xFF,0xFF,0xFF,0xFF,0xFF,0xFF,0xFF,0xFF,0xFF,0xFF,0xFF,0xFF,0xFF,0xFF,0xFF,0xFF,0xFF,0xFF,0xFF,0xFF,0xFF,0xFF,0xFF,0xFF,0xFF,0xFF,0xFF,0xFF,0xFF,0xFF,0xFF,0xFF,0xFF,0xFF,0xFF,0xFF,0xFF,0xFF,0xFF,0xFF,0xFF,0xFF,0xFF,0xFF,0xFF,0xFF,0xFF,0xFF,0xFF,0xFF,0xFF,0xFF,0xFF,0xFF,0xFF,0xFF,0xFF,0xFF,0xFF,0xFF,0xFF,0xFF,0xFF,0xFF,0xFF,0xFF,0xFF,0xFF,0xFF,0xFF,0xFF,0xFF,0xFF,0xFF,0xFF,0xFF,0xFF,0xFF,0xFF,0xFF,0xFF,0xFF,0xFF,0xFF,0xFF,0xFF,0xFF,0xFF,0xFF,0xFF,0xFF,0xFF,0xFF,0xFF,0xFF,0xFF,0xFF,0xFF,0xFF,0xFF,0xFF,0xFF,0xFF,0xFF,0xFF,0xFF,0xFF,0xFF,0xFF,0xFF,0xFF,0xFF,0xFF,0xFF,0xFF,0xFF,0xFF,0xFF,0xFF,0xFF,0xFF,0xFF,0xFF,0xFF,0xFF,0xFF,0xFF,0xFF,0xFF,0xFF,0xFF,0xFF,0xFF,0xFF,0xFF,0xFF,0xFF,0xFF,0xFF,0xFF,0xFF,0xFF,0xFF,0xFF,0xFF,0xFF,0xFF,0xFF,0xFF,0xFF,0xFF,0xFF,0xFF,0xFF,0xFF,0xFF,0xFF,0xFF,0xFF,0xFF,0xFF,0xFF,0xFF,0xFF,0xFF,0xFF,0xFF,0xFF,0xFF,0xFF,0xFF,0xFF,0xFF,0xFF,0xFF,0xFF,0xFF,0xFF,0xFF,0xFF,0xFF,0xFF,0xFF,0xFF,0xFF,0xFF,0xFF,0xFF,0xFF,0xFF,0xFF,0xFF,0xFF,0xFF,0xFF,0xFF,0xFF,0xFF,0xFF,0xFF,0xFF,0xFF,0xFF,0xFF,0xFF,0xFF,0xFF,0xFF,0xFF,0xFF,0xFF,0xFF,0xFF,0xFF,0xFF,0xFF,0xFF,0xFF,0xFF,0xFF,0xFF,0xFF,0xFF,0xFF,0xFF,0xFF,0xFF,0xFF,0xFF,0xFF,0xFF,0xFF,0xFF,0xFF,0xFF,0xFF,0xFF,0xFF,0xFF,0xFF,0xFF,0xFF,0xFF,0xFF,0xFF,0xFF,0xFF,0xFF,0xFF,0xFF,0xFF,0xFF,0xFF,0xFF,0xFF,0xFF,0xFF,0xFF,0xFF,0xFF,0xFF,0xFF,0xFF,0xFF,0xFF,0xFF,0xFF,0xFF,0xFF,0xFF,0xFF,0xFF,0xFF,0xFF,0xFF,0xFF,0xFF,0xFF,0xFF,0xFF,0xFF,0xFF,0xFF,0xFF,0xFF,0xFF,0xFF,0xFF,0xFF,0xFF,0xFF,0xFF,0xFF,0xFF,0xFF,0xFF,0xFF,0xFF,0xFF,0xFF,0xFF,0xFF,0xFF,0xFF,0xFF,0xFF,0xFF,0xFF,0xFF,0xFF,0xFF,0xFF,0xFF,0xFF,0xFF,0xFF,0xFF,0xFF,0xFF,0xFF,0xFF,0xFF,0xFF,0xFF,0xFF,0xFF,0xFF,0xFF,0xFF,0xFF,0xFF,0xFF,0xFF,0xFF,0xFF,0xFF,0xFF,0xFF,0xFF,0xFF,0xFF,0xFF,0xFF,0xFF,0xFF,0xFF,0xFF,0xFF,0xFF,0xFF,0xFF,0xFF,0xFF,0xFF,0xFF,0xFF,0xFF,0xFF,0xFF,0xFF,0xFF,0xFF,0xFF,0xFF,0xFF,0xFF,0xFF,0xFF,0xFF,0xFF,0xFF,0xFF,0xFF,0xFF,0xFF,0xFF,0xFF,0xFF,0xFF,0xFF,0xFF,0xFF,0xFF,0xFF,0xFF,0xFF,0xFF,0xFF,0xFF,0xFF,0xFF,0xFF,0xFF,0xFF,0xFF,0xFF,0xFF,0xFF,0xFF,0xFF,0xFF,0xFF,0xFF,0xFF,0xFF,0xFF,0xFF,0xFF,0xFF,0xFF,0xFF,0xFF,0xFF,0xFF,0xFF,0xFF,0xFF,0xFF,0xFF,0xFF,0xFF,0xFF,0xFF,0xFF,0xFF,0xFF,0xFF,0xFF,0xFF,0xFF,0xFF,0xFF,0xFF,0xFF,0xFF,0xFF,0xFF,0xFF,0xFF,0xFF,0xFF,0xFF,0xFF,0xFF,0xFF,0xFF,0xFF,0xFF,0xFF,0xFF,0xFF,0xFF,0xFF,0xFF,0xFF,0xFF,0xFF,0xFF,0xFF,0xFF,0xFF,0xFF,0xFF,0xFF,0xFF,0xFF,0xFF,0xFF,0xFF,0xFF,0xFF,0xFF,0xFF,0xFF,0xFF,0xFF,0xFF,0xFF,0xFF,0xFF,0xFF,0xFF,0xFF,0xFF,0xFF,0xFF,0xFF,0xFF,0xFF,0xFF,0xFF,0xFF,0xFF,0xFF,0xFF,0xFF,0xFF,0xFF,0xFF,0xFF,0xFF,0xFF,0xFF,0xFF,0xFF,0xFF,0xFF,0xFF,0xFF,0xFF,0xFF,0xFF,0xFF,0xFF,0xFF,0xFF,0xFF,0xFF,0xFF,0xFF,0xFF,0xFF,0xFF,0xFF,0xFF,0xFF,0xFF,0xFF,0xFF,0xFF,0xFF,0xFF,0xFF,0xFF,0xFF,0xFF,0xFF,0xFF,0xFF,0xFF,0xFF,0xFF,0xFF,0xFF,0xFF,0xFF,0xFF,0xFF,0xFF,0xFF,0xFF,0xFF,0xFF,0xFF,0xFF,0xFF,0xFF,0xFF,0xFF,0xFF,0xFF,0xFF,0xFF,0xFF,0xFF,0xFF,0xFF,0xFF,0xFF,0xFF,0xFF,0xFF,0xFF,0xFF,0xFF,0xFF,0xFF,0xFF,0xFF,0xFF,0xFF,0xFF,0xFF,0xFF,0xFF,0xFF,0xFF,0xFF,0xFF,0xFF,0xFF,0xFF,0xFF,0xFF,0xFF,0xFF,0xFF,0xFF,0xFF,0xFF,0xFF,0xFF,0xFF,0xFF,0xFF,0xFF,0xFF,0xFF,0xFF,0xFF,0xFF,0xFF,0xFF,0xFF,0xFF,0xFF,0xFF,0xFF,0xFF,0xFF,0xFF,0xFF,0xFF,0xFF,0xFF,0xFF,0xFF,0xFF,0xFF,0xFF,0xFF,0xFF,0xFF,0xFF,0xFF,0xFF,0xFF,0xFF,0xFF,0xFF,0xFF,0xFF,0xFF,0xFF,0xFF,0xFF,0xFF,0xFF,0xFF,0xFF,0xFF,0xFF,0xFF,0xFF,0xFF,0xFF,0xFF,0xFF,0xFF,0xFF,0xFF,0xFF,0xFF,0xFF,0xFF,0xFF,0xFF,0xFF,0xFF,0xFF,0xFF,0xFF,0xFF,0xFF,0xFF,0xFF,0xFF,0xFF,0xFF,0xFF,0xFF,0xFF,0xFF,0xFF,0xFF,0xFF,0xFF,0xFF,0xFF,0xFF,0xFF,0xFF,0xFF,0xFF,0xFF,0xFF,0xFF,0xFF,0xFF,0xFF,0xFF,0xFF,0xFF,0xFF,0xFF,0xFF,0xFF,0xFF,0xFF,0xFF,0xFF,0xFF,0xFF,0xFF,0xFF,0xFF,0xFF,0xFF,0xFF,0xFF,0xFF,0xFF,0xFF,0xFF,0xFF,0xFF,0xFF,0xFF,0xFF,0xFF,0xFF,0xFF,0xFF,0xFF,0xFF,0xFF,0xFF,0xFF,0xFF,0xFF,0xFF,0xFF,0xFF,0xFF,0xFF,0xFF,0xFF,0xFF,0xFF,0xFF,0xFF,0xFF,0xFF,0xFF,0xFF,0xFF,0xFF,0xFF,0xFF,0xFF,0xFF,0xFF,0xFF,0xFF,0xFF,0xFF,0xFF,0xFF,0xFF,0xFF,0xFF,0xFF,0xFF,0xFF,0xFF,0xFF,0xFF,0xFF,0xFF,0xFF,0xFF,0xFF,0xFF,0xFF,0xFF,0xFF,0xFF,0xFF,0xFF,0xFF,0xFF,0xFF,0xFF,0xFF,0xFF,0xFF,0xFF,0xFF,0xFF,0xFF,0xFF,0xFF,0xFF,0xFF,0xFF,0xFF,0xFF,0xFF,0xFF,0xFF,0xFF,0xFF,0xFF,0xFF,0xFF,0xFF,0xFF,0xFF,0xFF,0xFF,0xFF,0xFF,0xFF,0xFF,0xFF,0xFF,0xFF,0xFF,0xFF,0xFF,0xFF,0xFF,0xFF,0xFF,0xFF,0xFF,0xFF,0xFF,0xFF,0xFF,0xFF,0xFF,0xFF,0xFF,0xFF,0xFF,0xFF,0xFF,0xFF,0xFF,0xFF,0xFF,0xFF,0xFF,0xFF,0xFF,0xFF,0xFF,0xFF,0xFF,0xFF,0xFF,0xFF,0xFF,0xFF,0xFF,0xFF,0xFF,0xFF,0xFF,0xFF,0xFF,0xFF,0xFF,0xFF,0xFF,0xFF,0xFF,0xFF,0xFF,0xFF,0xFF,0xFF,0xFF,0xFF,0xFF,0xFF,0xFF,0xFF,0xFF,0xFF,0xFF,0xFF,0xFF,0xFF,0xFF,0xFF,0xFF,0xFF,0xFF,0xFF,0xFF,0xFF,0xFF,0xFF,0xFF,0xFF,0xFF,0xFF,0xFF,0xFF,0xFF,0xFF,0xFF,0xFF,0xFF,0xFF,0xFF,0xFF,0xFF,0xFF,0xFF,0xFF,0xFF,0xFF,0xFF,0xFF,0xFF,0xFF,0xFF,0xFF,0xFF,0xFF,0xFF,0xFF,0xFF,0xFF,0xFF,0xFF,0xFF,0xFF,0xFF,0xFF,0xFF,0xFF,0xFF,0xFF,0xFF,0xFF,0xFF,0xFF,0xFF,0xFF,0xFF,0xFF,0xFF,0xFF,0xFF,0xFF,0xFF,0xFF,0xFF,0xFF,0xFF,0xFF,0xFF,0xFF,0xFF,0xFF,0xFF,0xFF,0xFF,0xFF,0xFF,0xFF,0xFF,0xFF,0xFF,0xFF,0xFF,0xFF,0xFF,0xFF,0xFF,0xFF,0xFF,0xFF,0xFF,0xFF,0xFF,0xFF,0xFF,0xFF,0xFF,0xFF,0xFF,0xFF,0xFF,0xFF,0xFF,0xFF,0xFF,0xFF,0xFF,0xFF,0xFF,0xFF,0xFF,0xFF,0xFF,0xFF,0xFF,0xFF,0xFF,0xFF,0xFF,0xFF,0xFF,0xFF,0xFF,0xFF,0xFF,0xFF,0xFF,0xFF,0xFF,0xFF,0xFF,0xFF,0xFF,0xFF,0xFF,0xFF,0xFF,0xFF,0xFF,0xFF,0xFF,0xFF,0xFF,0xFF,0xFF,0xFF,0xFF,0xFF,0xFF,0xFF,0xFF,0xFF,0xFF,0xFF,0xFF,0xFF,0xFF,0xFF,0xFF,0xFF,0xFF,0xFF,0xFF,0xFF,0xFF,0xFF,0xFF,0xFF,0xFF,0xFF,0xFF,0xFF,0xFF,0xFF,0xFF,0xFF,0xFF,0xFF,0xFF,0xFF,0xFF,0xFF,0xFF,0xFF,0xFF,0xFF,0xFF,0xFF,0xFF,0xFF,0xFF,0xFF,0xFF,0xFF,0xFF,0xFF,0xFF,0xFF,0xFF,0xFF,0xFF,0xFF,0xFF,0xFF,0xFF,0xFF,0xFF,0xFF,0xFF,0xFF,0xFF,0xFF,0xFF,0xFF,0xFF,0xFF,0xFF,0xFF,0xFF,0xFF,0xFF,0xFF,0xFF,0xFF,0xFF,0xFF,0xFF,0xFF,0xFF,0xFF,0xFF,0xFF,0xFF,0xFF,0xFF,0xFF,0xFF,0xFF,0xFF,0xFF,0xFF,0xFF,0xFF,0xFF,0xFF,0xFF,0xFF,0xFF,0xFF,0xFF,0xFF,0xFF,0xFF,0xFF,0xFF,0xFF,0xFF,0xFF,0xFF,0xFF,0xFF,0xFF,0xFF,0xFF,0xFF,0xFF,0xFF,0xFF,0xFF,0xFF,0xFF,0xFF,0xFF,0xFF,0xFF,0xFF,0xFF,0xFF,0xFF,0xFF,0xFF,0xFF,0xFF,0xFF,0xFF,0xFF,0xFF,0xFF,0xFF,0xFF,0xFF,0xFF,0xFF,0xFF,0xFF,0xFF,0xFF,0xFF,0xFF,0xFF,0xFF,0xFF,0xFF,0xFF,0xFF,0xFF,0xFF,0xFF,0xFF,0xFF,0xFF,0xFF,0xFF,0xFF,0xFF,0xFF,0xFF,0xFF,0xFF,0xFF,0xFF,0xFF,0xFF,0xFF,0xFF,0xFF,0xFF,0xFF,0xFF,0xFF,0xFF,0xFF,0xFF,0xFF,0xFF,0xFF,0xFF,0xFF,0xFF,0xFF,0xFF,0xFF,0xFF,0xFF,0xFF,0xFF,0xFF,0xFF,0xFF,0xFF,0xFF,0xFF,0xFF,0xFF,0xFF,0xFF,0xFF,0xFF,0xFF,0xFF,0xFF,0xFF,0xFF,0xFF,0xFF,0xFF,0xFF,0xFF,0xFF,0xFF,0xFF,0xFF,0xFF,0xFF,0xFF,0xFF,0xFF,0xFF,0xFF,0xFF,0xFF,0xFF,0xFF,0xFF,0xFF,0xFF,0xFF,0xFF,0xFF,0xFF,0xFF,0xFF,0xFF,0xFF,0xFF,0xFF,0xFF,0xFF,0xFF,0xFF,0xFF,0xFF,0xFF,0xFF,0xFF,0xFF,0xFF,0xFF,0xFF,0xFF,0xFF,0xFF,0xFF,0xFF,0xFF,0xFF,0xFF,0xFF,0xFF,0xFF,0xFF,0xFF,0xFF,0xFF,0xFF,0xFF,0xFF,0xFF,0xFF,0xFF,0xFF,0xFF,0xFF,0xFF,0xFF,0xFF,0xFF,0xFF,0xFF,0xFF,0xFF,0xFF,0xFF,0xFF,0xFF,0xFF,0xFF,0xFF,0xFF,0xFF,0xFF,0xFF,0xFF,0xFF,0xFF,0xFF,0xFF,0xFF,0xFF,0xFF,0xFF,0xFF,0xFF,0xFF,0xFF,0xFF,0xFF,0xFF,0xFF,0xFF,0xFF,0xFF,0xFF,0xFF,0xFF,0xFF,0xFF,0xFF,0xFF,0xFF,0xFF,0xFF,0xFF,0xFF,0xFF,0xFF,0xFF,0xFF,0xFF,0xFF,0xFF,0xFF,0xFF,0xFF,0xFF,0xFF,0xFF,0xFF,0xFF,0xFF,0xFF,0xFF,0xFF,0xFF,0xFF,0xFF,0xFF,0xFF,0xFF,0xFF,0xFF,0xFF,0xFF,0xFF,0xFF,0xFF,0xFF,0xFF,0xFF,0xFF,0xFF,0xFF,0xFF,0xFF,0xFF,0xFF,0xFF,0xFF,0xFF,0xFF,0xFF,0xFF,0xFF,0xFF,0xFF,0xFF,0xFF,0xFF,0xFF,0xFF,0xFF,0xFF,0xFF,0xFF,0xFF,0xFF,0xFF,0xFF,0xFF,0xFF,0xFF,0xFF,0xFF,0xFF,0xFF,0xFF,0xFF,0xFF,0xFF,0xFF,0xFF,0xFF,0xFF,0xFF,0xFF,0xFF,0xFF,0xFF,0xFF,0xFF,0xFF,0xFF,0xFF,0xFF,0xFF,0xFF,0xFF,0xFF,0xFF,0xFF,0xFF,0xFF,0xFF,0xFF,0xFF,0xFF,0xFF,0xFF,0xFF,0xFF,0xFF,0xFF,0xFF,0xFF,0xFF,0xFF,0xFF,0xFF,0xFF,0xFF,0xFF,0xFF,0xFF,0xFF,0xFF,0xFF,0xFF,0xFF,0xFF,0xFF,0xFF,0xFF,0xFF,0xFF,0xFF,0xFF,0xFF,0xFF,0xFF,0xFF,0xFF,0xFF,0xFF,0xFF,0xFF,0xFF,0xFF,0xFF,0xFF,0xFF,0xFF,0xFF,0xFF,0xFF,0xFF,0xFF,0xFF,0xFF,0xFF,0xFF,0xFF,0xFF,0xFF,0xFF,0xFF,0xFF,0xFF,0xFF,0xFF,0xFF,0xFF,0xFF,0xFF,0xFF,0xFF,0xFF,0xFF,0xFF,0xFF,0xFF,0xFF,0xFF,0xFF,0xFF,0xFF,0xFF,0xFF,0xFF,0xFF,0xFF,0xFF,0xFF,0xFF,0xFF,0xFF,0xFF,0xFF,0xFF,0xFF,0xFF,0xFF,0xFF,0xFF,0xFF,0xFF,0xFF,0xFF,0xFF,0xFF,0xFF,0xFF,0xFF,0xFF,0xFF,0xFF,0xFF,0xFF,0xFF,0xFF,0xFF,0xFF,0xFF,0xFF,0xFF,0xFF,0xFF,0xFF,0xFF,0xFF,0xFF,0xFF,0xFF,0xFF,0xFF,0xFF,0xFF,0xFF,0xFF,0xFF,0xFF,0xFF,0xFF,0xFF,0xFF,0xFF,0xFF,0xFF,0xFF,0xFF,0xFF,0xFF,0xFF,0xFF,0xFF,0xFF,0xFF,0xFF,0xFF,0xFF,0xFF,0xFF,0xFF,0xFF,0xFF,0xFF,0xFF,0xFF,0xFF,0xFF,0xFF,0xFF,0xFF,0xFF,0xFF,0xFF,0xFF,0xFF,0xFF,0xFF,0xFF,0xFF,0xFF,0xFF,0xFF,0xFF,0xFF,0xFF,0xFF,0xFF,0xFF,0xFF,0xFF,0xFF,0xFF,0xFF,0xFF,0xFF,0xFF,0xFF,0xFF,0xFF,0xFF,0xFF,0xFF,0xFF,0xFF,0xFF,0xFF,0xFF,0xFF,0xFF,0xFF,0xFF,0xFF,0xFF,0xFF,0xFF,0xFF,0xFF,0xFF,0xFF,0xFF,0xFF,0xFF,0xFF,0xFF,0xFF,0xFF,0xFF,0xFF,0xFF,0xFF,0xFF,0xFF,0xFF,0xFF,0xFF,0xFF,0xFF,0xFF,0xFF,0xFF,0xFF,0xFF,0xFF,0xFF,0xFF,0xFF,0xFF,0xFF,0xFF,0xFF,0xFF,0xFF,0xFF,0xFF,0xFF,0xFF,0xFF,0xFF,0xFF,0xFF,0xFF,0xFF,0xFF,0xFF,0xFF,0xFF,0xFF,0xFF,0xFF,0xFF,0xFF,0xFF,0xFF,0xFF,0xFF,0xFF,0xFF,0xFF,0xFF,0xFF,0xFF,0xFF,0xFF,0xFF,0xFF,0xFF,0xFF,0xFF,0xFF,0xFF,0xFF,0xFF,0xFF,0xFF,0xFF,0xFF,0xFF,0xFF,0xFF,0xFF,0xFF,0xFF,0xFF,0xFF,0xFF,0xFF,0xFF,0xFF,0xFF,0xFF,0xFF,0xFF,0xFF,0xFF,0xFF,0xFF,0xFF,0xFF,0xFF,0xFF,0xFF,0xFF,0xFF,0xFF,0xFF,0xFF,0xFF,0xFF,0xFF,0xFF,0xFF,0xFF,0xFF,0xFF,0xFF,0xFF,0xFF,0xFF,0xFF,0xFF,0xFF,0xFF,0xFF,0xFF,0xFF,0xFF,0xFF,0xFF,0xFF,0xFF,0xFF,0xFF,0xFF,0xFF,0xFF,0xFF,0xFF,0xFF,0xFF,0xFF,0xFF,0xFF,0xFF,0xFF,0xFF,0xFF,0xFF,0xFF,0xFF,0xFF,0xFF,0xFF,0xFF,0xFF,0xFF,0xFF,0xFF,0xFF,0xFF,0xFF,0xFF,0xFF,0xFF,0xFF,0xFF,0xFF,0xFF,0xFF,0xFF,0xFF,0xFF,0xFF,0xFF,0xFF,0xFF,0xFF,0xFF,0xFF,0xFF,0xFF,0xFF,0xFF,0xFF,0xFF,0xFF,0xFF,0xFF,0xFF,0xFF,0xFF,0xFF,0xFF,0xFF,0xFF,0xFF,0xFF,0xFF,0xFF,0xFF,0xFF,0xFF,0xFF,0xFF,0xFF,0xFF,0xFF,0xFF,0xFF,0xFF,0xFF,0xFF,0xFF,0xFF,0xFF,0xFF,0xFF,0xFF,0xFF,0xFF,0xFF,0xFF,0xFF,0xFF,0xFF,0xFF,0xFF,0xFF,0xFF,0xFF,0xFF,0xFF,0xFF,0xFF,0xFF,0xFF,0xFF,0xFF,0xFF,0xFF,0xFF,0xFF,0xFF,0xFF,0xFF,0xFF,0xFF,0xFF,0xFF,0xFF,0xFF,0xFF,0xFF,0xFF,0xFF,0xFF,0xFF,0xFF,0xFF,0xFF,0xFF,0xFF,0xFF,0xFF,0xFF,0xFF,0xFF,0xFF,0xFF,0xFF,0xFF,0xFF,0xFF,0xFF,0xFF,0xFF,0xFF,0xFF,0xFF,0xFF,0xFF,0xFF,0xFF,0xFF,0xFF,0xFF,0xFF,0xFF,0xFF,0xFF,0xFF,0xFF,0xFF,0xFF,0xFF,0xFF,0xFF,0xFF,0xFF,0xFF,0xFF,0xFF,0xFF,0xFF,0xFF,0xFF,0xFF,0xFF,0xFF,0xFF,0xFF,0xFF,0xFF,0xFF,0xFF,0xFF,0xFF,0xFF,0xFF,0xFF,0xFF,0xFF,0xFF,0xFF,0xFF,0xFF,0xFF,0xFF,0xFF,0xFF,0xFF,0xFF,0xFF,0xFF,0xFF,0xFF,0xFF,0xFF,0xFF,0xFF,0xFF,0xFF,0xFF,0xFF,0xFF,0xFF,0xFF,0xFF,0xFF,0xFF,0xFF,0xFF,0xFF,0xFF,0xFF,0xFF,0xFF,0xFF,0xFF,0xFF,0xFF,0xFF,0xFF,0xFF,0xFF,0xFF,0xFF,0xFF,0xFF,0xFF,0xFF,0xFF,0xFF,0xFF,0xFF,0xFF,0xFF,0xFF,0xFF,0xFF,0xFF,0xFF,0xFF,0xFF,0xFF,0xFF,0xFF,0xFF,0xFF,0xFF,0xFF,0xFF,0xFF,0xFF,0xFF,0xFF,0xFF,0xFF,0xFF,0xFF,0xFF,0xFF,0xFF,0xFF,0xFF,0xFF,0xFF,0xFF,0xFF,0xFF,0xFF,0xFF,0xFF,0xFF,0xFF,0xFF,0xFF,0xFF,0xFF,0xFF,0xFF,0xFF,0xFF,0xFF,0xFF,0xFF,0xFF,0xFF,0xFF,0xFF,0xFF,0xFF,0xFF,0xFF,0xFF,0xFF,0xFF,0xFF,0xFF,0xFF,0xFF,0xFF,0xFF,0xFF,0xFF,0xFF,0xFF,0xFF,0xFF,0xFF,0xFF,0xFF,0xFF,0xFF,0xFF,0xFF,0xFF,0xFF,0xFF,0xFF,0xFF,0xFF,0xFF,0xFF,0xFF,0xFF,0xFF,0xFF,0xFF,0xFF,0xFF,0xFF,0xFF,0xFF,0xFF,0xFF,0xFF,0xFF,0xFF,0xFF,0xFF,0xFF,0xFF,0xFF,0xFF,0xFF,0xFF,0xFF,0xFF,0xFF,0xFF,0xFF,0xFF,0xFF,0xFF,0xFF,0xFF,0xFF,0xFF,0xFF,0xFF,0xFF,0xFF,0xFF,0xFF,0xFF,0xFF,0xFF,0xFF,0xFF,0xFF,0xFF,0xFF,0xFF,0xFF,0xFF,0xFF,0xFF,0xFF,0xFF,0xFF,0xFF,0xFF,0xFF,0xFF,0xFF,0xFF,0xFF,0xFF,0xFF,0xFF,0xFF,0xFF,0xFF,0xFF,0xFF,0xFF,0xFF,0xFF,0xFF,0xFF,0xFF,0xFF,0xFF,0xFF,0xFF,0xFF,0xFF,0xFF,0xFF,0xFF,0xFF,0xFF,0xFF,0xFF,0xFF,0xFF,0xFF,0xFF,0xFF,0xFF,0xFF,0xFF,0xFF,0xFF,0xFF,0xFF,0xFF,0xFF,0xFF,0xFF,0xFF,0xFF,0xFF,0xFF,0xFF,0xFF,0xFF,0xFF,0xFF,0xFF,0xFF,0xFF,0xFF,0xFF,0xFF,0xFF,0xFF,0xFF,0xFF,0xFF,0xFF,0xFF,0xFF,0xFF,0xFF,0xFF,0xFF,0xFF,0xFF,0xFF,0xFF,0xFF,0xFF,0xFF,0xFF,0xFF,0xFF,0xFF,0xFF,0xFF,0xFF,0xFF,0xFF,0xFF,0xFF,0xFF,0xFF,0xFF,0xFF,0xFF,0xFF,0xFF,0xFF,0xFF,0xFF,0xFF,0xFF,0xFF,0xFF,0xFF,0xFF,0xFF,0xFF,0xFF,0xFF,0xFF,0xFF,0xFF,0xFF,0xFF,0xFF,0xFF,0xFF,0xFF,0xFF,0xFF,0xFF,0xFF,0xFF,0xFF,0xFF,0xFF,0xFF,0xFF,0xFF,0xFF,0xFF,0xFF,0xFF,0xFF,0xFF,0xFF,0xFF,0xFF,0xFF,0xFF,0xFF,0xFF,0xFF,0xFF,0xFF,0xFF,0xFF,0xFF,0xFF,0xFF,0xFF,0xFF,0xFF,0xFF,0xFF,0xFF,0xFF,0xFF,0xFF,0xFF,0xFF,0xFF,0xFF,0xFF,0xFF,0xFF,0xFF,0xFF,0xFF,0xFF,0xFF,0xFF,0xFF,0xFF,0xFF,0xFF,0xFF,0xFF,0xFF,0xFF,0xFF,0xFF,0xFF,0xFF,0xFF,0xFF,0xFF,0xFF,0xFF,0xFF,0xFF,0xFF,0xFF,0xFF,0xFF,0xFF,0xFF,0xFF,0xFF,0xFF,0xFF,0xFF,0xFF,0xFF,0xFF,0xFF,0xFF,0xFF,0xFF,0xFF,0xFF,0xFF,0xFF,0xFF,0xFF,0xFF,0xFF,0xFF,0xFF,0xFF,0x78,0xD8,0xA9,0x00,0x8D,0x00,0x20,0xA2,0xFF,0x9A,0xAD,0x02,0x20,0x29,0x80,0xF0,0xF9,0xAD,0x02,0x20,0x29,0x80,0xF0,0xF9,0x09,0xFF,0x8D,0x00,0x80,0x8D,0x00,0xA0,0x8D,0x00,0xC0,0x8D,0x00,0xE0,0xA9,0x0F,0x20,0x98,0xBF,0xA9,0x00,0x8D,0x00,0xA0,0x4A,0x8D,0x00,0xA0,0x4A,0x8D,0x00,0xA0,0x4A,0x8D,0x00,0xA0,0x4A,0x8D,0x00,0xA0,0xA9,0x07,0x20,0xAC,0xBF,0x4C,0x40,0xE4,0x8D,0x00,0x80,0x4A,0x8D,0x00,0x80,0x4A,0x8D,0x00,0x80,0x4A,0x8D,0x00,0x80,0x4A,0x8D,0x00,0x80,0x60,0x8D,0x00,0xE0,0x4A,0x8D,0x00,0xE0,0x4A,0x8D,0x00,0xE0,0x4A,0x8D,0x00,0xE0,0x4A,0x8D,0x00,0xE0,0x60,0xFF,0xFF,0xFF,0xFF,0xFF,0xFF,0xFF,0xFF,0xFF,0xFF,0xFF,0xFF,0xFF,0xFF,0xFF,0xFF,0xFF,0xFF,0xFF,0xFF,0xFF,0xFF,0xFF,0xFF,0xFF,0xFF,0xFF,0xFF,0xFF,0xFF,0xFF,0xFF,0xFF,0xFF,0xFF,0xFF,0xFF,0xFF,0xFF,0xFF,0xFF,0xFF,0xFF,0xFF,0xFF,0xFF,0xFF,0xFF,0xFF,0xFF,0xFF,0xFF,0xFF,0xFF,0xFF,0xFF,0xFF,0xFF,0x84,0xE4,0x50,0xBF,0xF0,0xBF,0x4C,0x80,0x77,0x80,0xA1,0x80,0xB9,0x80,0xE3,0x80,0x05,0x81,0x2D,0x81,0x52,0x81,0x79,0x81,0x97,0x81,0xAE,0x81,0xD2,0x81,0xF8,0x81,0x2C,0x82,0x41,0x82,0x58,0x82,0x7D,0x82,0x94,0x82,0xB8,0x82,0xCD,0x82,0xF5,0x82,0x0D,0x83,0x4D,0x83,0x70,0x83,0x9C,0x83,0xC6,0x83,0xF0,0x83,0x1C,0x84,0x3F,0x84,0x6D,0x84,0x90,0x84,0xB8,0x84,0xE3,0x84,0x0E,0x85,0x26,0x85,0x53,0x85,0x68,0x85,0x7E,0x85,0x25,0x25,0x12,0x1D,0x2A,0x1C,0x24,0x0D,0x0A,0x17,0x10,0x0E,0x1B,0x18,0x1E,0x1C,0x24,0x1D,0x18,0x24,0x10,0x98,0x25,0x25,0x25,0x25,0x0A,0x15,0x18,0x17,0x0E,0x29,0x24,0x1D,0x0A,0x14,0x0E,0x24,0x1D,0x11,0x12,0x1C,0xEC,0x25,0x25,0x16,0x0A,0x1C,0x1D,0x0E,0x1B,0x24,0x1E,0x1C,0x12,0x17,0x10,0x24,0x12,0x1D,0x24,0x0A,0x17,0x8D,0x25,0x25,0x25,0x22,0x18,0x1E,0x24,0x0C,0x0A,0x17,0x24,0x11,0x0A,0x1F,0x0E,0x24,0x1D,0x11,0x12,0x1C,0xEC,0x25,0x1D,0x0A,0x14,0x0E,0x24,0x0A,0x17,0x22,0x24,0x1B,0x18,0x0A,0x0D,0x24,0x22,0x18,0x1E,0x24,0x20,0x0A,0x17,0x1D,0xEC,0x25,0x1C,0x0E,0x0C,0x1B,0x0E,0x1D,0x24,0x12,0x1C,0x24,0x12,0x17,0x24,0x1D,0x11,0x0E,0x24,0x1D,0x1B,0x0E,0x8E,0x25,0x25,0x25,0x25,0x0A,0x1D,0x24,0x1D,0x11,0x0E,0x24,0x0D,0x0E,0x0A,0x0D,0x2F,0x0E,0x17,0x0D,0xEC,0x25,0x25,0x25,0x15,0x0E,0x1D,0x2A,0x1C,0x24,0x19,0x15,0x0A,0x22,0x24,0x16,0x18,0x17,0x0E,0xA2,0x25,0x25,0x25,0x16,0x0A,0x14,0x12,0x17,0x10,0x24,0x10,0x0A,0x16,0x0E,0xEC,0x25,0x25,0x19,0x0A,0x22,0x24,0x16,0x0E,0x24,0x0F,0x18,0x1B,0x24,0x1D,0x11,0x0E,0x24,0x0D,0x18,0x18,0x9B,0x25,0x25,0x25,0x25,0x25,0x1B,0x0E,0x19,0x0A,0x12,0x1B,0x24,0x0C,0x11,0x0A,0x1B,0x10,0x0E,0xEC,0x25,0x25,0x25,0x25,0x1C,0x11,0x18,0x20,0x24,0x1D,0x11,0x12,0x1C,0x24,0x1D,0x18,0x24,0x1D,0x11,0x8E,0x25,0x25,0x25,0x25,0x25,0x25,0x25,0x18,0x15,0x0D,0x24,0x20,0x18,0x16,0x0A,0x17,0xEC,0x25,0x25,0x25,0x25,0x16,0x0E,0x0E,0x1D,0x24,0x1D,0x11,0x0E,0x24,0x18,0x15,0x0D,0x24,0x16,0x0A,0x97,0x25,0x25,0x25,0x25,0x25,0x25,0x0A,0x1D,0x24,0x1D,0x11,0x0E,0x24,0x10,0x1B,0x0A,0x1F,0x0E,0xEC,0x25,0x25,0x0B,0x1E,0x22,0x24,0x16,0x0E,0x0D,0x12,0x0C,0x12,0x17,0x0E,0x24,0x0B,0x0E,0x0F,0x18,0x1B,0x8E,0x25,0x25,0x22,0x18,0x1E,0x24,0x10,0x18,0xEC,0x25,0x25,0x19,0x0A,0x22,0x24,0x16,0x0E,0x24,0x0A,0x17,0x0D,0x24,0x12,0x2A,0x15,0x15,0x24,0x1D,0x0A,0x15,0x14,0xEC,0x25,0x25,0x25,0x1D,0x11,0x12,0x1C,0x24,0x0A,0x12,0x17,0x2A,0x1D,0x24,0x0E,0x17,0x18,0x1E,0x10,0x91,0x25,0x25,0x25,0x25,0x25,0x25,0x25,0x25,0x1D,0x18,0x24,0x1D,0x0A,0x15,0x14,0xEC,0x25,0x25,0x25,0x25,0x25,0x25,0x25,0x10,0x18,0x24,0x1E,0x19,0x28,0x1E,0x19,0xA8,0x25,0x25,0x25,0x1D,0x11,0x0E,0x24,0x16,0x18,0x1E,0x17,0x1D,0x0A,0x12,0x17,0x24,0x0A,0x11,0x0E,0x0A,0x0D,0xEC,0x25,0x25,0x10,0x18,0x24,0x17,0x18,0x1B,0x1D,0x11,0x28,0x20,0x0E,0x1C,0x1D,0x28,0x1C,0x18,0x1E,0x1D,0x11,0xA8,0x25,0x25,0x20,0x0E,0x1C,0x1D,0x24,0x1D,0x18,0x24,0x1D,0x11,0x0E,0x24,0x0F,0x18,0x1B,0x0E,0x1C,0x5D,0x24,0x24,0x18,0x0F,0x24,0x16,0x0A,0x23,0x0E,0xEC,0x25,0x25,0x25,0x25,0x0B,0x18,0x22,0x28,0x24,0x22,0x18,0x1E,0x2A,0x1B,0x0E,0x24,0x1B,0x12,0x0C,0x11,0xE9,0x25,0x0B,0x1E,0x22,0x24,0x1C,0x18,0x16,0x0E,0x1D,0x11,0x12,0x17,0x2A,0x24,0x20,0x12,0x15,0x15,0x24,0x22,0x0A,0xE9,0x25,0x25,0x25,0x25,0x25,0x0B,0x18,0x22,0x28,0x24,0x1D,0x11,0x12,0x1C,0x24,0x12,0x9C,0x25,0x25,0x25,0x1B,0x0E,0x0A,0x15,0x15,0x22,0x24,0x0E,0x21,0x19,0x0E,0x17,0x1C,0x12,0x1F,0x0E,0xE9,0x25,0x1D,0x0A,0x14,0x0E,0x24,0x0A,0x17,0x22,0x24,0x18,0x17,0x0E,0x24,0x22,0x18,0x1E,0x24,0x20,0x0A,0x17,0x1D,0xEC,0x25,0x25,0x25,0x25,0x25,0x12,0x1D,0x2A,0x1C,0x24,0x0A,0x24,0x1C,0x0E,0x0C,0x1B,0x0E,0x9D,0x25,0x25,0x25,0x25,0x25,0x1D,0x18,0x24,0x0E,0x1F,0x0E,0x1B,0x22,0x0B,0x18,0x0D,0x22,0xEC,0x25,0x25,0x25,0x10,0x1B,0x1E,0x16,0x0B,0x15,0x0E,0x28,0x10,0x1B,0x1E,0x16,0x0B,0x15,0x0E,0x2C,0x2C,0xEC,0x25,0x25,0x0E,0x0A,0x1C,0x1D,0x16,0x18,0x1C,0x1D,0x24,0x19,0x0E,0x17,0x17,0x12,0x17,0x1C,0x1E,0x15,0x8A,0x25,0x25,0x25,0x25,0x25,0x12,0x1C,0x24,0x1D,0x11,0x0E,0x24,0x1C,0x0E,0x0C,0x1B,0x0E,0x1D,0xEC,0x25,0x0D,0x18,0x0D,0x18,0x17,0x10,0x18,0x24,0x0D,0x12,0x1C,0x15,0x12,0x14,0x0E,0x1C,0x24,0x1C,0x16,0x18,0x14,0x0E,0xEC,0x25,0x0D,0x12,0x0D,0x24,0x22,0x18,0x1E,0x24,0x10,0x0E,0x1D,0x24,0x1D,0x11,0x0E,0x24,0x1C,0x20,0x18,0x1B,0x8D,0x25,0x0F,0x1B,0x18,0x16,0x24,0x1D,0x11,0x0E,0x24,0x18,0x15,0x0D,0x24,0x16,0x0A,0x17,0x24,0x18,0x57,0x25,0x1D,0x18,0x19,0x24,0x18,0x0F,0x24,0x1D,0x11,0x0E,0x24,0x20,0x0A,0x1D,0x0E,0x1B,0x0F,0x0A,0x15,0x15,0xEE,0x25,0x25,0x25,0x25,0x25,0x20,0x0A,0x15,0x14,0x24,0x12,0x17,0x1D,0x18,0x24,0x1D,0x11,0x8E,0x25,0x25,0x25,0x25,0x25,0x25,0x25,0x20,0x0A,0x1D,0x0E,0x1B,0x0F,0x0A,0x15,0x15,0xEC,0x25,0x25,0x1C,0x0E,0x0C,0x1B,0x0E,0x1D,0x24,0x19,0x18,0x20,0x0E,0x1B,0x24,0x12,0x1C,0x24,0x1C,0x0A,0x12,0x8D,0x25,0x25,0x25,0x1D,0x18,0x24,0x0B,0x0E,0x24,0x12,0x17,0x24,0x1D,0x11,0x0E,0x24,0x0A,0x1B,0x1B,0x18,0x20,0xEC,0x25,0x25,0x25,0x25,0x0D,0x12,0x10,0x0D,0x18,0x10,0x10,0x0E,0x1B,0x24,0x11,0x0A,0x1D,0x0E,0x9C,0x25,0x0C,0x0E,0x1B,0x1D,0x0A,0x12,0x17,0x24,0x14,0x12,0x17,0x0D,0x24,0x18,0x0F,0x24,0x1C,0x18,0x1E,0x17,0x0D,0xEC,0x25,0x25,0x25,0x25,0x12,0x24,0x0B,0x0E,0x1D,0x24,0x22,0x18,0x1E,0x2A,0x0D,0x24,0x15,0x12,0x14,0x8E,0x25,0x25,0x25,0x1D,0x18,0x24,0x11,0x0A,0x1F,0x0E,0x24,0x16,0x18,0x1B,0x0E,0x24,0x0B,0x18,0x16,0x0B,0x1C,0xEC,0x25,0x25,0x25,0x25,0x12,0x0F,0x24,0x22,0x18,0x1E,0x24,0x10,0x18,0x24,0x12,0x17,0x24,0x1D,0x11,0x8E,0x25,0x0D,0x12,0x1B,0x0E,0x0C,0x1D,0x12,0x18,0x17,0x24,0x18,0x0F,0x24,0x1D,0x11,0x0E,0x24,0x0A,0x1B,0x1B,0x18,0x20,0xEC,0x25,0x25,0x25,0x25,0x15,0x0E,0x0A,0x1F,0x0E,0x24,0x22,0x18,0x1E,0x1B,0x24,0x15,0x12,0x0F,0x8E,0x25,0x25,0x25,0x25,0x25,0x25,0x25,0x18,0x1B,0x24,0x16,0x18,0x17,0x0E,0x22,0xEC,0x25,0x1D,0x11,0x0E,0x1B,0x0E,0x24,0x0A,0x1B,0x0E,0x24,0x1C,0x0E,0x0C,0x1B,0x0E,0x1D,0x1C,0x24,0x20,0x11,0x0E,0x1B,0x8E,0x25,0x25,0x25,0x0F,0x0A,0x12,0x1B,0x12,0x0E,0x1C,0x24,0x0D,0x18,0x17,0x2A,0x1D,0x24,0x15,0x12,0x1F,0x0E,0xEC,0x25,0x25,0x25,0x25,0x0A,0x12,0x16,0x24,0x0A,0x1D,0x24,0x1D,0x11,0x0E,0x24,0x0E,0x22,0x0E,0x9C,0x25,0x25,0x25,0x25,0x25,0x25,0x25,0x18,0x0F,0x24,0x10,0x18,0x11,0x16,0x0A,0xEC,0x25,0x25,0x1C,0x18,0x1E,0x1D,0x11,0x24,0x18,0x0F,0x24,0x0A,0x1B,0x1B,0x18,0x20,0x24,0x16,0x0A,0x1B,0x94,0x25,0x25,0x25,0x25,0x11,0x12,0x0D,0x0E,0x1C,0x24,0x0A,0x24,0x1C,0x0E,0x0C,0x1B,0x0E,0x1D,0xEC,0x25,0x25,0x1D,0x11,0x0E,0x1B,0x0E,0x2A,0x1C,0x24,0x0A,0x24,0x1C,0x0E,0x0C,0x1B,0x0E,0x1D,0x24,0x12,0x97,0x25,0x25,0x1D,0x11,0x0E,0x24,0x1D,0x12,0x19,0x24,0x18,0x0F,0x24,0x1D,0x11,0x0E,0x24,0x17,0x18,0x1C,0x0E,0xEC,0x25,0x25,0x25,0x1C,0x19,0x0E,0x0C,0x1D,0x0A,0x0C,0x15,0x0E,0x24,0x1B,0x18,0x0C,0x14,0x24,0x12,0x9C,0x25,0x25,0x0A,0x17,0x24,0x0E,0x17,0x1D,0x1B,0x0A,0x17,0x0C,0x0E,0x24,0x1D,0x18,0x24,0x0D,0x0E,0x0A,0x1D,0x11,0xEC,0x01,0x00,0x1D,0x11,0x24,0x0E,0x17,0x0E,0x16,0x22,0x24,0x11,0x0A,0x1C,0x24,0x1D,0x11,0x0E,0x24,0x0B,0x18,0x16,0x0B,0xEC,0x25,0x18,0x17,0x0E,0x1C,0x24,0x20,0x11,0x18,0x24,0x0D,0x18,0x0E,0x1C,0x24,0x17,0x18,0x1D,0x24,0x11,0x0A,0x1F,0x8E,0x25,0x1D,0x1B,0x12,0x0F,0x18,0x1B,0x0C,0x0E,0x24,0x0C,0x0A,0x17,0x2A,0x1D,0x24,0x10,0x18,0x24,0x12,0x17,0xEC,0x25,0x25,0x25,0x19,0x0A,0x1D,0x1B,0x0A,0x24,0x11,0x0A,0x1C,0x24,0x1D,0x11,0x0E,0x24,0x16,0x0A,0x19,0xEC,0x25,0x25,0x10,0x18,0x24,0x1D,0x18,0x24,0x1D,0x11,0x0E,0x24,0x17,0x0E,0x21,0x1D,0x24,0x1B,0x18,0x18,0x16,0xEC,0x25,0x25,0x25,0x25,0x25,0x0E,0x22,0x0E,0x1C,0x24,0x18,0x0F,0x24,0x1C,0x14,0x1E,0x15,0x95,0x25,0x25,0x25,0x25,0x25,0x11,0x0A,0x1C,0x24,0x0A,0x24,0x1C,0x0E,0x0C,0x1B,0x0E,0x1D,0xEC,0x40,0x60,0x42,0x42,0x04,0x06,0x48,0x0A,0x4C,0x0E,0xD0,0xD2,0xD2,0xDC,0xDC,0xDE,0xDE,0x62,0x62,0x62,0x0A,0x28,0x00,0x01,0x02,0x01,0x02,0x00,0x02,0x00,0x01,0x00,0x02,0x01,0x02,0x01,0x00,0x01,0x00,0x02,0x02,0x05,0x08,0x0B,0x0E,0x11,0xA9,0x78,0xA0,0x80,0x20,0xA3,0x86,0xAD,0x50,0x03,0xC9,0x72,0xF0,0x0C,0xC9,0x71,0xF0,0x08,0xC9,0x7B,0xB0,0x04,0xC9,0x6E,0xB0,0x0F,0x20,0x14,0x73,0xF0,0x0A,0xA9,0x00,0x8D,0x50,0x03,0xA9,0x00,0x85,0xAC,0x60,0xAD,0x50,0x03,0x38,0xE9,0x6A,0xA8,0xB9,0xA2,0x85,0x48,0x29,0x3F,0x8D,0x15,0x04,0x68,0x29,0xC0,0x85,0x03,0xA9,0xFD,0x18,0x69,0x03,0x88,0x10,0xFA,0xA8,0xA2,0x00,0xB9,0x7E,0x6A,0x9D,0x22,0x04,0x29,0xC0,0x95,0x00,0xB9,0xBA,0x6A,0x9D,0x30,0x04,0xC8,0xE8,0xE0,0x03,0xD0,0xEA,0xA5,0x03,0x0A,0x2A,0x2A,0x05,0x00,0x85,0x00,0xA5,0x02,0x4A,0x4A,0x4A,0x4A,0x05,0x00,0x85,0x00,0xA5,0x01,0x4A,0x4A,0x05,0x00,0x8D,0x13,0x04,0x29,0x20,0xF0,0x48,0xA9,0xFF,0xA0,0x06,0xC5,0x19,0x90,0x06,0x38,0xE9,0x2B,0x88,0xD0,0xF6,0xBE,0xCA,0x85,0xA0,0x02,0xBD,0xB8,0x85,0x99,0x6C,0x04,0xCA,0x88,0x10,0xF6,0xA5,0x1A,0x29,0x01,0xA8,0xB9,0xB6,0x85,0x8D,0x6F,0x04,0xA9,0x0A,0x8D,0x70,0x04,0xA0,0x14,0xA5,0x1A,0x29,0x02,0xF0,0x02,0xA0,0x32,0x8C,0x71,0x04,0xA2,0x02,0xBC,0x6C,0x04,0xB9,0x6F,0x04,0x9D,0x48,0x04,0xCA,0x10,0xF4,0xA9,0x00,0x8D,0x16,0x04,0xAD,0x14,0x88,0x8D,0x5F,0x04,0x60,0x95,0x70,0x94,0x84,0xA9,0x00,0x9D,0x85,0x04,0xA9,0x81,0x9D,0xBF,0x04,0xA9,0x40,0x85,0xAC,0xA9,0x40,0x8D,0x51,0x03,0x8D,0x52,0x03,0xA9,0x48,0x95,0x71,0xA9,0xA8,0x95,0x72,0x94,0x85,0x94,0x86,0x60,0x22,0xC8,0x0D,0x21,0x24,0x24,0x24,0x24,0x24,0x24,0x24,0x24,0x24,0x24,0x24,0x24,0xFF,0xA5,0xAD,0xC9,0x04,0xD0,0x06,0xA5,0x15,0x29,0x01,0xD0,0x38,0x20,0x36,0x87,0xAD,0x50,0x03,0xC9,0x74,0xD0,0x2B,0xAD,0x66,0x06,0xC9,0x02,0xF0,0x24,0xAC,0x56,0x06,0xC0,0x0F,0xD0,0x06,0xA5,0xF8,0x29,0x40,0xD0,0x0A,0xA5,0xAC,0xC9,0x40,0xD0,0x03,0x20,0xF4,0x85,0x60,0xA9,0x04,0x8D,0x02,0x06,0xEE,0x66,0x06,0xA9,0x07,0x8D,0x56,0x06,0x20,0x49,0x87,0xA5,0xAD,0x20,0xE2,0xE5,0x8B,0x87,0x15,0x88,0x7A,0x88,0xF7,0x89,0x33,0x89,0x41,0x89,0xF7,0x89,0x15,0x88,0xF6,0x89,0x20,0x93,0xFA,0xAC,0x50,0x03,0xC0,0x7B,0xB0,0x03,0x4C,0xDB,0x77,0x4C,0xDF,0x77,0x58,0x78,0x98,0xAD,0x13,0x04,0x29,0x04,0xF0,0x24,0xA9,0x02,0x8D,0x21,0x04,0xAE,0x21,0x04,0xBD,0x46,0x87,0x85,0x83,0xA9,0x98,0x85,0x97,0xBD,0x22,0x04,0x29,0x3F,0xC9,0x3F,0xF0,0x05,0xA2,0x13,0x20,0x0E,0xE7,0xCE,0x21,0x04,0x10,0xE1,0xAD,0x13,0x04,0x29,0x08,0xF0,0x0F,0xA9,0x30,0x85,0x83,0xA9,0xAB,0x85,0x97,0xA9,0x18,0xA2,0x13,0x20,0x0E,0xE7,0x60,0xAD,0x13,0x04,0x29,0x08,0xF0,0x62,0x20,0x01,0x88,0xA9,0x21,0x8D,0x05,0x03,0xA2,0x00,0x8E,0x2E,0x04,0x8E,0x2F,0x04,0xBD,0x30,0x04,0xD0,0x0B,0xA2,0x24,0x86,0x01,0x86,0x02,0x86,0x03,0x4C,0xBF,0x87,0x20,0x55,0x6E,0xA2,0x24,0xAD,0x13,0x04,0x0A,0x90,0x02,0xA2,0x62,0x86,0x04,0xAC,0x2F,0x04,0xA5,0x02,0x20,0xF7,0x87,0x99,0x08,0x03,0xA5,0x01,0x20,0xF7,0x87,0x99,0x07,0x03,0xA5,0x03,0x99,0x09,0x03,0xAD,0x2F,0x04,0x18,0x69,0x04,0x8D,0x2F,0x04,0xEE,0x2E,0x04,0xAE,0x2E,0x04,0xE0,0x03,0xD0,0xB6,0xA9,0x0A,0x85,0x29,0xD0,0x02,0x85,0x14,0xE6,0xAD,0x60,0xC9,0x24,0xD0,0x05,0xAA,0xA5,0x04,0x86,0x04,0x60,0xA0,0x10,0xB9,0xCA,0x86,0x99,0x02,0x03,0x88,0x10,0xF7,0x60,0x21,0xA4,0x01,0x24,0xFF,0xC4,0xE4,0xA4,0x20,0x1B,0xF2,0xA5,0x29,0xD0,0x5D,0xA9,0x06,0x85,0x29,0xA0,0x04,0xB9,0x0D,0x88,0x99,0x02,0x03,0x88,0x10,0xF7,0xAD,0x5F,0x04,0x8D,0x03,0x03,0xEE,0x5F,0x04,0xAC,0x15,0x04,0xB9,0x00,0x80,0x85,0x00,0xC8,0xB9,0x00,0x80,0x85,0x01,0xAC,0x16,0x04,0xEE,0x16,0x04,0xB1,0x00,0x29,0x3F,0xC9,0x25,0xF0,0xDB,0x8D,0x05,0x03,0xA9,0x10,0x8D,0x04,0x06,0xB1,0x00,0x29,0xC0,0xF0,0x1B,0xA0,0x02,0xC9,0xC0,0xF0,0x06,0x88,0xC9,0x40,0xF0,0x01,0x88,0xB9,0x12,0x88,0x8D,0x5F,0x04,0xC0,0x02,0xD0,0x05,0xE6,0xAD,0x20,0xF4,0x85,0x60,0xAD,0x13,0x04,0x4A,0xB0,0x18,0xA9,0x08,0x85,0xAD,0xAD,0x50,0x03,0xC9,0x71,0xD0,0x0C,0xAD,0x7E,0x06,0x18,0x69,0x14,0x8D,0x7E,0x06,0x20,0x0C,0x73,0x60,0xAD,0x7E,0x06,0xD0,0xFA,0xA2,0x02,0xBD,0x22,0x04,0x29,0x3F,0xC9,0x3F,0xF0,0x13,0xA5,0x70,0xDD,0x46,0x87,0xD0,0x0C,0xA5,0x84,0x38,0xE9,0x98,0x20,0x1F,0x70,0xC9,0x06,0x90,0x04,0xCA,0x10,0xE1,0x60,0x8E,0x38,0x04,0xAD,0x13,0x04,0x29,0x30,0xF0,0x17,0x29,0x10,0xF0,0x0E,0xAD,0x6D,0x06,0xDD,0x30,0x04,0x90,0x5D,0xBD,0x30,0x04,0x20,0xDE,0x89,0xA9,0x05,0x85,0xAD,0x60,0xAD,0x13,0x04,0x29,0x02,0xF0,0x0E,0xAD,0x6D,0x06,0xDD,0x30,0x04,0x90,0x43,0xBD,0x30,0x04,0x20,0xDE,0x89,0xAD,0x13,0x04,0x29,0x40,0xF0,0x13,0xA0,0x40,0xAD,0x50,0x03,0xC9,0x6C,0xF0,0x02,0xA0,0xB0,0xCC,0x6F,0x06,0xF0,0x03,0x90,0x01,0x60,0x20,0x0C,0x73,0xBD,0x22,0x04,0x29,0x3F,0x48,0xA9,0xFF,0x9D,0x22,0x04,0x68,0x20,0x70,0x73,0xA9,0x1E,0x20,0xF2,0x87,0xA9,0x40,0x85,0x29,0xAD,0x13,0x04,0x29,0xF7,0x8D,0x13,0x04,0x60,0xA5,0x29,0xD0,0x03,0x8D,0x50,0x03,0x60,0x14,0x14,0x16,0x14,0x18,0x1A,0xAD,0x13,0x04,0x29,0x10,0xF0,0x29,0xA9,0x00,0xAC,0x50,0x03,0xC0,0x75,0xF0,0x02,0xA9,0x03,0x18,0x6D,0x38,0x04,0xA8,0xB9,0x3B,0x89,0x8D,0x15,0x04,0xAD,0x14,0x88,0x8D,0x5F,0x04,0xA9,0x00,0x8D,0x16,0x04,0x20,0x2A,0x89,0xA9,0x1E,0x4C,0xF2,0x87,0xAD,0x50,0x03,0xC9,0x7B,0x90,0x1A,0x20,0x01,0x88,0xA9,0x24,0x20,0x97,0x87,0xA9,0x08,0x8D,0x04,0x06,0x20,0x0C,0x73,0xA9,0x08,0x85,0xAD,0xAD,0x31,0x04,0x4C,0xD6,0x89,0xAD,0x6D,0x06,0xC9,0x0A,0x90,0xA1,0xA9,0x08,0x8D,0x04,0x06,0xA0,0x02,0xB9,0x48,0x04,0x99,0x30,0x04,0x88,0x10,0xF7,0x20,0x92,0x87,0xA9,0x08,0x85,0xAD,0xA0,0x01,0xAD,0x48,0x04,0x20,0xE6,0x89,0xA0,0x05,0xAD,0x49,0x04,0x20,0xE6,0x89,0xA0,0x09,0xAD,0x4A,0x04,0x20,0xE6,0x89,0xAE,0x38,0x04,0xBD,0x48,0x04,0xC9,0x14,0xF0,0x04,0xC9,0x32,0xD0,0x08,0x18,0x6D,0x7D,0x06,0x8D,0x7D,0x06,0x60,0x18,0x6D,0x7E,0x06,0x8D,0x7E,0x06,0x60,0xA2,0x64,0xC9,0x14,0xF0,0x06,0xC9,0x32,0xF0,0x02,0xA2,0x62,0x8A,0x99,0x06,0x03,0x60,0xA9,0x2A,0x4C,0xF2,0x87,0xAD,0x14,0x88,0x8D,0x5F,0x04,0xA5,0x10,0x20,0xE2,0xE5,0xAD,0x8C,0x23,0x8A,0x23,0x8A,0x69,0x8A,0x69,0x8A,0x23,0x8A,0x69,0x8A,0x23,0x8A,0x69,0x8A,0x84,0x8A,0x28,0x26,0x2E,0x30,0x32,0x3E,0x3E,0x34,0xA9,0x78,0xA0,0x80,0x20,0xA3,0x86,0xBD,0x4F,0x03,0x38,0xE9,0x4B,0xA8,0xB9,0x1B,0x8A,0x8D,0x15,0x04,0xAD,0x50,0x03,0xC9,0x4F,0xD0,0x20,0xF0,0x12,0xA9,0x78,0xA0,0x80,0x20,0xA3,0x86,0xA9,0x36,0x8D,0x15,0x04,0xAD,0x14,0x88,0x8D,0x5F,0x04,0x20,0x14,0x73,0xF0,0x07,0xA9,0x00,0x85,0xAC,0x4C,0xB1,0xFE,0x4C,0xD3,0x8A,0x2A,0x38,0x3A,0x2C,0x40,0x42,0x42,0x3C,0xA9,0x78,0xA0,0x80,0x20,0xA3,0x86,0xBD,0x4F,0x03,0x38,0xE9,0x4B,0xA8,0xB9,0x61,0x8A,0x8D,0x15,0x04,0x4C,0xD3,0x8A,0x44,0x46,0x48,0x4A,0xA9,0x78,0xA0,0x80,0x20,0xA3,0x86,0x20,0xD3,0x8A,0xBD,0x4F,0x03,0x48,0x38,0xE9,0x4B,0xA8,0xB9,0x80,0x8A,0x8D,0x15,0x04,0x68,0xC9,0x4B,0xD0,0x12,0xAD,0x71,0x06,0xC9,0xFF,0xD0,0x0B,0xA9,0x01,0x8D,0xCE,0x04,0x4A,0x85,0xAC,0x20,0xB1,0xFE,0x60,0xA9,0x78,0xA0,0x80,0x20,0xA3,0x86,0xA9,0x24,0x8D,0x15,0x04,0xAD,0x14,0x88,0x8D,0x5F,0x04,0x20,0x14,0x73,0xF0,0x08,0xA9,0x00,0x85,0xAC,0x8D,0x50,0x03,0x60,0xA9,0x08,0x8D,0x02,0x06,0x60,0xA5,0x10,0xC9,0x03,0x90,0x08,0xC9,0x05,0xF0,0x04,0xC9,0x07,0xD0,0x03,0x4C,0x11,0x8B,0x20,0x9D,0x8B,0xA5,0xAD,0x20,0xE2,0xE5,0xF8,0x8A,0x15,0x88,0xFF,0x8A,0xA9,0x00,0x8D,0x16,0x04,0xE6,0xAD,0x60,0x20,0xD0,0x79,0xAD,0x06,0x04,0xF0,0x08,0x8D,0xCC,0x04,0xA9,0x00,0x8D,0x06,0x04,0x60,0xA5,0xAD,0xC9,0x04,0xD0,0x06,0xA5,0x15,0x29,0x01,0xD0,0x19,0x20,0x9D,0x8B,0xAD,0x50,0x03,0xC9,0x4F,0xD0,0x0F,0xA9,0x78,0x85,0x83,0xA9,0x98,0x85,0x97,0xA9,0x18,0xA2,0x13,0x20,0x0E,0xE7,0xA5,0xAD,0x20,0xE2,0xE5,0x45,0x8B,0x15,0x88,0x57,0x8B,0xF7,0x89,0x95,0x8B,0xAD,0x50,0x03,0xC9,0x4F,0xD0,0x04,0xA9,0x6C,0x85,0x14,0xA9,0x0A,0x85,0x29,0xE6,0xAD,0x60,0xAD,0x50,0x03,0xC9,0x4F,0xD0,0x12,0xA5,0x70,0xC9,0x78,0xD0,0x0C,0xA5,0x84,0x38,0xE9,0x98,0x20,0x1F,0x70,0xC9,0x06,0x90,0x01,0x60,0xA9,0x64,0xCD,0x6D,0x06,0xF0,0x02,0xB0,0xF6,0x18,0x6D,0x7E,0x06,0x8D,0x7E,0x06,0xA9,0x08,0x8D,0x04,0x06,0xAD,0x7C,0x06,0x18,0x69,0x04,0x8D,0x7C,0x06,0x8D,0x58,0x06,0x4C,0x8D,0x8C,0xA5,0x29,0xD0,0x03,0x8D,0x50,0x03,0x60,0x20,0x00,0x8B,0x20,0x93,0xFA,0x4C,0xDB,0x77,0xA5,0xAD,0xC9,0x04,0xD0,0x06,0xA5,0x15,0x29,0x01,0xD0,0x06,0x20,0x9D,0x8B,0x20,0xCB,0x8B,0xA5,0xAD,0x20,0xE2,0xE5,0xE6,0x8B,0x15,0x88,0xEF,0x8B,0xF7,0x89,0x95,0x8B,0x58,0x98,0x1A,0x18,0xA2,0x01,0x8A,0x48,0xBD,0xC7,0x8B,0x85,0x83,0xA9,0x98,0x85,0x97,0xBD,0xC9,0x8B,0xA2,0x13,0x20,0x0E,0xE7,0x68,0xAA,0xCA,0x10,0xE8,0x60,0xA9,0x0A,0x85,0x29,0xA9,0x76,0x4C,0xF2,0x87,0xA2,0x01,0xA5,0x70,0xDD,0xC7,0x8B,0xD0,0x0C,0xA5,0x84,0x38,0xE9,0x98,0x20,0x1F,0x70,0xC9,0x06,0x90,0x04,0xCA,0x10,0xEA,0x60,0xE0,0x00,0xF0,0x13,0xA9,0x32,0xCD,0x6D,0x06,0xF0,0x02,0xB0,0xF2,0x18,0x6D,0x7E,0x06,0x8D,0x7E,0x06,0x4C,0x4D,0x8C,0xAD,0x6F,0x06,0x29,0xF0,0xC9,0x30,0xB0,0x0B,0x8D,0x6F,0x06,0xA9,0x00,0x8D,0x70,0x06,0x4C,0x4D,0x8C,0xAD,0x6F,0x06,0x48,0x29,0xF0,0x38,0xE9,0x10,0x85,0x00,0x68,0x29,0x0F,0x38,0xE9,0x01,0x10,0x02,0xA9,0x00,0x05,0x00,0x8D,0x6F,0x06,0xA9,0x08,0x8D,0x04,0x06,0xA9,0x01,0x8D,0xCE,0x04,0x4C,0x8D,0x8C,0xA5,0xAD,0xC9,0x03,0xD0,0x06,0xA5,0x15,0x29,0x01,0xD0,0x09,0x20,0x00,0x8B,0x20,0x93,0xFA,0x20,0xDF,0x77,0xA5,0xAD,0x20,0xE2,0xE5,0x15,0x88,0x7C,0x8C,0xF7,0x89,0x99,0x8C,0xA0,0x0F,0xB9,0xAC,0x00,0x0A,0x90,0x29,0xA9,0x40,0x85,0xAC,0xA9,0x04,0x8D,0x02,0x06,0x20,0x0C,0x73,0xA9,0x40,0x85,0x29,0xA9,0x1E,0x4C,0xF2,0x87,0x20,0x23,0xF2,0xA5,0x29,0xD0,0x0D,0xA0,0x0F,0x99,0xAC,0x00,0x8D,0x5D,0x06,0x85,0xAC,0x8D,0x50,0x03,0x60,0xFF,0xFF,0xFF,0xFF,0xFF,0xFF,0xFF,0xFF,0xFF,0xFF,0xFF,0xFF,0xFF,0xFF,0xFF,0xFF,0xFF,0xFF,0xFF,0xFF,0xFF,0xFF,0xFF,0xFF,0xFF,0xFF,0xFF,0xFF,0xFF,0xFF,0xFF,0xFF,0xFF,0xFF,0xFF,0xFF,0xFF,0xFF,0xFF,0xFF,0xFF,0xFF,0xFF,0xFF,0xFF,0xFF,0xFF,0xFF,0xFF,0xFF,0xFF,0xFF,0xFF,0xFF,0xFF,0xFF,0xFF,0xFF,0xFF,0xFF,0xFF,0xFF,0xFF,0xFF,0xFF,0xFF,0xFF,0xFF,0xFF,0xFF,0xFF,0xFF,0xFF,0xFF,0xFF,0xFF,0xFF,0xFF,0xFF,0xFF,0xFF,0xFF,0xA9,0x00,0x85,0x00,0xA9,0xA5,0x85,0x01,0xA9,0x90,0x85,0x02,0xA9,0x6C,0x85,0x03,0xA0,0x00,0xB1,0x00,0x91,0x02,0xA5,0x00,0x18,0x69,0x01,0x85,0x00,0xA5,0x01,0x69,0x00,0x85,0x01,0xA5,0x02,0x18,0x69,0x01,0x85,0x02,0xA5,0x03,0x69,0x00,0x85,0x03,0xC9,0x7F,0xD0,0xDE,0xA5,0x02,0xC9,0x00,0xD0,0xD8,0x60,0xB4,0x8D,0xB4,0x96,0x09,0x00,0x08,0x20,0x07,0x00,0x17,0x00,0x20,0x25,0xE6,0xAD,0x02,0x20,0xAD,0x1D,0x05,0x0A,0xAA,0xBD,0x3B,0x8D,0x85,0x00,0xBD,0x3F,0x8D,0x85,0x02,0xBD,0x43,0x8D,0x8D,0x06,0x20,0xE8,0xBD,0x3B,0x8D,0x85,0x01,0xBD,0x3F,0x8D,0x85,0x03,0xBD,0x43,0x8D,0x20,0x84,0x8D,0xAD,0x1D,0x05,0xC9,0x02,0xD0,0xD3,0xA9,0xA5,0x85,0xF6,0xA9,0x00,0x8D,0x1D,0x05,0x60,0x8D,0x06,0x20,0xA0,0x00,0xB1,0x00,0x8D,0x07,0x20,0xA5,0x00,0x18,0x69,0x01,0x85,0x00,0xA5,0x01,0x69,0x00,0x85,0x01,0xA5,0x03,0x38,0xE9,0x01,0x85,0x03,0xA5,0x02,0xE9,0x00,0x85,0x02,0xA5,0x02,0xD0,0xDD,0xA5,0x03,0xD0,0xD9,0xEE,0x1D,0x05,0x60,0x07,0x0F,0x3F,0x77,0x6F,0x6F,0xEF,0xF7,0x07,0x0F,0x3F,0x7F,0x7F,0x7F,0xFF,0xFF,0xFF,0xFF,0x7F,0x5B,0x19,0x1C,0x0F,0x0E,0xFF,0xFF,0x7F,0x7F,0x3F,0x3F,0x1F,0x0E,0x03,0x0E,0x29,0x23,0x11,0x30,0x76,0x94,0x03,0x0E,0x2B,0x23,0x11,0x30,0x76,0x94,0xA8,0x29,0x23,0x6B,0x31,0x18,0x17,0x0A,0xE8,0x6B,0x23,0x6B,0x31,0x18,0x17,0x0A,0x02,0x00,0x08,0x20,0x03,0x10,0x20,0x0A,0x02,0x00,0x08,0x20,0x03,0x10,0x20,0x0A,0x80,0x09,0x20,0x01,0x20,0x04,0x01,0x06,0x80,0x09,0x20,0x01,0x20,0x04,0x01,0x06,0x00,0xE0,0xFF,0xE0,0xE0,0xE0,0xFF,0xE0,0xE0,0xFF,0xFF,0xE0,0xE0,0xFF,0xFF,0xE0,0xE0,0xE0,0xFF,0xE0,0xE0,0xE0,0xFF,0xE0,0xE0,0xFF,0xFF,0xE0,0xE0,0xFF,0xFF,0xE0,0x03,0x07,0x6F,0x6A,0x62,0x30,0x39,0x3D,0x60,0x73,0x67,0x7D,0x7F,0x3F,0x3F,0x3B,0x1F,0x1F,0x1F,0x1F,0x1F,0x1F,0x0E,0x0E,0x10,0x10,0x03,0x1E,0x03,0x00,0x0E,0x0E,0x07,0x1F,0x3F,0x70,0x40,0x80,0x00,0x00,0x00,0x00,0x00,0x00,0x00,0x07,0x1F,0x3C,0x00,0x03,0x0F,0x18,0x20,0x00,0x00,0x00,0x60,0x40,0x00,0x00,0x01,0x07,0x0C,0x10,0x00,0x00,0x10,0x08,0x0C,0x04,0x06,0x06,0x00,0x03,0x01,0x80,0x40,0x60,0x20,0x30,0x06,0x06,0x04,0x0C,0x08,0x10,0x00,0x00,0x30,0x20,0x60,0x40,0x80,0x01,0x03,0x00,0x20,0x18,0x0C,0x0E,0x06,0x07,0x07,0x07,0x00,0x00,0x80,0xC0,0xC0,0xE0,0x60,0x60,0x07,0x07,0x07,0x06,0x0E,0x0C,0x18,0x20,0x60,0x60,0xE0,0xC0,0xC0,0x80,0x00,0x00,0x00,0x80,0xF0,0xF8,0xF6,0x26,0x24,0x04,0x00,0x00,0xF0,0xF8,0xF6,0xD6,0xFE,0xF6,0x04,0x34,0x34,0x74,0xE4,0xF4,0xFE,0x76,0xF6,0xFE,0xDE,0x96,0x26,0xE6,0x1E,0x76,0x00,0x00,0x00,0x00,0x00,0x18,0x08,0xAF,0x00,0x00,0x00,0x00,0x00,0x00,0x00,0x57,0xAF,0xAF,0x08,0x18,0x00,0x00,0x00,0x00,0x57,0x57,0x00,0x00,0x00,0x00,0x00,0x00,0x00,0x00,0x00,0x00,0x00,0x00,0x00,0xFE,0x00,0x00,0x00,0x00,0x00,0x00,0x00,0xFE,0xFF,0xFE,0x00,0x00,0x00,0x00,0x00,0x00,0xFF,0xFE,0x00,0x00,0x00,0x00,0x00,0x00,0x00,0x00,0x00,0x00,0x00,0xA8,0x54,0xFF,0x00,0x00,0x00,0x00,0x00,0xA8,0x54,0x00,0x54,0xA8,0x00,0x00,0x00,0x00,0x00,0x00,0x54,0xA8,0x00,0x00,0x00,0x00,0x00,0x00,0x00,0x00,0x00,0x00,0x00,0x00,0x00,0xF8,0x00,0x00,0x00,0x00,0x00,0x00,0x0C,0x07,0x00,0x00,0x00,0x00,0x00,0x00,0x00,0x00,0x0C,0x00,0x00,0x00,0x00,0x00,0x00,0x00,0x00,0x00,0x00,0x00,0x00,0x00,0x00,0x00,0x00,0x00,0x00,0x00,0x00,0x00,0x00,0xFF,0x00,0x00,0x00,0x00,0x00,0x00,0x00,0x00,0xFF,0x00,0x00,0x00,0x00,0x00,0x00,0x00,0x00,0x00,0x00,0x00,0x00,0x00,0x0E,0x5F,0x00,0x00,0x00,0x00,0x00,0x00,0x08,0xF2,0x5F,0x0E,0x00,0x00,0x00,0x00,0x00,0x00,0xF0,0x08,0x00,0x00,0x00,0x00,0x00,0x00,0x00,0x00,0x00,0x00,0x00,0x00,0x00,0x00,0x00,0x00,0x00,0x00,0x00,0x00,0x00,0x00,0x00,0x00,0x00,0x00,0x00,0x00,0x00,0x00,0x00,0x00,0x00,0x00,0x00,0x00,0x00,0x00,0x00,0x00,0x00,0x00,0x00,0x00,0x00,0x00,0x00,0x00,0x00,0x00,0x00,0x00,0x00,0x00,0x00,0x00,0x00,0x00,0x00,0x00,0x00,0x00,0x00,0x00,0x00,0x00,0x00,0x00,0x00,0x00,0x00,0x00,0x00,0x00,0x00,0x00,0x00,0x00,0x00,0x00,0x00,0x00,0x00,0x00,0x00,0x00,0x00,0x00,0x00,0x00,0x00,0x00,0x00,0x00,0x00,0x00,0x00,0x00,0x00,0x00,0x00,0x00,0x00,0x00,0x00,0x00,0x00,0x00,0x00,0x00,0x00,0x00,0x00,0x00,0x00,0x00,0x00,0x00,0x00,0x00,0x00,0x00,0x00,0x00,0x00,0x00,0x00,0x00,0x00,0x00,0x00,0x00,0x00,0x00,0x00,0x00,0x00,0x00,0x00,0x00,0x00,0x00,0x00,0x00,0x00,0x00,0x00,0x00,0x00,0x00,0x00,0x00,0x00,0x00,0x00,0x00,0x00,0x00,0x00,0x00,0x00,0x00,0x00,0x00,0x00,0x00,0x00,0x00,0x00,0x00,0x00,0x00,0x00,0x00,0x00,0x00,0x00,0x00,0x00,0x00,0x00,0x00,0x00,0x00,0x00,0x00,0x00,0x00,0x00,0x00,0x00,0x00,0x00,0x00,0x00,0x00,0x00,0x00,0x08,0x18,0x0C,0x0C,0x06,0x02,0x02,0x01,0xF8,0x38,0x7C,0xFC,0xFE,0xFE,0xFE,0x7F,0x00,0x00,0x00,0x00,0x00,0x00,0x00,0x00,0x00,0x00,0x00,0x00,0x00,0x00,0x00,0x00,0x0F,0x1F,0x18,0x08,0x0C,0x24,0x3F,0x7F,0x0F,0x1F,0x1D,0x1D,0x1F,0x3F,0x2F,0x67,0x7F,0x4F,0x47,0x0F,0x1F,0x1F,0x1E,0x0C,0x70,0x70,0x79,0x7F,0x61,0x18,0x1E,0x0C,0x00,0x00,0x08,0x64,0xA6,0x8E,0xA5,0x15,0x00,0x00,0x38,0x7C,0xFE,0xFE,0xFF,0xFF,0x0F,0x4E,0x7E,0x18,0x00,0x00,0x00,0x00,0xFF,0xFE,0x7E,0x18,0x00,0x00,0x00,0x00,0x00,0x00,0x00,0xFF,0x00,0xFF,0xFF,0x00,0x00,0x00,0x00,0x00,0xFF,0x00,0x00,0x00,0x00,0x00,0x00,0x00,0x00,0x00,0x00,0x00,0x00,0x00,0x00,0x00,0x00,0x00,0x00,0x00,0x00,0x00,0x00,0x00,0x00,0x00,0x00,0x00,0x00,0x00,0x00,0x00,0x00,0x00,0x00,0x00,0x20,0x82,0x00,0x48,0x00,0x00,0x00,0x00,0x00,0x00,0x00,0x00,0x00,0x0F,0x3F,0x7F,0x00,0x00,0x00,0x00,0x00,0x00,0x00,0x00,0x00,0x00,0x00,0x00,0x00,0x00,0x00,0x00,0x04,0x00,0x00,0x00,0x00,0x00,0x00,0x00,0x00,0x00,0x00,0x00,0x00,0xC1,0xFF,0xFF,0x00,0x00,0x00,0x00,0x00,0x00,0x00,0x00,0x00,0x00,0x00,0x00,0x00,0x00,0x00,0x00,0x00,0x40,0x00,0x00,0x00,0x00,0x00,0x00,0x00,0x00,0x00,0x00,0x78,0xFF,0xFF,0xFF,0x00,0x00,0x00,0x00,0x00,0x00,0x00,0x00,0x00,0x00,0x00,0x00,0x00,0x00,0x00,0x00,0x42,0x00,0x24,0x00,0x01,0x00,0x00,0x00,0x00,0x00,0x00,0x00,0x38,0xFE,0xFF,0xFF,0x00,0x00,0x00,0x00,0x00,0x00,0x00,0x00,0x00,0x00,0x00,0x00,0x00,0x00,0x00,0x00,0x08,0x00,0x22,0x00,0x80,0x00,0x00,0x00,0x00,0x00,0x00,0x00,0x1F,0x7F,0xFF,0xFF,0x00,0x00,0x00,0x00,0x00,0x00,0x00,0x00,0x00,0x00,0x00,0x00,0x00,0x00,0x00,0x00,0x40,0x00,0x08,0x00,0x00,0x00,0x00,0x00,0x00,0x00,0x00,0x00,0xF0,0xFF,0xFF,0xFF,0x00,0x00,0x00,0x00,0x00,0x00,0x00,0x00,0x00,0x00,0x00,0x00,0x00,0x00,0x00,0x00,0x20,0x00,0x00,0x40,0x00,0x00,0x00,0x00,0x00,0x00,0x00,0x00,0x00,0xF8,0xFF,0xFF,0x00,0x00,0x00,0x00,0x00,0x00,0x00,0x00,0x00,0x00,0x00,0x00,0x00,0x00,0x00,0x00,0x04,0x10,0x01,0x80,0x00,0x00,0x00,0x00,0x00,0x00,0x00,0x00,0x00,0x3C,0xFE,0xFF,0x1F,0x7F,0xFF,0xFF,0x7F,0x1F,0x07,0x01,0x00,0x00,0x00,0x00,0x00,0x00,0x00,0x00,0x00,0x00,0x00,0x00,0x00,0x00,0x00,0x00,0x00,0x00,0x00,0x00,0x00,0x00,0x00,0x00,0xF0,0xFF,0xFF,0xFF,0xFF,0xFF,0xE3,0x80,0x00,0x00,0x00,0x00,0x00,0x00,0x00,0x00,0x00,0x00,0x00,0x00,0x00,0x00,0x00,0x00,0x00,0x00,0x00,0x00,0x00,0x00,0x00,0x00,0x00,0xF8,0xFF,0xFF,0xFF,0xFF,0xFF,0xF8,0x00,0x00,0x00,0x00,0x00,0x00,0x00,0x00,0x00,0x00,0x00,0x00,0x00,0x00,0x00,0x00,0x00,0x00,0x00,0x00,0x00,0x00,0x00,0x00,0x00,0x3C,0xFE,0xFF,0xFF,0xFC,0xC0,0x00,0x00,0x00,0x00,0x00,0x00,0x00,0x00,0x00,0x00,0x00,0x00,0x00,0x00,0x00,0x00,0x00,0x00,0x00,0x00,0x00,0x00,0x00,0x00,0x00,0x80,0xF0,0xFF,0xFF,0x7F,0x1F,0x0F,0x07,0x00,0x00,0x00,0x00,0x00,0x00,0x00,0x00,0x07,0x03,0x01,0x00,0x00,0x00,0x00,0x00,0x00,0x00,0x00,0x00,0x00,0x00,0x00,0x00,0x00,0x7C,0xFF,0xFF,0xFF,0xFF,0xFF,0xFF,0x00,0x00,0x00,0x00,0x00,0x00,0x00,0x00,0xFF,0xFE,0xF0,0x00,0x00,0x00,0x00,0x00,0x00,0x00,0x00,0x00,0x00,0x00,0x00,0x00,0x00,0x00,0x03,0xFF,0xFF,0xEF,0xE7,0xC7,0x00,0x00,0x00,0x00,0x00,0x00,0x00,0x00,0x83,0x03,0x01,0x00,0x00,0x00,0x00,0x00,0x00,0x00,0x00,0x00,0x00,0x00,0x00,0x00,0x07,0x7E,0xFE,0xFC,0xFC,0xFC,0xF8,0xF8,0x00,0x00,0x00,0x00,0x00,0x00,0x00,0x00,0xF8,0xF0,0xF0,0xE0,0x00,0x00,0x00,0x00,0x00,0x00,0x00,0x00,0x00,0x00,0x00,0x00,0xC0,0x70,0x78,0x38,0x3C,0x1C,0x1E,0x0F,0x00,0x00,0x00,0x00,0x00,0x00,0x00,0x00,0x0F,0x0F,0x07,0x07,0x07,0x03,0x01,0x00,0x00,0x00,0x00,0x00,0x00,0x00,0x00,0x00,0x00,0x00,0x00,0x03,0x0F,0x1F,0x3F,0xFF,0x00,0x00,0x00,0x00,0x00,0x00,0x00,0x00,0xFF,0xFC,0xF8,0xF8,0xF8,0xF0,0xE0,0x00,0x00,0x00,0x00,0x00,0x00,0x00,0x00,0x00,0x00,0x00,0x00,0xF0,0xFE,0xFF,0xFF,0xBF,0x00,0x00,0x00,0x00,0x00,0x00,0x00,0x00,0x1F,0x1F,0x0F,0x0F,0x0F,0x07,0x07,0x03,0x00,0x00,0x00,0x00,0x00,0x00,0x00,0x00,0x01,0x03,0x07,0x0E,0x3E,0xFE,0xFC,0xFC,0x00,0x00,0x00,0x00,0x00,0x00,0x00,0x00,0xFC,0xFC,0xF8,0xF8,0xF8,0xF0,0xE0,0x80,0x00,0x00,0x00,0x00,0x00,0x00,0x00,0x00,0x00,0x20,0x21,0x41,0x5D,0x20,0x38,0x3C,0x00,0x20,0x20,0x40,0x5C,0x3E,0x07,0x03,0x1E,0x0A,0x04,0x15,0x35,0x66,0x04,0x0C,0x01,0x09,0x05,0x05,0x0D,0x1E,0xFC,0x0C,0x00,0x8C,0x12,0x0C,0x18,0x78,0xB0,0x40,0x00,0x4C,0xF2,0x82,0x07,0x47,0xBE,0xC4,0x40,0xB0,0x8C,0x0E,0x06,0x00,0x00,0x00,0xC0,0xBC,0x90,0x10,0x00,0x00,0x00,0x00,0x00,0x06,0x2C,0x40,0x58,0x50,0x12,0x03,0x00,0x00,0x13,0x3F,0x27,0x0E,0x0E,0x0B,0x31,0x65,0x63,0x63,0x43,0x01,0x00,0x00,0x01,0x1D,0x1F,0x1E,0x3A,0x30,0x20,0x00,0x00,0x4C,0x48,0x4C,0x40,0xE0,0xE2,0xC3,0x40,0x20,0x66,0xCB,0xB0,0x18,0x18,0x38,0x45,0x48,0x80,0x80,0xC0,0xC0,0xC0,0x40,0x3E,0x79,0x50,0x60,0x20,0x20,0x20,0x00,0x30,0x60,0xE2,0xC3,0xCD,0x4E,0x46,0x02,0x08,0x1C,0x1E,0x3B,0x3B,0x39,0x25,0x23,0x00,0x00,0x00,0x00,0x00,0x00,0x00,0x00,0x00,0x00,0x00,0x00,0x00,0x00,0x00,0x00,0x60,0xC0,0xC0,0x40,0x86,0x95,0x18,0x00,0x10,0x38,0x38,0x30,0xF0,0xB6,0x19,0x00,0x00,0x00,0x00,0x00,0x00,0x00,0x00,0x00,0x00,0x00,0x00,0x00,0x00,0x00,0x00,0x00,0x18,0x30,0x78,0xFC,0xB4,0x10,0x00,0x00,0x40,0xC2,0x37,0x13,0x0B,0x66,0xF8,0x70,0x00,0x00,0x00,0x00,0x00,0x00,0x00,0x00,0x00,0x00,0x00,0x00,0x00,0x00,0x00,0x00,0xC0,0xE0,0xE0,0xA0,0x20,0xA0,0x40,0x9E,0x10,0x10,0x90,0xC0,0xD8,0x5C,0xBC,0x60,0x1E,0xDC,0xFC,0xFC,0xFC,0xFC,0x78,0x70,0xEC,0x2C,0x0C,0x0C,0x0C,0x04,0x00,0x00,0x07,0x0F,0x0F,0x0F,0x0F,0x04,0x00,0x09,0x10,0x10,0x10,0x00,0x00,0x7B,0xFF,0xF6,0x0B,0x13,0x3D,0x3F,0x3F,0x3F,0x1C,0x00,0xF4,0x6C,0x02,0x00,0x00,0x00,0x00,0x00,0x00,0x00,0x00,0x00,0x00,0x00,0x00,0x00,0x45,0xFF,0xFF,0xFF,0xFF,0xDB,0xDB,0xDB,0x00,0x00,0x00,0x00,0x00,0x00,0x00,0x00,0xDB,0xDB,0xDB,0xD8,0xFF,0xFF,0xFF,0xFF,0x00,0x00,0x00,0x00,0x00,0x00,0x00,0x00,0x47,0xFF,0xFF,0xFF,0xFF,0x8F,0xBF,0x9F,0x00,0x00,0x00,0x00,0x00,0x00,0x00,0x00,0xCF,0xEF,0xEF,0x8B,0xFF,0xFF,0xFF,0xFF,0x00,0x00,0x00,0x00,0x00,0x00,0x00,0x00,0xFF,0xFF,0xFF,0xFF,0xFF,0xFF,0xFF,0xFF,0x00,0x00,0x00,0x00,0x00,0x00,0x00,0x00,0xFF,0xFF,0xFF,0xFF,0xFF,0xFF,0xFF,0xFF,0x00,0x00,0x00,0x00,0x00,0x00,0x00,0x00,0xFF,0xFF,0xFF,0xFF,0xF1,0xF5,0xF5,0xF1,0x00,0x00,0x00,0x00,0x00,0x00,0x00,0x00,0xF7,0xF7,0xF7,0xFF,0xFF,0xFF,0xFF,0xDC,0x00,0x00,0x00,0x00,0x00,0x00,0x00,0x00,0xFF,0xFF,0xFF,0xFF,0xFF,0xFF,0xFF,0xFF,0x00,0x00,0x00,0x00,0x00,0x00,0x00,0x00,0xFF,0xFF,0xF1,0xFB,0xFB,0xFB,0xFB,0xFB,0x00,0x00,0x00,0x00,0x00,0x00,0x00,0x00,0xDD,0xDD,0xDD,0xDD,0xDD,0xC4,0xFF,0xFF,0x00,0x00,0x00,0x00,0x00,0x00,0x00,0x00,0xFF,0xFF,0x51,0x57,0x57,0x11,0x57,0x57,0x00,0x00,0x00,0x00,0x00,0x00,0x00,0x00,0xFB,0xFF,0xFF,0xFF,0xFF,0xC4,0xDD,0xDD,0x00,0x00,0x00,0x00,0x00,0x00,0x00,0x00,0xC5,0xDD,0xDD,0xDC,0xFF,0xFF,0xFF,0xFF,0x00,0x00,0x00,0x00,0x00,0x00,0x00,0x00,0x51,0xFF,0xFF,0xFF,0xFF,0x47,0x57,0x57,0x00,0x00,0x00,0x00,0x00,0x00,0x00,0x00,0x57,0x4F,0x57,0x57,0xFF,0xFF,0xFF,0xFF,0x00,0x00,0x00,0x00,0x00,0x00,0x00,0x00,0xFF,0xFF,0xFF,0xFF,0x71,0x77,0x77,0x71,0x00,0x00,0x00,0x00,0x00,0x00,0x00,0x00,0x77,0x77,0x11,0xFF,0xFF,0xFF,0xFF,0x45,0x00,0x00,0x00,0x00,0x00,0x00,0x00,0x00,0xFF,0xFF,0xFF,0xFF,0xB1,0x17,0x53,0x59,0x00,0x00,0x00,0x00,0x00,0x00,0x00,0x00,0x1D,0x5D,0x51,0xFF,0xFF,0xFF,0xFF,0xBE,0x00,0x00,0x00,0x00,0x00,0x00,0x00,0x00,0x55,0x54,0x55,0x55,0x55,0x45,0xFF,0xFF,0x00,0x00,0x00,0x00,0x00,0x00,0x00,0x00,0xFF,0xFF,0xF2,0xF5,0xF5,0xF5,0xF5,0xF5,0x00,0x00,0x00,0x00,0x00,0x00,0x00,0x00,0x7E,0xFE,0x7E,0x7E,0xBE,0xBE,0xFF,0xFF,0x00,0x00,0x00,0x00,0x00,0x00,0x00,0x00,0xFF,0xFF,0xEC,0x45,0x55,0x55,0x45,0x55,0x00,0x00,0x00,0x00,0x00,0x00,0x00,0x00,0xF5,0xFF,0xFF,0xFF,0xFF,0x98,0xAB,0xAB,0x00,0x00,0x00,0x00,0x00,0x00,0x00,0x00,0xA8,0xAB,0xAB,0x98,0xFF,0xFF,0xFF,0xFF,0x00,0x00,0x00,0x00,0x00,0x00,0x00,0x00,0x55,0xFF,0xFF,0xFF,0xFF,0x8D,0xD8,0xDA,0x00,0x00,0x00,0x00,0x00,0x00,0x00,0x00,0xDA,0xD8,0xDA,0xDA,0xFF,0xFF,0xFF,0xFF,0x02,0x01,0x00,0x00,0x00,0x00,0x00,0x00,0xFE,0xFF,0xFF,0xFF,0x1F,0x7F,0x7F,0x1F,0x00,0x00,0x00,0x00,0x00,0x00,0x00,0x00,0x7F,0x7F,0x1F,0xFF,0xFF,0xFF,0xFF,0xA3,0x80,0xE0,0x72,0x14,0x14,0x08,0x00,0x01,0x80,0xE0,0xF2,0xF6,0xF7,0xFF,0xFF,0xFF,0x01,0x02,0x14,0x27,0x48,0x53,0x64,0x02,0xFF,0xFE,0xFC,0xEF,0xCF,0xDF,0xFC,0xFE,0x00,0x00,0x00,0x00,0x00,0x00,0x00,0x00,0xAB,0xAB,0xA3,0xAF,0xAF,0x2F,0xFF,0xFF,0x00,0x00,0x00,0x00,0x00,0x00,0x00,0x00,0xFF,0xFF,0xD6,0x54,0x55,0x55,0x54,0x55,0x00,0x01,0x03,0x06,0x0E,0x0C,0x0C,0x04,0xFF,0xFF,0xFF,0xFE,0xFE,0xFC,0xFC,0xFC,0x02,0x01,0x01,0x00,0x00,0x00,0x00,0x00,0xFE,0xFF,0xDF,0x5F,0x5F,0x5F,0x5F,0x5F,0x00,0x00,0x00,0x00,0x00,0x00,0x00,0x00,0x00,0x00,0x00,0x00,0x00,0x00,0x00,0x00,0x00,0x00,0x1D,0x09,0x09,0x09,0x09,0x00,0x00,0x00,0x1D,0x09,0x09,0x09,0x09,0x00,0x00,0x00,0x2F,0x28,0xEE,0x28,0x2F,0x00,0x00,0x00,0x2F,0x28,0xEE,0x28,0x2F,0x00,0x00,0x00,0x08,0x08,0x08,0x08,0x0F,0x00,0x00,0x00,0x08,0x08,0x08,0x08,0x0F,0x00,0x00,0x00,0x79,0x42,0x72,0x42,0x7B,0x00,0x07,0x0F,0x7F,0x4F,0x7F,0x47,0x7B,0x01,0x00,0x00,0xDE,0x10,0xDC,0x50,0xDE,0x00,0xFF,0xFF,0xFF,0xFF,0xFF,0xFF,0xFF,0xFF,0x00,0x00,0xE7,0x94,0x94,0x94,0x97,0x00,0xFF,0xFF,0xFF,0xFF,0xFF,0xFF,0xFF,0xFF,0x00,0x00,0x03,0x84,0x84,0x84,0x03,0x00,0xFF,0xFF,0xFF,0xFF,0xFF,0xFF,0xFF,0xFF,0x00,0x00,0x3C,0xA0,0xB9,0xA0,0x20,0x00,0xFF,0xFF,0xFF,0xFF,0xFF,0xFF,0xFF,0xFF,0x00,0x00,0x00,0x00,0xFF,0x00,0x00,0x00,0xFF,0xFF,0xFF,0xFF,0xFF,0xFF,0xFF,0xFF,0x00,0x00,0x00,0x00,0xF8,0x10,0x10,0x20,0xFF,0xFF,0xFF,0xFF,0xFF,0xFF,0xFF,0xFF,0x00,0x00,0x20,0x60,0x40,0xC0,0x80,0x80,0xC0,0xE0,0xE0,0xE0,0xC0,0xC0,0x80,0x80,0x00,0x00,0x00,0x00,0x01,0x03,0x07,0x0F,0x00,0x00,0x00,0x00,0x00,0x00,0x00,0x00,0x1F,0x3F,0x7F,0xFF,0xFF,0xFF,0xFF,0xFF,0x00,0x00,0x00,0x00,0x00,0x00,0x00,0xFF,0xFF,0xFF,0xFF,0xFF,0xFF,0xFF,0xFF,0xFF,0x00,0x00,0x00,0x00,0x00,0x00,0x00,0x00,0xFF,0xFF,0xFF,0xFF,0xFF,0xFF,0xFF,0xFF,0x00,0x01,0x03,0x07,0x0F,0x1F,0x3F,0x7F,0x7F,0xBF,0xFF,0xFF,0xFF,0xFF,0xFF,0xBF,0x00,0x80,0xC0,0xC0,0xE0,0xE0,0xC0,0x80,0xFF,0xFF,0xFF,0xFF,0xFF,0xFF,0xFF,0xFF,0x00,0x00,0x00,0x00,0x00,0x00,0x00,0x3F,0xFF,0xFF,0xFF,0xFF,0xFF,0xFF,0xFF,0xFF,0x00,0x00,0x00,0x00,0x00,0x00,0x00,0xFC,0xC7,0xE7,0xF7,0xFF,0xFF,0xFF,0xFF,0xFF,0x38,0x38,0x38,0x78,0x70,0x70,0xF0,0xF0,0xFC,0xFE,0xFF,0xFF,0xFF,0xFF,0xFE,0xFE,0x03,0x07,0x0F,0x0F,0x1F,0x1F,0x1F,0x1F,0x0F,0x0F,0x1F,0xBF,0x8F,0x07,0x07,0x03,0xF0,0xFC,0xFF,0xFF,0xFF,0xFF,0xFF,0xFF,0xFF,0xFF,0xFF,0xFF,0xFF,0xFF,0xFF,0xFF,0x00,0x00,0x00,0x80,0x80,0xC0,0xC0,0xC0,0xFF,0xFF,0xFF,0xFF,0xFF,0xFF,0xFF,0xFF,0x00,0x00,0x00,0x00,0x00,0x00,0x00,0x3F,0xF1,0xFD,0xFF,0xFF,0xFF,0xFF,0xFF,0xFF,0x0F,0x03,0x00,0x00,0x00,0x00,0x00,0x80,0x0F,0x3F,0x7F,0xFF,0xFF,0xFF,0xFF,0xFF,0x08,0x38,0x78,0x78,0x78,0x3C,0x1C,0x1C,0xF0,0xF8,0xFC,0xFE,0xFF,0xFF,0xFF,0xFF,0x00,0x00,0x00,0x00,0x00,0x00,0x00,0x00,0x00,0x00,0x00,0x00,0x00,0x80,0xC0,0xE0,0x00,0x00,0x00,0x00,0x00,0x00,0x00,0x00,0x1F,0x0F,0x07,0x03,0x01,0x00,0x00,0x00,0x07,0x0F,0x07,0x03,0x01,0x00,0x00,0x00,0xFF,0xFF,0xFF,0xFF,0x9F,0x3F,0x7F,0xFF,0xFE,0xFC,0xF8,0xF0,0x80,0x00,0x00,0x00,0xFF,0xFF,0xFF,0xFF,0xFF,0xFF,0xFF,0xFF,0x00,0x01,0x03,0x07,0x0F,0x1F,0x3F,0x7F,0xFF,0xFE,0xFC,0xF8,0xF0,0xE0,0xC0,0x80,0xFF,0xFE,0xFC,0xF8,0xF0,0xE0,0xC0,0x80,0x3F,0x3F,0x7F,0x7F,0x7F,0xFF,0xFF,0xFF,0x00,0x00,0x00,0x00,0x00,0x00,0x00,0x00,0xFF,0xFF,0xFF,0xFF,0xFF,0xFF,0xFF,0xFF,0x3F,0x7F,0x00,0x00,0x00,0x00,0x00,0x00,0xFF,0xFF,0xFF,0xE0,0xF0,0xF8,0xFC,0xFC,0xFE,0xFF,0x3F,0x3F,0x3F,0x7F,0x7F,0x7F,0xFF,0xFF,0xFF,0x3F,0x3F,0x3F,0x3F,0x3F,0xE0,0xE0,0xE0,0xE0,0xC0,0xC0,0xC0,0xC0,0xFC,0xFC,0xFC,0xFC,0xF8,0xF8,0xF8,0xF8,0x3F,0x3F,0x3F,0x3F,0x7F,0x7F,0x7F,0x7F,0x03,0x01,0x01,0x01,0x01,0x00,0x00,0x00,0xFF,0xFF,0xFF,0xFF,0xFF,0xFF,0xFF,0xFF,0xFF,0xFF,0xFF,0xFF,0xFF,0xFF,0xFF,0xFF,0xC0,0xE0,0xE0,0xE0,0xE0,0xF0,0xF0,0xF0,0xFF,0xFF,0xFF,0xEB,0xE8,0xF0,0xF0,0xF0,0x3F,0x1F,0x1F,0x1F,0x1F,0x0F,0x0F,0x0F,0xFF,0xFF,0xFF,0xFF,0xFF,0x7F,0x7F,0xFF,0xE0,0xF0,0xF8,0xF8,0xFC,0xFC,0xFC,0xFC,0xFF,0xFF,0xFF,0xFF,0xFF,0xFF,0xFF,0xFF,0x0C,0x0C,0x06,0x06,0x06,0x06,0x02,0x02,0xFF,0xFF,0xFF,0xFF,0xFF,0xFF,0xFF,0xFF,0x00,0x00,0x00,0x00,0x00,0x02,0x03,0x03,0xF0,0xF8,0xFC,0xFE,0xFF,0xFF,0xFF,0xFF,0x00,0x00,0x00,0x00,0x00,0x00,0x00,0x80,0x00,0x00,0x00,0x00,0x00,0x80,0xC0,0xE0,0x00,0x00,0x00,0x00,0x00,0x00,0x00,0x00,0x01,0x03,0x07,0x0F,0x1F,0x3F,0x7F,0xFF,0x00,0x00,0x00,0x00,0x00,0x00,0x00,0x00,0xFF,0xFF,0xFF,0xFF,0xFF,0xFF,0xFF,0xFF,0x00,0x01,0x03,0x07,0x00,0x00,0x00,0x00,0xFF,0xFE,0xFC,0xF8,0xFF,0xFF,0xFF,0xFF,0xFF,0xFE,0xFC,0xF8,0x00,0x00,0x00,0x00,0x00,0x01,0x05,0x1F,0xFF,0xFF,0xFF,0xFF,0x00,0x00,0x00,0x02,0x06,0x04,0x0C,0x0C,0xFF,0xFF,0xFF,0xFF,0xFF,0xFF,0xFF,0xFF,0x01,0x01,0x03,0x03,0x00,0x00,0x00,0x00,0xFF,0xFF,0xFF,0xFF,0xFF,0xFF,0xFF,0xFF,0xFF,0xFF,0xFF,0xFF,0x00,0x00,0x00,0x00,0xFC,0xF8,0xFA,0xFF,0xFF,0xFF,0xFF,0xFF,0xFF,0xFF,0xFD,0xF9,0x01,0x01,0x03,0x03,0x7F,0x7F,0x7F,0x7F,0xFF,0xFF,0xFF,0xFF,0x80,0x80,0x80,0x80,0x00,0x00,0x00,0x00,0xF0,0xF0,0xF0,0xF0,0xFF,0xFF,0xFF,0xFF,0xFF,0xFF,0xFF,0xFF,0x00,0x00,0x00,0x00,0x00,0x00,0x01,0x03,0xFF,0xFF,0xFF,0xFF,0xFF,0xFF,0xFE,0xFC,0x00,0x00,0x00,0x00,0xFF,0x7F,0x7F,0x7F,0xFF,0xBF,0xBF,0xBF,0xF0,0xF8,0xF8,0xF8,0x78,0x7C,0x7C,0x7C,0xF0,0xF1,0xF9,0xFB,0xFF,0xFF,0xFF,0xFF,0x0F,0x0F,0x07,0x07,0x00,0x00,0x00,0x00,0xBF,0x9F,0x1F,0x1F,0xFF,0xFF,0xFF,0xFF,0xBC,0x9C,0x18,0x10,0x00,0x00,0x00,0x00,0xFF,0xFF,0xFF,0xFF,0xFF,0xFF,0xFF,0xFF,0x03,0x03,0x03,0x03,0x03,0x03,0x07,0x07,0xFF,0xFF,0xFE,0xFF,0xFF,0xFF,0xFF,0xFF,0x01,0x01,0x00,0x00,0x00,0x80,0x80,0x80,0xFF,0xFF,0xFF,0xFF,0xFF,0xFF,0xFF,0xFF,0xC0,0xE0,0xF0,0x00,0x00,0x00,0x00,0x00,0xF0,0xF8,0xFC,0xFE,0xFF,0xFF,0xFF,0xFF,0x00,0x00,0x00,0x00,0x00,0x00,0x00,0x00,0x00,0x00,0x00,0x00,0x00,0x80,0xC0,0xE0,0x00,0x00,0x00,0x00,0x00,0x00,0x00,0x00,0xFF,0xFF,0xFF,0xFF,0xFF,0xFF,0x7F,0x1F,0x00,0x00,0x00,0x00,0xFF,0xFF,0x7F,0x1F,0xFF,0xFF,0xFF,0xFF,0xFF,0xFF,0xFF,0xFF,0x00,0x00,0x00,0x00,0xFF,0xFF,0xFF,0xFF,0xFF,0xFF,0xFF,0xFF,0xFF,0xFF,0xFF,0xFF,0x00,0x00,0x00,0x00,0xFF,0xFF,0xFF,0xFF,0xFF,0xFF,0xFF,0xFF,0xFF,0xFF,0xFF,0xFD,0x18,0x18,0x30,0x20,0xFF,0xFF,0xFF,0xFD,0xFF,0xFF,0xFF,0xFF,0xFF,0xFF,0xFF,0xFF,0x00,0x00,0x00,0x00,0xFF,0xFF,0xFF,0xFF,0xFF,0xFF,0xFF,0xFF,0xFF,0xFF,0xFF,0xFF,0x00,0x00,0x00,0x00,0xFF,0xFF,0xFF,0xFF,0xFF,0xFF,0xFF,0xFF,0xFF,0xFF,0xFF,0xFF,0x02,0x06,0x06,0x06,0xFF,0xFF,0xFF,0xFF,0xFF,0xFF,0xFF,0xFF,0xFF,0xFF,0xFF,0x7F,0x00,0x00,0x00,0x00,0xFF,0xFF,0xFF,0xFF,0xFF,0xFF,0xFF,0xFF,0xFF,0xFF,0xFF,0xFF,0x00,0x00,0x00,0x00,0xFF,0xFF,0xFF,0xFF,0xFF,0xFF,0xFF,0xFF,0xFF,0xFF,0xFF,0xFF,0x00,0x00,0x00,0x00,0xFF,0xFF,0xFF,0xFF,0xBF,0xDF,0xDF,0xFF,0xFF,0xFF,0xFF,0xBF,0x7C,0x38,0x38,0x10,0xFF,0xFF,0xFF,0xFF,0xFF,0xFF,0xFF,0xFF,0xFF,0xFF,0xFF,0xFF,0x00,0x00,0x00,0x00,0xFF,0xFF,0xFF,0xFF,0xFF,0xFF,0xFF,0xFF,0xFF,0xFE,0xFC,0xF0,0x00,0x00,0x00,0x01,0xFF,0xFE,0xFC,0xF0,0xFF,0xFF,0xDF,0x9F,0x1F,0x1F,0x3F,0x7F,0x0F,0x1F,0x1F,0x9E,0x1F,0x1F,0x3F,0x7F,0xFF,0xFF,0xFF,0xFF,0xFF,0xFF,0xE0,0xE0,0x80,0x80,0x00,0x00,0xFF,0xFF,0xE0,0xE0,0xFF,0xFF,0xFF,0xFF,0xFF,0xFF,0x03,0x01,0x00,0x00,0x7F,0x7F,0xFF,0xFF,0x03,0x01,0xFF,0xFF,0xFF,0xFF,0xFF,0xFF,0xFF,0xFF,0x00,0x00,0xF0,0xF8,0xFF,0xFF,0xFF,0xFF,0xF0,0xF8,0xFC,0xFE,0xFE,0xF8,0xE0,0x80,0x00,0x00,0x00,0x00,0xFE,0xF8,0xE0,0x80,0x00,0x00,0x00,0x00,0x00,0x00,0x00,0x00,0x01,0x00,0x00,0x00,0x00,0x00,0x00,0x00,0x18,0x08,0x0C,0x04,0x06,0x02,0x03,0x01,0xFF,0xFF,0xFF,0x7F,0x7F,0x3F,0x3F,0x1F,0x00,0x00,0x00,0x00,0x00,0x00,0x00,0x00,0xFF,0xFF,0xFF,0xFF,0xFF,0xFF,0xFF,0xFF,0x00,0x00,0x00,0x00,0x00,0x01,0x01,0x02,0xFF,0xFF,0xFF,0xFF,0xFF,0xFF,0xFF,0xFF,0x21,0x43,0x42,0x86,0x84,0x0C,0x08,0x18,0xFF,0xFF,0xFE,0xFE,0xFC,0xFC,0xF8,0xF8,0x00,0x00,0x00,0x7F,0xFF,0x1F,0x00,0x00,0x00,0x00,0x00,0x00,0x00,0x00,0x00,0x00,0x00,0x00,0x00,0xFF,0xFF,0xFF,0x00,0x00,0x00,0x00,0x00,0x00,0x00,0x00,0x00,0x00,0x00,0x00,0x00,0xFF,0x00,0xFF,0xFF,0x00,0x00,0x00,0x00,0x00,0xFF,0x00,0x00,0x00,0x00,0x00,0x00,0x00,0x00,0x00,0x00,0x00,0x00,0x00,0x00,0x00,0x00,0x00,0x00,0x00,0x01,0x00,0x00,0x00,0x00,0x00,0x00,0x00,0x1F,0x0F,0x0F,0x07,0x07,0x03,0x03,0x01,0x80,0x80,0xC0,0x40,0x60,0x20,0x30,0x10,0xFF,0xFF,0xFF,0xFF,0xFF,0xFF,0xFF,0xFF,0x02,0x04,0x04,0x08,0x08,0x10,0x10,0x21,0xFF,0xFF,0xFF,0xFF,0xFF,0xFF,0xFF,0xFF,0x10,0x30,0x20,0x60,0x40,0xC0,0x80,0x80,0xF0,0xF0,0xE0,0xE0,0xC0,0xC0,0x80,0x80,0x18,0x08,0x0C,0x04,0x06,0x03,0x00,0x00,0xFF,0xFF,0xFF,0x7F,0x7F,0x3F,0x3F,0x1F,0x21,0x43,0x42,0x86,0x84,0x0C,0x08,0x18,0xFF,0xFF,0xFE,0xFE,0xFC,0xFC,0xF8,0xF8,0x00,0x00,0x00,0x00,0x07,0x05,0x07,0x00,0x00,0x00,0x00,0x00,0x00,0x00,0x00,0x00,0x00,0x00,0x00,0x00,0x00,0x00,0x00,0x01,0x1F,0x0F,0x0F,0x07,0x07,0x03,0x03,0x01,0x10,0x30,0x20,0x60,0x40,0xC0,0x80,0x80,0xF0,0xF0,0xE0,0xE0,0xC0,0xC0,0x80,0x80,0x00,0x00,0xB0,0xB1,0xB1,0xB1,0xB1,0xB0,0x00,0x04,0x06,0x4F,0x4F,0x4F,0x4F,0x06,0x3F,0x7F,0x7F,0xFF,0xFC,0xFC,0xFC,0xF8,0x3F,0x7F,0x7F,0xFF,0xFF,0xFF,0xFF,0xFF,0x00,0xF8,0xFC,0xFC,0xFE,0x7E,0xFF,0xFF,0x00,0xF8,0xA0,0x00,0x00,0x80,0x00,0x00,0xF9,0xF1,0x7B,0x79,0x70,0x78,0x3C,0x7C,0xFE,0xFE,0x7C,0x7E,0x7F,0x7F,0x3F,0x7F,0xFE,0xFE,0xFC,0xFC,0x7E,0x3E,0x7F,0x7F,0x00,0x00,0x00,0x00,0x80,0xC0,0x80,0x80,0x5E,0xBF,0xBF,0xFC,0xF0,0xF8,0xF8,0xF0,0xB9,0x7C,0x7F,0x7F,0xFF,0xFF,0xFF,0xFF,0x78,0xF8,0xF8,0xFE,0x7E,0xFF,0xFF,0x7F,0xFF,0xFF,0xE7,0xC1,0x81,0x00,0x00,0x80,0x78,0x1E,0x3C,0x7C,0x7C,0x70,0x78,0xFC,0xFF,0xFF,0xFF,0xFF,0xFF,0xFF,0xFF,0xFF,0xFE,0xFE,0x7C,0x3C,0x7E,0x7E,0xFF,0xFF,0x01,0x01,0x83,0xC3,0x81,0x81,0x00,0x00,0x67,0x7F,0xF8,0xF9,0xE6,0xC4,0xC2,0xF2,0xFE,0xFC,0xFF,0xFF,0xFF,0xFF,0xFF,0xFF,0xEE,0xBE,0xFE,0x1F,0xCF,0x6F,0x7F,0x3F,0x11,0x41,0xC1,0xE0,0x30,0x90,0x80,0xC0,0xFA,0xF6,0x74,0x74,0x28,0x28,0x7C,0xF4,0xFF,0xFF,0xFF,0xFF,0xFF,0xFF,0xFF,0xFF,0x3E,0x7C,0x6E,0x66,0x77,0x33,0x67,0x6F,0xC1,0x83,0x91,0x99,0x88,0xCC,0x98,0x90,0x03,0xE7,0xFF,0xFF,0xF9,0x70,0x10,0x00,0x03,0xE7,0xCF,0xCE,0x9E,0xFF,0xFF,0xFF,0xFB,0xFF,0xFF,0xFB,0xF8,0x38,0x30,0x00,0xD7,0x8F,0x1F,0x1F,0x0F,0xCF,0xCF,0xFF,0x5C,0x54,0x20,0x02,0x37,0x72,0xF4,0x30,0x3A,0x38,0x48,0xF2,0x1B,0x6E,0xEE,0x20,0x50,0x80,0x28,0x98,0xB8,0x34,0x2A,0x08,0x60,0xF0,0x60,0xCF,0xB6,0x3B,0x35,0x01,0x00,0x78,0xF8,0xEE,0x45,0x00,0x20,0x00,0x00,0xBE,0x6C,0xF5,0x78,0x4E,0x16,0x60,0x00,0x18,0x38,0x30,0xE3,0x44,0x40,0x00,0x00,0x38,0x76,0x6D,0x5A,0xF2,0x26,0x00,0x04,0xD8,0x73,0x24,0x42,0x31,0x38,0x38,0x00,0xD5,0x3C,0xF0,0x76,0x6F,0x77,0x14,0x00,0x00,0x00,0x00,0x00,0x20,0x30,0x30,0x00,0x00,0x00,0x00,0x00,0x00,0x00,0x00,0x07,0x0C,0xDB,0xCB,0xDF,0xCB,0xCB,0xCB,0x17,0x3C,0xF8,0x74,0x3F,0xB5,0xF4,0xF0,0x80,0xC0,0x6D,0x6D,0x7D,0xFD,0xFD,0x7D,0x80,0xC0,0x60,0xB2,0xB2,0x92,0xD2,0x58,0x00,0x03,0x0E,0x00,0x00,0x00,0x00,0x00,0x38,0x3B,0x1E,0x1C,0x0E,0x0F,0x07,0x01,0x68,0xB8,0xE8,0x50,0x28,0x1C,0x1C,0x08,0x68,0xB8,0xF8,0x68,0x38,0x1C,0xFF,0xFF,0x00,0x00,0x00,0x00,0x00,0x00,0x00,0x00,0x06,0x06,0x0E,0x0C,0x1C,0x78,0xF0,0xC0,0x3E,0x1E,0x1C,0x3C,0x7E,0x7E,0x7F,0xFF,0xC1,0xE1,0xE3,0xC3,0x81,0x81,0x80,0x00,0x3F,0x3C,0x78,0x60,0x60,0x3C,0x3F,0x1F,0xC0,0xC0,0x80,0x80,0x80,0xC0,0xC0,0xE0,0x00,0xF0,0xA8,0x0C,0x1E,0x7E,0xFE,0xFC,0x00,0xF0,0xF0,0xF0,0xE0,0x80,0x00,0x00,0x3C,0x42,0x99,0xA1,0xA1,0x99,0x42,0x3C,0x00,0x00,0x00,0x00,0x00,0x00,0x00,0x00,0xFF,0xFF,0xFF,0xFF,0xFF,0xFF,0xFF,0xFF,0xFF,0xFF,0xFF,0xFF,0xFF,0xFF,0xFF,0xFF,0xFF,0xFF,0xFF,0xFF,0xFF,0xFF,0xFF,0xFF,0xFF,0xFF,0xFF,0xFF,0xFF,0xFF,0xFF,0xFF,0xFF,0xFF,0xFF,0xFF,0xFF,0xFF,0xFF,0xFF,0xFF,0xFF,0xFF,0xFF,0xFF,0xFF,0xFF,0xFF,0xFF,0xFF,0xFF,0xFF,0xFF,0xFF,0xFF,0xFF,0xFF,0xFF,0xFF,0xFF,0xFF,0xFF,0xFF,0xFF,0xFF,0xFF,0xFF,0xFF,0xFF,0xFF,0xFF,0xFF,0xFF,0xFF,0xFF,0xFF,0xFF,0xFF,0xFF,0xFF,0xFF,0xFF,0xFF,0xFF,0xFF,0xFF,0xFF,0xFF,0xFF,0xFF,0xFF,0xFF,0xFF,0xFF,0xFF,0xFF,0xFF,0xFF,0xFF,0xFF,0xFF,0xFF,0xFF,0xFF,0xFF,0xFF,0xFF,0xFF,0xFF,0xFF,0xFF,0xFF,0xFF,0xFF,0xFF,0xFF,0xFF,0xFF,0xFF,0xFF,0xFF,0xFF,0xFF,0xFF,0xFF,0xFF,0xFF,0xFF,0xFF,0xFF,0xFF,0xFF,0xFF,0xFF,0xFF,0xFF,0xFF,0xFF,0xFF,0xFF,0xFF,0xFF,0xFF,0xFF,0xFF,0xFF,0xFF,0xFF,0xFF,0xFF,0xFF,0xFF,0xFF,0xFF,0xFF,0xFF,0xFF,0xFF,0xFF,0xFF,0xFF,0xFF,0xFF,0xFF,0xFF,0xFF,0xFF,0xFF,0xFF,0xFF,0xFF,0xFF,0xFF,0xFF,0xFF,0xFF,0xFF,0xFF,0xFF,0xFF,0xFF,0xFF,0xFF,0xFF,0xFF,0xFF,0xFF,0xFF,0xFF,0xFF,0xFF,0xFF,0xFF,0xFF,0xFF,0xFF,0xFF,0xFF,0xFF,0xFF,0xFF,0xFF,0xFF,0xFF,0xFF,0xFF,0xFF,0xFF,0xFF,0xFF,0xFF,0xFF,0xFF,0xFF,0xFF,0xFF,0xFF,0xFF,0xFF,0xFF,0xFF,0xFF,0xFF,0xFF,0xFF,0xFF,0xFF,0xFF,0xFF,0xFF,0xFF,0xFF,0xFF,0xFF,0xFF,0xFF,0xFF,0xFF,0xFF,0xFF,0xFF,0xFF,0xFF,0xFF,0xFF,0xFF,0xFF,0xFF,0xFF,0xFF,0xFF,0xFF,0xFF,0xFF,0xFF,0xFF,0xFF,0xFF,0xFF,0xFF,0xFF,0xFF,0xFF,0xFF,0xFF,0xFF,0xFF,0xFF,0xFF,0xFF,0xFF,0xFF,0xFF,0xFF,0xFF,0xFF,0xFF,0xFF,0xFF,0xFF,0xFF,0xFF,0xFF,0xFF,0xFF,0xFF,0xFF,0xFF,0xFF,0xFF,0xFF,0xFF,0xFF,0xFF,0xFF,0xFF,0xFF,0xFF,0xFF,0xFF,0xFF,0xFF,0xFF,0xFF,0xFF,0xFF,0xFF,0xFF,0xFF,0xFF,0xFF,0xFF,0xFF,0xFF,0xFF,0xFF,0x85,0x84,0xA5,0x84,0x95,0x84,0xA9,0x00,0x95,0x70,0xA9,0x2E,0x9D,0x4F,0x03,0x60,0x36,0x3B,0x73,0x44,0x0A,0x21,0x41,0x6C,0xA5,0xAC,0x29,0x40,0xA8,0xA9,0x02,0x18,0x75,0x70,0x95,0x70,0xC0,0x40,0xD0,0x21,0xAC,0x22,0x05,0xF0,0x1C,0x85,0x70,0x88,0xF0,0x43,0xC9,0x80,0xD0,0x3F,0x0A,0x85,0xAC,0x8D,0x22,0x05,0x9D,0x4F,0x03,0x8A,0x48,0x20,0xDE,0x71,0x68,0xAA,0x4C,0x8A,0xA0,0x20,0xA7,0x7A,0xA5,0x06,0xF0,0x25,0xA9,0x01,0x85,0x98,0x4A,0x85,0xC0,0x85,0xD3,0x85,0x5A,0xA9,0x40,0x85,0xAC,0xA9,0xF8,0x8D,0x48,0x02,0x8D,0x4C,0x02,0xAD,0x23,0x05,0x29,0x07,0xA8,0xB9,0x10,0xA0,0x85,0xEA,0xEE,0x22,0x05,0xB5,0x70,0xC9,0xF0,0x90,0x0F,0x20,0x8D,0xA0,0xAD,0x22,0x05,0xF0,0x07,0x8A,0x48,0x20,0x82,0xF1,0x68,0xAA,0x4C,0x05,0xA1,0xA9,0x00,0x9D,0x4F,0x03,0x95,0xC0,0x95,0xD3,0x95,0x28,0x95,0xAC,0x9D,0xF0,0x04,0xA9,0xFF,0x9D,0x92,0x04,0xA9,0x01,0x9D,0x05,0x04,0x60,0xA5,0x12,0xC9,0x05,0xD0,0x56,0x20,0xF5,0xA0,0xAD,0x23,0x05,0x29,0x07,0xA8,0xB9,0xBE,0xE6,0x85,0x00,0xAD,0x71,0x06,0xF0,0x43,0x24,0x00,0xD0,0x1B,0x20,0xF5,0xA0,0xA5,0x98,0x29,0x09,0xF0,0x09,0x06,0x00,0x90,0xEA,0x26,0x00,0x4C,0xBC,0xA0,0x46,0x00,0x90,0xE1,0x66,0x00,0x4C,0xBC,0xA0,0xAD,0x08,0x05,0x0D,0x22,0x05,0xD0,0x1C,0x20,0xBB,0xFE,0xF0,0x17,0xEE,0x08,0x05,0x98,0xAA,0x4C,0x02,0xA0,0xEE,0x23,0x05,0xA5,0x98,0x29,0x09,0xD0,0x06,0xCE,0x23,0x05,0xCE,0x23,0x05,0x60,0xA9,0x01,0x20,0x89,0xFA,0xA5,0x15,0x29,0x03,0x20,0x88,0x79,0x20,0x72,0xFA,0xA9,0x00,0x4C,0xDF,0x77,0x8D,0xAD,0x8D,0x8D,0xAD,0x8D,0xAD,0x5D,0xAD,0x22,0x05,0xF0,0x15,0xEE,0x22,0x05,0xA9,0x40,0x85,0xAC,0xA2,0x09,0xAD,0x23,0x05,0x29,0x07,0xA8,0xB9,0x19,0xA1,0x20,0x00,0xA0,0x4C,0x90,0x6C,0xA2,0x0C,0xBD,0x4F,0x03,0xC9,0x68,0xF0,0x0C,0xC9,0x62,0xF0,0x08,0xC9,0x65,0xF0,0x04,0xC9,0x66,0xD0,0x25,0xB5,0xAC,0xC9,0x01,0xD0,0x1F,0xA5,0x70,0x38,0xF5,0x70,0x20,0x1F,0x70,0xC9,0x10,0xB0,0x13,0xA5,0x84,0x18,0x69,0x03,0x38,0xF5,0x84,0x20,0x1F,0x70,0xC9,0x10,0xB0,0x04,0xA9,0x00,0x85,0x0F,0xCA,0xD0,0xC5,0x60,0xAD,0x09,0x05,0xF0,0x2F,0xA5,0x28,0xF0,0x18,0xA0,0x18,0xA5,0x28,0xF0,0x0B,0x29,0x07,0xC9,0x04,0x90,0x02,0xA0,0x78,0x84,0x14,0x60,0xA9,0x02,0x85,0x63,0xE6,0x13,0x60,0x20,0xD6,0xA1,0xA9,0x20,0x8D,0x00,0x06,0xA9,0x01,0x8D,0x72,0x06,0x4A,0x85,0xAC,0x8D,0x09,0x05,0x60,0xEE,0x09,0x05,0xA9,0xC0,0x85,0x28,0xA9,0x40,0x85,0xAC,0x60,0x3F,0x1C,0x04,0x0F,0x07,0x17,0x27,0xFF,0x07,0x17,0x30,0x16,0x2C,0x3C,0x27,0x06,0x16,0xA0,0x02,0xD0,0x06,0xA0,0x05,0xD0,0x02,0xA0,0x08,0x98,0x48,0xAE,0x01,0x03,0xA0,0x00,0xB9,0xBD,0xA1,0x9D,0x02,0x03,0xE8,0xC8,0xC0,0x08,0xD0,0xF4,0x8E,0x01,0x03,0x68,0xA8,0xA2,0x02,0xB9,0xC5,0xA1,0x9D,0x06,0x03,0x88,0xCA,0x10,0xF6,0xAE,0x40,0x03,0x60,0x20,0x93,0xFA,0xA9,0x0B,0x4C,0xDF,0x77,0xA5,0xBF,0xF0,0x0E,0x20,0x14,0x73,0xD0,0x09,0xA9,0x00,0x85,0xBF,0xA9,0x02,0x8D,0x02,0x06,0x60,0x00,0x00,0xF0,0x10,0xFB,0x13,0x03,0x03,0xAD,0x94,0x03,0xD0,0x13,0xAD,0xF8,0x03,0xF0,0x0E,0xA9,0xBB,0x85,0x02,0xA2,0x08,0xAD,0x9E,0x04,0xE6,0x02,0xCA,0x10,0x03,0xA2,0x00,0x60,0xC5,0x02,0xD0,0xF4,0xA5,0x70,0x85,0x00,0xA5,0x84,0x85,0x01,0xA5,0x98,0x29,0x0C,0xF0,0x15,0xA5,0x02,0x29,0x03,0xA8,0xA5,0x00,0xC0,0x02,0xB0,0x03,0x18,0x69,0x08,0x29,0xF0,0x85,0x00,0x4C,0x71,0xA2,0xA5,0x02,0x4A,0xB0,0x07,0xA5,0x01,0x18,0x69,0x08,0x85,0x01,0x20,0xBB,0xFE,0xF0,0x55,0xA6,0x59,0xA5,0x98,0x20,0x13,0x70,0xA5,0x00,0x18,0x79,0x1B,0xA2,0x95,0x70,0xA5,0x01,0x18,0x79,0x1F,0xA2,0x95,0x84,0xBD,0x92,0x04,0xF0,0x39,0xA0,0x0B,0x86,0x03,0xC4,0x03,0xF0,0x1A,0xB9,0x70,0x00,0xD5,0x70,0xD0,0x13,0xB9,0x84,0x00,0xD5,0x84,0xD0,0x0C,0xB9,0x4F,0x03,0xD0,0x1E,0xB9,0x92,0x04,0xF0,0x19,0xD0,0x03,0x88,0xD0,0xDF,0xA9,0x1E,0xA4,0x02,0xC0,0xC0,0xB0,0x02,0xA9,0x22,0x9D,0x4F,0x03,0x20,0xDA,0xFE,0xA9,0x3F,0x95,0x28,0xA2,0x00,0x60,0x78,0x70,0x80,0x60,0x70,0x80,0x90,0x70,0x80,0x78,0x70,0x80,0x80,0x90,0x90,0x90,0x90,0xA0,0xA0,0xB0,0xBD,0xBF,0x04,0x85,0x01,0xA9,0x35,0x85,0x00,0xA2,0x0A,0x20,0xFE,0xA2,0xBD,0xCD,0xA2,0x95,0x70,0xBD,0xD7,0xA2,0x95,0x84,0xCA,0xD0,0xF0,0x60,0xA5,0x00,0x9D,0x4F,0x03,0xA9,0x00,0x9D,0x92,0x04,0xA5,0x01,0x9D,0xBF,0x04,0x60,0x20,0x20,0xD0,0xD0,0x40,0xB0,0x5D,0xBD,0x5D,0xBD,0x8D,0x8D,0xBD,0xBF,0x04,0x85,0x01,0xA0,0x05,0xA9,0x49,0x85,0x00,0xDD,0x4F,0x03,0xF0,0x02,0xA0,0x03,0x98,0x18,0x6D,0x40,0x03,0xAA,0xB9,0x0E,0xA3,0x95,0x70,0xB9,0x14,0xA3,0x95,0x84,0x20,0xFE,0xA2,0xCA,0x88,0x10,0xE9,0x60,0x05,0x09,0x06,0x0A,0x01,0x02,0xB5,0xAC,0xD0,0x4B,0xA5,0x84,0x38,0xF5,0x84,0x20,0x1F,0x70,0xC9,0x0E,0xB0,0x23,0xA0,0x01,0xA5,0x70,0xD5,0x70,0xF0,0x1B,0xB0,0x02,0xA0,0x02,0xB5,0x70,0x9D,0x80,0x03,0x98,0x95,0x98,0x3D,0x43,0xA3,0xF0,0x07,0xF6,0xAC,0xA9,0x70,0x9D,0xBC,0x03,0x4C,0xEB,0xA3,0xA5,0x70,0x38,0xF5,0x70,0x20,0x1F,0x70,0xC9,0x0E,0xB0,0xF1,0xA0,0x04,0xA5,0x84,0xD5,0x84,0xF0,0xE9,0xB0,0x02,0xA0,0x08,0xB5,0x84,0xD0,0xCF,0xB5,0x98,0x85,0x0F,0x20,0x8D,0xF0,0xBD,0x94,0x03,0x29,0x0F,0xD0,0x03,0x9D,0x94,0x03,0x20,0xA7,0x7A,0xB4,0x70,0xA9,0x78,0x85,0x00,0xB5,0x98,0x29,0x0C,0xF0,0x06,0xB4,0x84,0xA9,0x90,0x85,0x00,0xB5,0xAC,0x29,0x01,0xF0,0x1C,0x98,0x38,0xE5,0x00,0x20,0x1F,0x70,0xC9,0x05,0xB0,0x0E,0xB5,0x98,0x20,0x13,0x70,0x95,0x98,0xA9,0x20,0x9D,0xBC,0x03,0xF6,0xAC,0x4C,0xEB,0xA3,0x98,0xDD,0x80,0x03,0xD0,0x04,0xA9,0x00,0x95,0xAC,0x4C,0xBA,0x79,0x8A,0x48,0xA5,0x84,0x38,0xF5,0x84,0x20,0x1F,0x70,0xC9,0x09,0xB0,0x1A,0xA5,0x70,0x38,0xF5,0x70,0x20,0x1F,0x70,0xC9,0x09,0xB0,0x0E,0x20,0xA3,0x74,0x20,0xB1,0xFE,0xA9,0x00,0x8D,0x4E,0x03,0x4C,0x20,0xA4,0x20,0x93,0xFA,0xA2,0x16,0xA0,0x16,0x20,0x35,0xE7,0x68,0xAA,0x60,0xFF,0xFF,0xFF,0xFF,0xFF,0xFF,0xFF,0xFF,0xFF,0xFF,0xFF,0xFF,0xFF,0xFF,0xFF,0xFF,0xFF,0xFF,0xFF,0xFF,0xFF,0xFF,0xFF,0xFF,0xFF,0xFF,0xFF,0xFF,0xFF,0xFF,0xFF,0xFF,0xFF,0xFF,0xFF,0xFF,0xFF,0xFF,0xFF,0xFF,0xFF,0xFF,0xFF,0xFF,0xFF,0xFF,0xFF,0xFF,0xFF,0xFF,0xFF,0xFF,0xFF,0xFF,0xFF,0xFF,0xFF,0xFF,0xFF,0xFF,0xFF,0xFF,0xFF,0xFF,0xFF,0xFF,0xFF,0xFF,0xFF,0xFF,0xFF,0xFF,0xFF,0xFF,0xFF,0xFF,0xFF,0xFF,0xFF,0xFF,0xFF,0xFF,0xFF,0xFF,0xFF,0xFF,0xFF,0xFF,0xFF,0xFF,0xFF,0xFF,0xFF,0xFF,0xFF,0xFF,0xFF,0xFF,0xFF,0xFF,0xFF,0xFF,0xFF,0xFF,0xFF,0xFF,0xFF,0xFF,0xFF,0xFF,0xFF,0xFF,0xFF,0xFF,0xFF,0xFF,0xFF,0xFF,0xFF,0xFF,0xFF,0xFF,0xFF,0xFF,0xFF,0xFF,0xFF,0xFF,0xFF,0xFF,0xFF,0xFF,0xFF,0xFF,0xFF,0xFF,0xFF,0xFF,0xFF,0xFF,0xFF,0xFF,0xFF,0xFF,0xFF,0xFF,0xFF,0xFF,0xFF,0xFF,0xFF,0xFF,0xFF,0xFF,0xFF,0xFF,0xFF,0xFF,0xFF,0xFF,0xFF,0xFF,0xFF,0xFF,0xFF,0xFF,0xFF,0xFF,0xFF,0xFF,0xFF,0xFF,0xFF,0xFF,0xFF,0xFF,0xFF,0xFF,0xFF,0xFF,0xFF,0xFF,0xFF,0xFF,0xFF,0xFF,0xFF,0xFF,0xFF,0xFF,0xFF,0xFF,0xFF,0xFF,0xFF,0xFF,0xFF,0xFF,0xFF,0xFF,0xFF,0xFF,0xFF,0xFF,0xFF,0xFF,0xFF,0xFF,0xFF,0xFF,0xFF,0xFF,0xFF,0xFF,0xFF,0xFF,0xFF,0xFF,0xFF,0xFF,0xFF,0xA9,0x00,0x85,0x13,0xE6,0x11,0x60,0x20,0xB6,0x08,0x24,0x24,0x24,0x24,0x24,0x24,0x24,0x24,0x20,0xD6,0x08,0x24,0x24,0x24,0x24,0x24,0x24,0x24,0x24,0x20,0x6C,0x03,0x21,0x00,0x24,0x20,0xAC,0x03,0x21,0x00,0x24,0x20,0xCC,0x03,0x21,0x00,0x24,0xFF,0xA5,0x14,0xD0,0xD2,0xAD,0x02,0x03,0x10,0xCD,0xA0,0x27,0xAD,0x6D,0x06,0xF0,0x06,0xA0,0x26,0xC9,0xFF,0xD0,0x05,0xA9,0x00,0x99,0x57,0x06,0xA5,0x15,0x4A,0xB0,0xB6,0xAD,0x7D,0x06,0xF0,0x0B,0xCE,0x7D,0x06,0xEE,0x6D,0x06,0xA9,0x10,0x8D,0x04,0x06,0xAD,0x7E,0x06,0xF0,0x0B,0xCE,0x7E,0x06,0xCE,0x6D,0x06,0xA9,0x10,0x8D,0x04,0x06,0xA0,0x28,0xB9,0x97,0x6C,0x99,0x02,0x03,0x88,0x10,0xF7,0xA0,0x03,0xAD,0x6F,0x06,0x85,0x0E,0xAD,0x70,0x06,0x85,0x0F,0x20,0x79,0x6E,0xA2,0x02,0xAD,0x6D,0x06,0xA0,0x1B,0x20,0x50,0x6D,0xA0,0x21,0xAD,0x64,0x06,0xF0,0x13,0x84,0x00,0xA9,0x21,0x85,0x01,0xA9,0x0A,0x20,0x75,0x6D,0xA2,0x08,0x20,0x55,0x6D,0x4C,0x46,0x6D,0xA2,0x08,0xAD,0x6E,0x06,0x20,0x50,0x6D,0xA2,0x0E,0xAD,0x58,0x06,0xA0,0x27,0x4C,0x50,0x6D,0x84,0x00,0x20,0x64,0x6D,0xA0,0x02,0xA6,0x00,0xB9,0x01,0x00,0x9D,0x02,0x03,0xCA,0x88,0x10,0xF6,0x60,0x20,0x55,0x6E,0xC0,0x24,0xD0,0x02,0xA0,0x21,0x84,0x01,0xC9,0x24,0xD0,0x08,0xA5,0x03,0x85,0x02,0xA9,0x24,0x85,0x03,0x60,0xA0,0x01,0xD0,0x02,0xA0,0x03,0x19,0x00,0x06,0x99,0x00,0x06,0x60,0xA5,0x13,0x48,0x20,0xC6,0x87,0x20,0xB6,0xB0,0xA9,0x70,0x85,0x70,0xA9,0xDD,0x85,0x84,0xA9,0x08,0x85,0x98,0x20,0x3C,0xF2,0x20,0xCB,0xEA,0x68,0x85,0x13,0xA9,0x00,0x85,0x11,0xE6,0x13,0xA9,0x30,0x8D,0x94,0x03,0xA9,0x01,0x85,0x5A,0x60,0xA9,0x00,0x8D,0x2B,0x05,0x8D,0x2C,0x05,0x8D,0x2D,0x05,0x60,0x08,0x04,0x02,0x01,0x1A,0x60,0x92,0x60,0x02,0x60,0x12,0x65,0x15,0x65,0x18,0x65,0x1B,0x65,0x42,0x60,0x12,0x62,0x0A,0x60,0x13,0x65,0x16,0x65,0x19,0x65,0x1C,0x65,0x6A,0x60,0x92,0x63,0x12,0x60,0x14,0x65,0x17,0x65,0x1A,0x65,0x1D,0x65,0xA9,0xFF,0xA4,0x16,0x18,0x69,0x0E,0x88,0x10,0xFA,0xA8,0xA2,0x0D,0xB9,0xC7,0x6D,0x95,0x00,0x88,0xCA,0x10,0xF7,0xA9,0x7F,0x85,0x0E,0xA9,0x06,0x85,0x0F,0x60,0xA5,0x3B,0xD0,0x08,0x98,0x20,0x80,0x6D,0xA9,0x0A,0x85,0x3B,0x60,0xA2,0x60,0xA9,0xF8,0x9D,0x00,0x02,0xE8,0xE8,0xE8,0xE8,0xE0,0x00,0xD0,0xF5,0xAD,0x42,0x03,0x20,0x39,0x6E,0x8D,0x42,0x03,0x60,0xAD,0x41,0x03,0x18,0x69,0x01,0xC9,0x28,0xD0,0x02,0xA9,0x00,0x8D,0x41,0x03,0x60,0xA5,0x84,0xC9,0x8E,0xB0,0xF9,0xA5,0x0F,0x29,0x08,0xF0,0xF3,0x4C,0x49,0xF1,0x20,0x6E,0x6E,0x85,0x03,0x98,0x20,0x6E,0x6E,0xC0,0x00,0xD0,0x07,0xA0,0x24,0xC9,0x00,0xD0,0x01,0x98,0x85,0x02,0x84,0x01,0x60,0xA0,0x00,0xC9,0x0A,0x90,0xF9,0xE9,0x0A,0xC8,0xD0,0xF7,0x84,0x0D,0xA5,0x0E,0x48,0x29,0x0F,0x85,0x00,0xA9,0x0F,0x38,0xE5,0x00,0x85,0x00,0x68,0x4A,0x4A,0x4A,0x4A,0x85,0x01,0xA9,0x0F,0x38,0xE5,0x01,0x85,0x01,0xA2,0x00,0x98,0x18,0x69,0x07,0x85,0x0B,0xA0,0x07,0xC0,0xFF,0xD0,0x09,0xA5,0x0D,0x18,0x69,0x12,0x85,0x0B,0xA0,0x12,0xA5,0x0E,0xF0,0x04,0xE4,0x01,0xB0,0x04,0xA9,0x24,0xD0,0x1D,0xE4,0x00,0xF0,0x06,0x90,0x15,0xA9,0xF2,0xD0,0x13,0xA5,0x0F,0xF0,0x0D,0xC9,0x80,0xB0,0xF4,0xA9,0x00,0x8D,0x29,0x05,0xA9,0x65,0xD0,0x02,0xA9,0x66,0x84,0x0C,0xA4,0x0B,0x99,0x02,0x03,0xC6,0x0B,0xA4,0x0C,0x88,0xE8,0xE0,0x10,0xD0,0xB9,0x60,0xA9,0x80,0x8D,0x04,0x06,0x8D,0x03,0x06,0x0A,0x8D,0x05,0x06,0x8D,0x07,0x06,0x60,0x08,0x00,0xA0,0x0A,0xA2,0x00,0xB5,0x70,0x85,0x00,0xA2,0x01,0xA5,0x00,0x18,0x7D,0xF9,0x6E,0xC9,0xE9,0xB0,0x04,0xC9,0x10,0xB0,0x08,0xB9,0x40,0x02,0x09,0x20,0x99,0x40,0x02,0xC8,0xC8,0xC8,0xC8,0xC0,0x00,0xD0,0x02,0xA0,0x20,0xCA,0x10,0xDD,0x60,0xA0,0x02,0xB5,0x70,0x85,0x00,0xE0,0x00,0xF0,0x12,0xE0,0x0D,0xB0,0x07,0xBD,0x4F,0x03,0xC9,0x5C,0xD0,0x07,0xA5,0x00,0x18,0x69,0x0B,0x85,0x00,0xA5,0x00,0xCD,0x46,0x03,0x90,0x1F,0xE0,0x00,0xF0,0x12,0xE0,0x0D,0xB0,0x07,0xBD,0x4F,0x03,0xC9,0x5C,0xD0,0x07,0xA5,0x00,0x38,0xE9,0x17,0x85,0x00,0xA0,0x01,0xA5,0x00,0xCD,0x47,0x03,0x90,0x4A,0x98,0x25,0x0F,0xF0,0x45,0x4C,0x49,0xF1,0xA0,0x08,0xB5,0x84,0x85,0x00,0xE0,0x00,0xF0,0x12,0xE0,0x0D,0xB0,0x07,0xBD,0x4F,0x03,0xC9,0x5C,0xD0,0x07,0xA5,0x00,0x18,0x69,0x0F,0x85,0x00,0xA5,0x00,0xCD,0x48,0x03,0x90,0xD5,0xE0,0x00,0xF0,0x12,0xE0,0x0D,0xB0,0x07,0xBD,0x4F,0x03,0xC9,0x5C,0xD0,0x07,0xA5,0x00,0x38,0xE9,0x21,0x85,0x00,0xA0,0x04,0xA5,0x00,0xCD,0x49,0x03,0xB0,0xB6,0x60,0x85,0x0F,0x20,0x29,0x6F,0x20,0x73,0x6F,0xA5,0x0F,0x60,0xBD,0xA8,0x03,0x18,0x7D,0xBC,0x03,0x9D,0xA8,0x03,0x08,0xBD,0x94,0x03,0xCD,0x0E,0x01,0xF0,0x05,0xCD,0x0F,0x01,0xD0,0x03,0x28,0x18,0x08,0x28,0x08,0xBD,0x94,0x03,0x69,0x00,0x9D,0x94,0x03,0x28,0x60,0xBD,0xA8,0x03,0x38,0xFD,0xBC,0x03,0x9D,0xA8,0x03,0x08,0xBD,0x94,0x03,0xCD,0x0E,0x01,0xF0,0x05,0xCD,0x0F,0x01,0xD0,0x03,0x28,0x38,0x08,0x28,0x08,0xBD,0x94,0x03,0xE9,0x00,0x9D,0x94,0x03,0x28,0x60,0x04,0x08,0x01,0x02,0xA0,0x03,0x4A,0xB0,0x03,0x88,0x10,0xFA,0xB9,0x0F,0x70,0x60,0x10,0x05,0x49,0xFF,0x18,0x69,0x01,0x60,0x20,0xB6,0x6F,0xF0,0x19,0xBD,0x94,0x03,0x48,0xA9,0x00,0x9D,0x94,0x03,0x20,0x8D,0xF0,0x68,0xA4,0x0E,0xD0,0x04,0x18,0x7D,0x94,0x03,0x9D,0x94,0x03,0x60,0xA9,0x80,0x85,0x0E,0x60,0x48,0xA8,0xA9,0x02,0x85,0x0A,0xB9,0x70,0x00,0xB4,0x70,0x20,0xC3,0x70,0x85,0x03,0xA5,0x0A,0x85,0x0B,0x68,0xA8,0xA9,0x08,0x85,0x0A,0xB9,0x84,0x00,0xB4,0x84,0x20,0xC3,0x70,0x85,0x04,0x60,0x84,0x00,0xA9,0xFF,0x85,0x01,0xA5,0x03,0xC5,0x04,0xB0,0x0C,0x48,0xA5,0x04,0x85,0x03,0x68,0x85,0x04,0xA9,0x01,0x85,0x01,0xA5,0x03,0x38,0xE5,0x04,0xC9,0x08,0x90,0x18,0xA5,0x00,0x18,0x65,0x01,0x85,0x00,0xF0,0x0F,0xC9,0x08,0xF0,0x0B,0xA5,0x03,0x38,0xE5,0x04,0x85,0x03,0xC5,0x04,0xB0,0xE8,0xA4,0x00,0x60,0x9D,0xBC,0x03,0xB5,0xAC,0x29,0xF0,0xC9,0x40,0xD0,0x0C,0x5E,0xBC,0x03,0xDE,0x80,0x03,0xD0,0x04,0xA9,0x50,0x95,0xAC,0x60,0x85,0x01,0x84,0x02,0xC4,0x01,0xB0,0x06,0x85,0x02,0x84,0x01,0x46,0x0A,0xA5,0x02,0x38,0xE5,0x01,0xC9,0x09,0xB0,0x02,0xE6,0x00,0x60,0xAD,0x58,0x06,0xF0,0xFA,0xA2,0x10,0xB5,0xAC,0xF0,0x11,0x29,0xF0,0xC9,0x10,0xD0,0x0B,0xE8,0xB5,0xAC,0xF0,0x06,0x29,0xF0,0xC9,0x10,0xF0,0x42,0x8A,0x49,0x01,0xA8,0xB9,0xAC,0x00,0xF0,0x04,0xC9,0x13,0x90,0x35,0xCE,0x58,0x06,0xA9,0x20,0x8D,0x04,0x06,0xA9,0x00,0x95,0x28,0xA9,0x11,0x95,0xAC,0xA9,0x01,0x8D,0xD0,0x03,0xA9,0x10,0x85,0xAC,0xA0,0xF0,0x85,0x01,0x84,0x02,0xA5,0x98,0x95,0x98,0x20,0x3C,0x71,0x65,0x70,0x95,0x70,0xA5,0x98,0x4A,0x4A,0x20,0x3C,0x71,0x65,0x84,0x95,0x84,0x60,0xA0,0x00,0x84,0x00,0x29,0x03,0xF0,0x06,0xC8,0x29,0x01,0xD0,0x01,0xC8,0xB9,0x00,0x00,0x18,0x60,0xA2,0x10,0xB5,0xAC,0xF0,0x05,0xE8,0xB5,0xAC,0xD0,0xF4,0xAD,0x5B,0x06,0xC9,0x01,0xD0,0x05,0xAD,0x13,0x05,0xD0,0xE8,0xA9,0x01,0x8D,0x13,0x05,0xA9,0x00,0x9D,0x94,0x03,0x9D,0xA8,0x03,0xA9,0x20,0x9D,0xBC,0x03,0xA9,0x21,0x95,0xAC,0xA9,0x04,0x20,0x80,0x6D,0xA9,0x04,0x9D,0xD0,0x03,0x20,0x1B,0x71,0x60,0xA4,0xEB,0xB9,0xFE,0x6A,0x29,0x30,0x4A,0x4A,0x4A,0x4A,0xA8,0xB9,0xA7,0x6B,0x48,0x29,0x0F,0x0A,0x0A,0x0A,0x0A,0xA8,0x68,0x29,0xF0,0x60,0x95,0xC0,0x95,0xD3,0x95,0x28,0x95,0xAC,0x9D,0xF0,0x04,0xA9,0xFF,0x9D,0x92,0x04,0xA9,0x01,0x9D,0x05,0x04,0x60,0xB5,0xAC,0xC9,0x13,0xD0,0x1C,0xA5,0xFE,0x4A,0xB4,0x28,0xC0,0x16,0xF0,0x04,0xC0,0x11,0xD0,0x04,0x2A,0x4C,0xDB,0x71,0xC0,0x12,0xF0,0x04,0xC0,0x0D,0xD0,0x03,0x0A,0x85,0xFE,0x60,0xA5,0x12,0xC9,0x09,0xF0,0x5B,0xAE,0x22,0x05,0xD0,0x56,0xA5,0xEB,0xA2,0x00,0x48,0x29,0x70,0x4A,0x4A,0x69,0x17,0x9D,0x54,0x02,0xA9,0x11,0xA4,0x10,0xF0,0x02,0xA9,0x12,0x85,0x00,0x68,0x29,0x0F,0xC0,0x00,0xF0,0x01,0x0A,0x0A,0x0A,0x65,0x00,0x6D,0xAC,0x6B,0x9D,0x57,0x02,0xA9,0x3E,0x9D,0x55,0x02,0xA9,0x00,0xE0,0x00,0xF0,0x1E,0xA9,0x03,0x48,0xA4,0x10,0xC0,0x09,0xF0,0x08,0xAD,0x71,0x06,0x39,0xBD,0xE6,0xD0,0x0C,0xA5,0x15,0x29,0x1F,0xC9,0x10,0xB0,0x04,0x68,0xA9,0x02,0x48,0x68,0x9D,0x56,0x02,0x60,0x20,0x48,0x72,0xA9,0x02,0x4C,0xAC,0xBF,0xA5,0x28,0xD0,0x27,0xA9,0x01,0x85,0x0A,0xA6,0x0A,0xB5,0x7C,0x85,0xE8,0xA9,0x05,0x20,0xAC,0xBF,0xA9,0x0E,0x20,0x98,0xBF,0x20,0xDE,0xA8,0xC6,0x0A,0x10,0xE9,0xA9,0xFF,0x85,0xE8,0xA9,0x05,0x85,0x28,0xC6,0x7C,0xE6,0x7D,0x60,0xA9,0x01,0x18,0x65,0x00,0x85,0x00,0x90,0x02,0xE6,0x01,0x60,0xA9,0x01,0x18,0x65,0x02,0x85,0x02,0x90,0x02,0xE6,0x03,0x60,0xA9,0x01,0x18,0x65,0x04,0x85,0x04,0x90,0x02,0xE6,0x05,0x60,0xA5,0x04,0x38,0xE9,0x01,0x85,0x04,0xB0,0x02,0xC6,0x05,0x60,0x01,0x00,0x00,0x00,0x06,0x05,0x04,0x04,0x02,0x02,0x03,0x0D,0x09,0x0C,0x1B,0x1C,0x08,0x0A,0x0B,0x0B,0x0E,0x0F,0x10,0x11,0x16,0x17,0x18,0x1A,0x1F,0x1D,0x1E,0x07,0x07,0x15,0x19,0x14,0x14,0x21,0x22,0x23,0x01,0x01,0x21,0x22,0x21,0x22,0x01,0x01,0x01,0x01,0x01,0x15,0x01,0x01,0x21,0x22,0x01,0x01,0x01,0x01,0x11,0x11,0x10,0x01,0x01,0x01,0x01,0x11,0x22,0x01,0x10,0x12,0xFF,0x01,0xFF,0x00,0x00,0x02,0x02,0x00,0x01,0x00,0x02,0x00,0x00,0x02,0x02,0x01,0x02,0x02,0x02,0x02,0x02,0x02,0x02,0x02,0x02,0x02,0x02,0x02,0x01,0x00,0x01,0x00,0x20,0xCE,0xE6,0x09,0x10,0x91,0x00,0x60,0xAD,0xAF,0x6B,0x85,0x08,0xAD,0xB0,0x6B,0x85,0x09,0xA4,0xEB,0xB1,0x08,0x29,0x10,0x60,0x29,0x32,0x16,0xA5,0xAC,0x29,0xC0,0xC9,0x40,0xF0,0xF4,0x20,0x14,0x73,0xD0,0xEF,0xA2,0x13,0xB5,0xAC,0x30,0xE9,0xB5,0x98,0x85,0x04,0xBD,0xA8,0x03,0xC9,0xF0,0xB0,0x72,0xA5,0x84,0x18,0x69,0x03,0x38,0xF5,0x84,0x20,0x1F,0x70,0xC9,0x09,0xB0,0x63,0xA5,0x70,0x38,0xF5,0x70,0x20,0x1F,0x70,0xC9,0x09,0xB0,0x57,0xA9,0xFF,0x95,0xAC,0x95,0x84,0xE0,0x13,0xD0,0x03,0x20,0x0C,0x73,0xA5,0x04,0xA2,0x08,0x8E,0x02,0x06,0xC9,0x0E,0xD0,0x05,0xA2,0x02,0x8E,0x02,0x06,0xA6,0x12,0xE0,0x05,0xF0,0x0D,0xA2,0x80,0x8E,0x06,0x05,0xA2,0x08,0x8E,0x00,0x06,0x8D,0x05,0x05,0xAA,0xBD,0xA4,0x72,0xA8,0xBD,0xC8,0x72,0x48,0x29,0x0F,0x85,0x0A,0x68,0x29,0xF0,0xD0,0x1F,0xC0,0x11,0xF0,0x72,0xC0,0x10,0xF0,0x6E,0xC0,0x1A,0xF0,0x6A,0xC0,0x1B,0xF0,0x66,0xA5,0x0A,0x99,0x57,0x06,0x60,0xA0,0x04,0x20,0xA3,0x74,0x88,0x10,0xFA,0x60,0xC9,0x10,0xD0,0x4D,0xC0,0x18,0xF0,0x3A,0xC0,0x1C,0xF0,0xEB,0xC0,0x16,0xF0,0x3E,0xC0,0x19,0xF0,0x75,0xC0,0x17,0xD0,0x03,0x20,0xAC,0x74,0xC0,0x14,0xF0,0x6D,0xA5,0x0A,0x18,0x79,0x57,0x06,0x90,0x02,0xA9,0xFF,0xC0,0x07,0xD0,0x06,0xC9,0x03,0x90,0x02,0xA9,0x02,0xC0,0x01,0xD0,0x08,0xCD,0x7C,0x06,0x90,0x03,0xAD,0x7C,0x06,0x4C,0xB5,0x73,0xB9,0x57,0x06,0xC9,0xF0,0xB0,0xAD,0x69,0x11,0x4C,0xB5,0x73,0x4C,0xA3,0x74,0xC9,0x20,0xD0,0xD2,0xF0,0x6B,0xA5,0x10,0xF0,0x2D,0xC0,0x1B,0xF0,0x5B,0xC0,0x11,0xD0,0x05,0xA2,0x01,0x8E,0xE5,0x04,0x38,0xE9,0x01,0xC9,0x08,0x90,0x02,0xC8,0xC8,0x29,0x07,0xAA,0xB9,0x57,0x06,0x1D,0xBE,0xE6,0x99,0x57,0x06,0xC0,0x1A,0xD0,0x07,0x20,0xA3,0xEB,0xA9,0x12,0x85,0x12,0x60,0x20,0xAC,0x74,0xA5,0x0A,0x85,0x01,0x20,0x6C,0x74,0xD0,0x07,0xAE,0x70,0x06,0xE8,0xD0,0x09,0x60,0xEE,0x6F,0x06,0xC6,0x01,0x10,0xED,0x60,0xA9,0xFF,0x8D,0x70,0x06,0x60,0xAD,0x6F,0x06,0x48,0x29,0x0F,0x85,0x00,0x68,0x4A,0x4A,0x4A,0x4A,0xC5,0x00,0x60,0xA9,0x01,0x20,0xAC,0xBF,0x4C,0xB1,0xA1,0xA5,0x0A,0xD9,0x57,0x06,0x90,0x20,0x99,0x57,0x06,0xC0,0x0B,0xD0,0x19,0xA6,0x16,0xAC,0x62,0x06,0xB9,0x25,0x73,0xBC,0x0E,0xEA,0x99,0x04,0x68,0x4C,0x2B,0xEA,0xA9,0x01,0x8D,0x02,0x06,0xEE,0x7D,0x06,0x60,0xA9,0x00,0x8D,0x02,0x06,0xA9,0x08,0x8D,0x04,0x06,0x60,0xA5,0x34,0xD0,0x4B,0xAD,0x1C,0x05,0x10,0x02,0x49,0x83,0x85,0x00,0x0A,0x0A,0x0A,0x18,0x65,0x00,0x29,0xFC,0xA8,0xAE,0x01,0x03,0xA9,0x3F,0x9D,0x02,0x03,0xE8,0xA9,0x08,0x9D,0x02,0x03,0xE8,0x9D,0x02,0x03,0x85,0x00,0xE8,0xB9,0xFA,0x6B,0x9D,0x02,0x03,0xC8,0xE8,0xC6,0x00,0xD0,0xF4,0xA9,0xFF,0x9D,0x02,0x03,0x8E,0x01,0x03,0xEE,0x1C,0x05,0xAD,0x1C,0x05,0x29,0x0F,0xC9,0x04,0xF0,0x05,0xA9,0x0A,0x85,0x34,0x60,0xA9,0x00,0x60,0x3D,0x1C,0x20,0x00,0xDD,0x1C,0x20,0x00,0xA0,0x00,0xA2,0x00,0xBD,0x0A,0x75,0x99,0x00,0x02,0xE8,0x8A,0x29,0x07,0xAA,0xC8,0xC0,0x40,0xD0,0xF0,0x60,0x08,0x02,0x04,0x02,0x08,0x08,0x08,0x08,0xAE,0x2F,0x05,0xA5,0x98,0xA4,0xEB,0xC0,0x61,0xD0,0x1E,0xDD,0x27,0x75,0xD0,0x10,0xE0,0x03,0xF0,0x27,0xEE,0x2F,0x05,0x84,0xEC,0x60,0xA9,0x00,0x8D,0x2F,0x05,0x60,0xC9,0x01,0xF0,0xF5,0x20,0x49,0x75,0xF0,0xEE,0xC0,0x1B,0xD0,0xED,0xDD,0x2B,0x75,0xF0,0x05,0xC9,0x02,0xD0,0xEE,0x60,0xE0,0x03,0xD0,0xD9,0xA9,0x04,0x8D,0x02,0x06,0x60,0xA9,0x08,0x85,0x00,0xA5,0x02,0x0A,0x26,0x00,0x0A,0x26,0x00,0x29,0xE0,0x85,0x01,0xA5,0x03,0x4A,0x4A,0x4A,0x05,0x01,0x85,0x01,0x60,0xFF,0xFF,0xFF,0xFF,0xFF,0xFF,0xFF,0xFF,0xFF,0xFF,0x00,0x08,0x0B,0x0F,0x13,0x17,0x5C,0x60,0x1B,0x1B,0x21,0x21,0x64,0x6A,0x27,0x29,0x2B,0x35,0x3F,0x70,0x74,0x76,0x76,0x78,0x7A,0x7E,0x80,0x49,0x82,0x84,0x86,0x4B,0x4F,0x4F,0x51,0x51,0x88,0x8C,0x90,0x90,0x92,0x94,0x96,0x98,0x99,0x99,0x99,0x53,0x54,0x9A,0x9B,0x9B,0xA5,0xA5,0xAB,0xAB,0xAC,0xAE,0xAE,0xAF,0xAF,0xB2,0xB8,0xB8,0x08,0x08,0xC6,0xC6,0xC6,0xC6,0xC6,0xC6,0xC8,0xC8,0xC9,0xC9,0xCA,0xCA,0xCA,0xCA,0xCA,0xCA,0xCA,0xCA,0x09,0x09,0x0A,0x0A,0x0B,0x0B,0x0B,0x0B,0x0B,0x0B,0xCB,0x55,0x55,0x55,0x55,0x55,0x55,0x55,0x56,0x57,0x57,0xCB,0xCC,0x58,0x58,0x58,0x58,0x58,0x58,0x58,0x58,0x58,0x59,0x59,0x59,0x59,0x5A,0x5A,0x5A,0x5A,0x5B,0x5B,0x5B,0x00,0x04,0x08,0x0C,0x10,0x10,0x14,0x18,0x5C,0x9E,0x44,0xCE,0xD2,0xD6,0xDA,0xCE,0xD2,0xD6,0xDA,0xF0,0xF4,0xF8,0xFC,0xF0,0xF4,0xF8,0xFC,0xB4,0xB0,0xB0,0xB8,0xB2,0xB2,0xB4,0xB0,0xB0,0xB8,0xB2,0xB2,0xCA,0xCC,0xCA,0xCC,0xBC,0xBE,0xC0,0xC0,0xC2,0xC4,0xC0,0xC0,0xBC,0xBE,0xBC,0xBE,0xC0,0xC0,0xC2,0xC4,0xC0,0xC0,0xBC,0xBE,0xBC,0xBE,0xEC,0xEE,0xEC,0xEE,0xEC,0xEE,0xBC,0xBE,0xC6,0xC8,0xA0,0xA8,0xA4,0xAC,0x90,0xE8,0xE4,0xE0,0x94,0xF3,0xC9,0xBD,0xC1,0x98,0x9A,0x9C,0xF8,0xB8,0xBC,0xB0,0xB4,0xB8,0xBC,0xB0,0xB4,0xB8,0xAC,0xB4,0xBC,0xB0,0xB4,0xB8,0xAC,0xB4,0xBC,0xB0,0xB4,0xAC,0xAE,0xB0,0xB2,0xA8,0xAA,0x92,0x94,0xA0,0xA2,0xA6,0xA4,0xA2,0xA4,0xD8,0xDA,0x00,0x00,0x9A,0x9C,0x9A,0x9C,0x9A,0x9C,0xB4,0xB8,0xBC,0xBE,0xB4,0xB8,0xBC,0xBE,0xFC,0xFE,0xAC,0x9C,0xA0,0xA4,0xA0,0xA4,0xA8,0x8E,0xA4,0xDC,0xE0,0xE4,0xE8,0xEC,0xF0,0xF4,0xF8,0xFA,0xFE,0xF4,0xF6,0xFE,0xFC,0xF0,0xF8,0xB0,0xF6,0xF0,0xD4,0xFC,0xFE,0xF8,0xE8,0xEA,0xE0,0xE4,0xEC,0xEC,0xD0,0xD4,0xD8,0xDC,0xE0,0xE4,0xC0,0xC8,0xC4,0xCC,0xE8,0xEA,0x72,0x74,0xDE,0xEE,0xF8,0x96,0x98,0xB1,0x00,0x00,0x00,0x00,0x00,0x00,0x00,0x00,0x02,0x00,0x00,0x01,0x01,0x01,0x01,0x02,0x02,0x02,0x02,0x03,0x03,0x03,0x03,0x02,0x02,0x02,0x02,0x02,0x82,0x02,0x02,0x82,0x02,0x01,0x81,0x01,0x01,0x81,0x01,0x01,0x01,0x02,0x02,0x02,0x02,0x01,0x01,0x01,0x01,0x01,0x01,0x02,0x02,0x02,0x02,0x02,0x02,0x02,0x02,0x02,0x02,0x02,0x02,0x03,0x03,0x03,0x03,0x03,0x03,0x03,0x03,0x03,0x03,0x02,0x02,0x02,0x02,0x02,0x02,0x02,0x02,0x01,0x01,0x01,0x02,0x03,0x03,0x03,0x02,0x02,0x00,0x02,0x01,0x01,0x01,0x01,0x02,0x02,0x02,0x02,0x02,0x02,0x02,0x02,0x02,0x02,0x01,0x01,0x01,0x01,0x01,0x01,0x01,0x01,0x01,0x01,0x03,0x03,0x03,0x03,0x00,0x00,0x02,0x02,0x02,0x02,0x03,0x03,0x03,0x03,0x01,0x01,0x02,0x02,0x03,0x03,0x01,0x01,0x01,0x01,0x02,0x02,0x02,0x02,0x01,0x01,0x01,0x01,0x02,0x02,0x02,0x02,0x02,0x02,0x01,0x03,0x03,0x03,0x03,0x03,0x03,0x03,0x03,0x03,0x03,0x01,0x01,0x01,0x01,0x01,0x01,0x02,0x00,0x00,0x03,0x01,0x01,0x01,0x01,0x01,0x01,0x01,0x01,0x01,0x03,0x03,0x03,0x03,0x03,0x03,0x03,0x03,0x03,0x03,0x03,0x03,0x03,0x03,0x02,0x02,0x01,0x01,0x02,0x03,0x60,0xBC,0x64,0xB8,0x68,0xB4,0x6C,0xB0,0x70,0xCC,0x74,0xC8,0x78,0xC4,0x7C,0xC0,0x80,0xDC,0x84,0xD8,0x88,0xD4,0x8C,0xD0,0x90,0xEC,0x94,0xE8,0x98,0xE4,0x9C,0xE0,0xA0,0xFC,0xA4,0xF8,0xA8,0xF4,0xAC,0xF0,0x60,0x20,0x4F,0xFA,0x98,0x4C,0xDF,0x77,0xA0,0x01,0xD0,0x02,0xA0,0x00,0x84,0x0C,0xBC,0x4F,0x03,0xC8,0x85,0x0D,0x84,0x0E,0x86,0x08,0xAC,0x41,0x03,0xB9,0xAB,0x77,0x8D,0x43,0x03,0xB9,0xAC,0x77,0xE0,0x00,0xD0,0x07,0xA9,0x48,0x8D,0x43,0x03,0xA9,0x4C,0x8D,0x44,0x03,0xA4,0x0E,0xA9,0x01,0x85,0x07,0xA9,0x08,0x85,0x0A,0xB9,0x94,0x75,0x18,0x65,0x0D,0xA8,0xB9,0x13,0x76,0x85,0x02,0x18,0x69,0x02,0x85,0x03,0xE0,0x00,0xF0,0x12,0xE0,0x0D,0xB0,0x0E,0xBD,0xBF,0x04,0x29,0x02,0xD0,0x18,0xBD,0xBF,0x04,0x29,0x08,0xD0,0x06,0xB9,0xDF,0x76,0x20,0x88,0x79,0xE0,0x00,0xF0,0x0C,0xA4,0x0C,0xF0,0x08,0x4C,0x79,0x79,0xC6,0x07,0x4C,0x68,0x78,0xA5,0x0F,0xF0,0x16,0xA5,0x02,0x48,0xA5,0x03,0x85,0x02,0x68,0x85,0x03,0xA5,0x04,0x49,0x40,0x85,0x04,0xA5,0x05,0x49,0x40,0x85,0x05,0xBC,0xF0,0x04,0xF0,0x18,0xA0,0x01,0xB9,0x04,0x00,0x29,0xFC,0x99,0x04,0x00,0xBD,0xF0,0x04,0x29,0x03,0x19,0x04,0x00,0x99,0x04,0x00,0x88,0x10,0xEA,0xAE,0x43,0x03,0xA0,0x00,0xB9,0x02,0x00,0x9D,0x01,0x02,0xA5,0x01,0x9D,0x00,0x02,0xA5,0x00,0x9D,0x03,0x02,0x18,0x65,0x0A,0x85,0x00,0xB9,0x04,0x00,0x9D,0x02,0x02,0xAE,0x44,0x03,0xA5,0x08,0xF0,0x03,0x20,0x36,0x6E,0xC8,0xC6,0x07,0x10,0xD6,0xA6,0x08,0x60,0x00,0x03,0x07,0x0A,0x0B,0x0C,0x0D,0x0E,0x0F,0x11,0x12,0x13,0x14,0x15,0x16,0x17,0x18,0x17,0x18,0x17,0x19,0x1B,0x1C,0x1D,0x1E,0x1F,0x20,0x21,0x1C,0x22,0x22,0x26,0x27,0x28,0x29,0x2B,0x2E,0x20,0x82,0x3C,0x34,0x70,0x72,0x74,0x28,0x86,0x3C,0x2A,0x26,0x24,0x22,0x40,0x4A,0x8A,0x6C,0x42,0x46,0x76,0x2C,0x4E,0x4C,0x6A,0x50,0x52,0x66,0x32,0x2E,0x68,0xF3,0x6E,0xF2,0x36,0x38,0x3A,0x3C,0x56,0x48,0x78,0x20,0x82,0x7A,0x7C,0x30,0x64,0x62,0x20,0x88,0x79,0xA9,0x00,0x85,0x0F,0x85,0x0C,0x98,0x48,0xA9,0x00,0x85,0x52,0xAC,0x41,0x03,0xB9,0xAB,0x77,0x8D,0x43,0x03,0xB9,0xAC,0x77,0x8D,0x44,0x03,0x68,0xA8,0x86,0x08,0xA9,0x01,0x85,0x07,0xA9,0x08,0x85,0x0A,0xB9,0xB7,0x78,0x18,0x65,0x0C,0xA8,0xB9,0xDC,0x78,0x85,0x02,0x18,0x69,0x02,0x85,0x03,0xA5,0x02,0xC9,0xF3,0xF0,0x08,0xC9,0x20,0x90,0x19,0xC9,0x62,0xB0,0x15,0xAD,0x04,0x05,0xD0,0x07,0xA5,0x00,0x18,0x69,0x04,0x85,0x00,0xE6,0x52,0xA9,0x00,0x85,0x07,0x4C,0x68,0x78,0xC9,0x6C,0x90,0x07,0xC9,0x7C,0x90,0x07,0x4C,0x4E,0x78,0xA9,0x07,0x85,0x0A,0xA5,0x02,0x85,0x03,0xA5,0x05,0x49,0x40,0x85,0x05,0x4C,0x68,0x78,0xA9,0x02,0x85,0x04,0x85,0x05,0x60,0xA0,0x03,0x84,0x03,0x48,0xBD,0xF0,0x04,0xF0,0x06,0xA5,0x15,0x29,0x03,0x85,0x03,0xAC,0x41,0x03,0xB9,0xAB,0x77,0xA8,0x68,0x99,0x01,0x02,0xB5,0x70,0x99,0x03,0x02,0xB5,0x84,0x99,0x00,0x02,0xA5,0x03,0x99,0x02,0x02,0x4C,0x36,0x6E,0x20,0xD0,0x79,0xAD,0x06,0x04,0xF0,0x08,0x8D,0xCC,0x04,0xA9,0x00,0x8D,0x06,0x04,0x20,0x93,0xFA,0x4C,0xDB,0x77,0x20,0x2D,0x7A,0xBD,0xBF,0x04,0x29,0x20,0xD0,0x23,0xBD,0xF0,0x04,0xD0,0x3D,0xA0,0x0F,0x20,0xC2,0x7B,0xA0,0x0E,0x20,0x9D,0x7C,0xA0,0x10,0x20,0xDC,0x7C,0xA0,0x11,0x20,0xDC,0x7C,0xA0,0x0D,0x20,0x29,0x7D,0xA0,0x12,0x20,0x5F,0x7D,0x20,0xA7,0x7A,0xBD,0x4F,0x03,0xBC,0x05,0x04,0xF0,0x15,0xC9,0x05,0xF0,0x04,0xC9,0x06,0xD0,0x0C,0xB5,0xAC,0x10,0x08,0xBC,0x2C,0x04,0xA9,0x00,0x99,0x4F,0x03,0x60,0xC9,0x27,0xF0,0x04,0xC9,0x17,0xD0,0x07,0xA5,0x0C,0xF0,0x03,0xFE,0x2C,0x04,0x60,0xA9,0x08,0x85,0x02,0x85,0x03,0xBD,0xBF,0x04,0x29,0x40,0xF0,0x02,0x46,0x02,0xB5,0x70,0x18,0x65,0x02,0x85,0x02,0xB5,0x84,0x18,0x65,0x03,0x85,0x03,0x60,0x02,0x01,0x80,0x80,0x01,0x80,0x80,0x80,0x80,0x80,0x01,0x02,0x80,0x80,0x01,0x80,0x80,0x01,0x01,0x80,0x80,0x02,0x01,0x02,0x00,0x80,0x80,0x80,0x80,0x01,0x80,0x80,0x01,0x01,0x02,0x01,0x02,0x02,0x80,0x80,0x80,0x80,0x00,0x00,0x00,0x00,0x00,0x02,0x01,0x01,0x02,0x02,0x00,0x00,0x00,0x02,0x02,0x02,0x02,0x01,0x01,0x04,0x80,0x80,0x80,0x01,0x01,0x01,0x01,0x01,0x02,0x02,0x01,0x01,0x00,0x00,0x00,0x00,0x00,0x00,0x00,0x00,0x80,0x80,0x80,0x01,0x02,0x02,0x04,0x04,0x80,0x01,0x20,0x2D,0x7A,0xA9,0x00,0x8D,0x4B,0x03,0x85,0x06,0x85,0x09,0x85,0x0C,0xA0,0x00,0x84,0x00,0xAD,0xF0,0x04,0x0D,0x6C,0x06,0x05,0x3D,0x15,0x3D,0xD0,0x74,0xA5,0xAC,0xC9,0x40,0xF0,0x6E,0xAD,0x12,0x05,0xD0,0x69,0xBD,0x4F,0x03,0xC9,0x53,0x90,0x08,0xB5,0xAC,0x29,0xF0,0xC9,0x10,0xD0,0x5A,0xA5,0x70,0x18,0x69,0x08,0x85,0x04,0xA5,0x84,0x18,0x69,0x08,0x85,0x05,0xA9,0x09,0x20,0xFB,0x7D,0xF0,0x45,0xBD,0x4F,0x03,0xC9,0x53,0x90,0x3F,0xEE,0x4B,0x03,0xC9,0x56,0xF0,0x38,0xC9,0x5A,0xF0,0x34,0xA5,0xAC,0x29,0xF0,0xD0,0x2E,0xA5,0x98,0x15,0x98,0x29,0x0C,0xC9,0x0C,0xF0,0x0A,0xA5,0x98,0x15,0x98,0x29,0x03,0xC9,0x03,0xD0,0x1A,0xBD,0x4F,0x03,0xC9,0x55,0x90,0x09,0xC9,0x5B,0xB0,0x05,0xAD,0x76,0x06,0xF0,0x0A,0xA9,0x01,0x8D,0x04,0x06,0xA9,0x00,0x85,0x06,0x60,0x20,0x26,0x7E,0xE6,0x0C,0xBC,0x4F,0x03,0xB9,0x4A,0x7A,0x48,0x29,0x0F,0x85,0x0D,0x68,0x29,0xF0,0x85,0x0E,0xBC,0x4F,0x03,0xC0,0x2E,0xF0,0x05,0xA9,0x08,0x20,0x7C,0x6D,0xAC,0x62,0x06,0xF0,0x07,0x46,0x0D,0x66,0x0E,0x88,0xD0,0xF9,0xA9,0x00,0x8D,0x27,0x06,0x85,0x50,0x85,0x51,0xAD,0x70,0x06,0xC5,0x0E,0x90,0x19,0x38,0xE5,0x0E,0x8D,0x70,0x06,0xAD,0x6F,0x06,0x29,0x0F,0xC5,0x0D,0x90,0x23,0xAD,0x6F,0x06,0x38,0xE5,0x0D,0x8D,0x6F,0x06,0x60,0xA5,0x0E,0x38,0xED,0x70,0x06,0x85,0x0E,0xAD,0x6F,0x06,0x29,0x0F,0xF0,0x0A,0xCE,0x6F,0x06,0xA9,0xFF,0x8D,0x70,0x06,0xD0,0xBE,0xAD,0x6F,0x06,0x29,0xF0,0x8D,0x6F,0x06,0x20,0xA3,0xEB,0x8D,0x70,0x06,0x85,0xAC,0xA9,0x11,0x85,0x12,0xA9,0x04,0x85,0x98,0x60,0xB9,0xAC,0x00,0x0A,0xB0,0xF9,0x84,0x00,0xA9,0x02,0x85,0x09,0xA9,0x0A,0x85,0x0D,0x85,0x0E,0xB9,0x70,0x00,0x18,0x69,0x04,0x85,0x04,0xB9,0x84,0x00,0x18,0x69,0x08,0x85,0x05,0xA9,0x00,0x85,0x06,0xA4,0x00,0xB9,0xAC,0x00,0xF0,0x79,0x20,0xFF,0x7D,0xF0,0x74,0xC0,0x0F,0xD0,0x1E,0xBD,0xB2,0x04,0x25,0x09,0xF0,0x03,0x20,0xC5,0x7D,0xA9,0x50,0x99,0xAC,0x00,0xBD,0xB2,0x04,0x25,0x09,0xD0,0x5A,0xA9,0x00,0x85,0x07,0xA9,0x10,0x95,0x3D,0xBD,0xB2,0x04,0x25,0x09,0xD0,0x4C,0xBD,0x4F,0x03,0xC9,0x33,0xF0,0x04,0xC9,0x34,0xD0,0x03,0x4C,0x40,0xA4,0xC9,0x13,0xF0,0x04,0xC9,0x12,0xD0,0x0C,0xC0,0x0F,0xF0,0x1D,0xB9,0x98,0x00,0x95,0x98,0x4C,0x54,0x7C,0xC9,0x0B,0xF0,0x04,0xC9,0x0C,0xD0,0x0D,0xB9,0x98,0x00,0x15,0x98,0xC9,0x0C,0xF0,0x19,0xC9,0x03,0xF0,0x15,0xA9,0x02,0x8D,0x04,0x06,0xBD,0x85,0x04,0xC5,0x07,0x90,0x16,0x38,0xE5,0x07,0x9D,0x85,0x04,0xF0,0x0E,0x60,0xA5,0x09,0xC9,0x20,0xF0,0xF9,0xC9,0x08,0xF0,0xF5,0x4C,0xC5,0x7D,0xEE,0x27,0x06,0xA5,0x50,0xC9,0x0A,0xB0,0x10,0xE6,0x50,0xA5,0x50,0xC9,0x0A,0xD0,0x08,0xA5,0x09,0xC9,0x08,0xD0,0x02,0xE6,0x51,0x20,0xA6,0xFE,0xA9,0x00,0x95,0x3D,0x20,0xE6,0xEE,0x9D,0xF0,0x04,0x60,0x84,0x00,0xA9,0x10,0x85,0x09,0xB9,0xAC,0x00,0x4A,0xB0,0x32,0xA9,0x0C,0x85,0x0D,0xB9,0xAC,0x00,0xA0,0x20,0x0A,0xB0,0x15,0xA9,0x01,0x85,0x09,0xA0,0x40,0xAD,0x57,0x06,0xC9,0x03,0xF0,0x08,0xA0,0x20,0xC9,0x02,0xF0,0x02,0xA0,0x10,0x98,0x20,0x86,0x7D,0xA5,0x06,0xF0,0x09,0x8A,0x48,0xA2,0x0E,0x20,0xD4,0xF3,0x68,0xAA,0x60,0x84,0x00,0xA9,0x20,0x85,0x09,0xA9,0x10,0x85,0x07,0xA9,0x0E,0x85,0x0D,0xB9,0xAC,0x00,0xC9,0x20,0xB0,0x10,0xC9,0x13,0xD0,0x30,0xA9,0x08,0x85,0x09,0xA9,0x40,0x85,0x07,0xA9,0x18,0x85,0x0D,0xB9,0x70,0x00,0x18,0x69,0x08,0x85,0x04,0xB9,0x84,0x00,0x18,0x69,0x08,0x85,0x05,0xA5,0x0D,0x20,0xFB,0x7D,0xF0,0x0D,0x20,0x16,0x7C,0xBD,0xB2,0x04,0x25,0x09,0xD0,0x03,0x20,0x26,0x7E,0x60,0x10,0x20,0x40,0x84,0x00,0xA9,0x01,0x85,0x09,0xB9,0xAC,0x00,0xC9,0x02,0xD0,0xEF,0xAC,0x57,0x06,0xB9,0x25,0x7D,0x85,0x07,0xA5,0x98,0x29,0x0C,0xF0,0x09,0xA9,0x0C,0x85,0x0D,0xA9,0x10,0x4C,0x53,0x7D,0xA9,0x10,0x85,0x0D,0xA9,0x0C,0x85,0x0E,0x20,0xD1,0x7D,0xA5,0x06,0xF0,0xC9,0x4C,0xAA,0x7D,0x84,0x00,0xB9,0xAC,0x00,0xC9,0x30,0x90,0x08,0xA9,0x01,0x85,0x09,0xA9,0x20,0xD0,0xCC,0xC9,0x20,0xB0,0x56,0xA9,0x04,0x85,0x09,0xA9,0x20,0xAC,0x59,0x06,0xC0,0x01,0xF0,0x01,0x0A,0xA0,0x0B,0x84,0x0D,0x20,0xCB,0x7D,0xA5,0x06,0xF0,0x3D,0xC0,0x12,0xD0,0x19,0xBD,0x4F,0x03,0xC9,0x16,0xD0,0x08,0xA9,0x00,0x9D,0x85,0x04,0x4C,0x54,0x7C,0xA9,0x20,0x99,0xAC,0x00,0xA9,0x03,0x99,0xD0,0x03,0xBD,0x4F,0x03,0xC9,0x0B,0xF0,0x04,0xC9,0x0C,0xD0,0x0D,0xB9,0x98,0x00,0x15,0x98,0xC9,0x0C,0xF0,0x07,0xC9,0x03,0xF0,0x03,0x4C,0x26,0x7E,0xA9,0x01,0x8D,0x04,0x06,0x60,0x85,0x07,0xA5,0x0D,0x85,0x0E,0xA4,0x00,0xA5,0x98,0x29,0x0C,0xF0,0x11,0xB9,0x70,0x00,0x18,0x69,0x06,0x85,0x04,0xB9,0x84,0x00,0x18,0x69,0x08,0x4C,0xF8,0x7D,0xB9,0x70,0x00,0x18,0x69,0x08,0x85,0x04,0xB9,0x84,0x00,0x18,0x69,0x06,0x4C,0xE2,0x7B,0x85,0x0D,0x85,0x0E,0xA9,0x00,0x85,0x06,0xA4,0x00,0xA5,0x02,0x38,0xE5,0x04,0x20,0x1F,0x70,0x85,0x0A,0xC5,0x0D,0xB0,0x10,0xA5,0x03,0x38,0xE5,0x05,0x20,0x1F,0x70,0x85,0x0B,0xC5,0x0E,0xB0,0x02,0xE6,0x06,0xA5,0x06,0x60,0xA4,0x00,0xE0,0x0D,0xB0,0x07,0xBD,0xB2,0x04,0x25,0x09,0xD0,0x6A,0xA9,0x08,0x85,0x08,0xB5,0x84,0x85,0x04,0xB9,0x84,0x00,0x85,0x05,0xC0,0x00,0xD0,0x0D,0xAD,0x94,0x03,0xF0,0x08,0xA5,0x98,0x29,0x03,0xD0,0x08,0xF0,0x13,0xA5,0x0B,0xC9,0x04,0xB0,0x0D,0xA9,0x02,0x85,0x08,0xB5,0x70,0x85,0x04,0xB9,0x70,0x00,0x85,0x05,0xA5,0x04,0xC5,0x05,0xB0,0x02,0x46,0x08,0xC0,0x00,0xD0,0x2E,0xAD,0xF0,0x04,0xD0,0x28,0xA5,0x08,0x09,0x80,0x85,0xC0,0xA9,0x18,0x8D,0xF0,0x04,0xA9,0x20,0x85,0xD3,0xE0,0x0D,0xB0,0x15,0xBD,0xBF,0x04,0x29,0x80,0xD0,0x0E,0xBD,0x4F,0x03,0xC9,0x12,0xF0,0x07,0xB5,0x98,0x20,0x13,0x70,0x95,0x98,0x60,0xB9,0x98,0x00,0x85,0x08,0xBD,0xBF,0x04,0x29,0x80,0xF0,0x06,0xA5,0x08,0x09,0x40,0x85,0x08,0xBD,0xF0,0x04,0xD0,0x2B,0xBD,0x4F,0x03,0xC9,0x33,0xF0,0x04,0xC9,0x34,0xD0,0x11,0xA5,0x0F,0xC9,0x03,0xF0,0x04,0xC9,0x04,0xD0,0x16,0xBD,0x6B,0x04,0xC9,0x03,0xD0,0x0F,0xA5,0x08,0x09,0x80,0x95,0xC0,0xA9,0x40,0x95,0xD3,0xA9,0x10,0x9D,0xF0,0x04,0x60,0xFF,0xFF,0xFF,0xFF,0xFF,0xFF,0xFF,0xFF,0xFF,0xFF,0xFF,0xFF,0xFF,0xFF,0xFF,0xFF,0xFF,0xFF,0xFF,0xFF,0xFF,0xFF,0xFF,0xFF,0xFF,0xFF,0xFF,0xFF,0xFF,0xFF,0xFF,0xFF,0xFF,0xFF,0xFF,0xFF,0xFF,0xFF,0xFF,0xFF,0xFF,0xFF,0xFF,0xFF,0xFF,0xFF,0xFF,0xFF,0xFF,0xFF,0xFF,0xFF,0xFF,0xFF,0xFF,0xFF,0xFF,0xFF,0xFF,0xFF,0xFF,0xFF,0xFF,0xFF,0xFF,0xFF,0xFF,0xFF,0xFF,0xFF,0xFF,0xFF,0xFF,0xFF,0xFF,0xFF,0xFF,0xFF,0xFF,0xFF,0xFF,0xFF,0xFF,0xFF,0xFF,0xFF,0xFF,0xFF,0xFF,0xFF,0xFF,0xFF,0xFF,0xFF,0xFF,0xFF,0xFF,0xFF,0xFF,0xFF,0xFF,0xFF,0xFF,0xFF,0xFF,0xFF,0xFF,0xFF,0xFF,0xFF,0xFF,0xFF,0xFF,0xFF,0xFF,0xFF,0xFF,0xFF,0xFF,0xFF,0xFF,0xFF,0xFF,0xFF,0xFF,0xFF,0xFF,0xFF,0xFF,0xFF,0xFF,0xFF,0xFF,0xFF,0xFF,0xFF,0xFF,0xFF,0xFF,0xFF,0xFF,0xFF,0xFF,0xFF,0xFF,0xFF,0xFF,0xFF,0xFF,0xFF,0xFF,0xFF,0xFF,0xFF,0xFF,0xFF,0xFF,0xFF,0xFF,0xFF,0xFF,0xFF,0xFF,0xFF,0xFF,0xFF,0xFF,0xFF,0xFF,0xFF,0xFF,0xFF,0xFF,0xFF,0xFF,0xFF,0xFF,0xFF,0xFF,0xFF,0xFF,0xFF,0xFF,0xFF,0xFF,0xFF,0xFF,0xFF,0xFF,0xFF,0xFF,0xFF,0xFF,0xFF,0xFF,0xFF,0xFF,0xFF,0xFF,0xFF,0xFF,0xFF,0xFF,0xFF,0xFF,0xFF,0xFF,0xFF,0xFF,0xFF,0xFF,0xFF,0xFF,0xFF,0xFF,0xFF,0xFF,0xFF,0xFF,0xFF,0xFF,0xFF,0xFF,0xFF,0xFF,0xFF,0xFF,0xFF,0xFF,0xFF,0xFF,0xFF,0xFF,0xFF,0xFF,0xFF,0xFF,0xFF,0xFF,0xFF,0xFF,0xFF,0xFF,0xFF,0xFF,0xFF,0xFF,0xFF,0xFF,0xFF,0xFF,0xFF,0xFF,0xFF,0xFF,0xFF,0xFF,0xFF,0xFF,0xFF,0xFF,0xFF,0xFF,0xFF,0xFF,0xFF,0xFF,0xFF,0xFF,0xFF,0xFF,0xFF,0xFF,0xFF,0xFF,0xFF,0xFF,0xFF,0xFF,0xFF,0xFF,0xFF,0xFF,0xFF,0xFF,0xFF,0xFF,0xFF,0xFF,0xFF,0xFF,0xFF,0xFF,0xFF,0xFF,0xFF,0xFF,0xFF,0xFF,0xFF,0xFF,0xFF,0xFF,0xFF,0xFF,0xFF,0xFF,0xFF,0xFF,0xFF,0xFF,0xFF,0xFF,0xFF,0xFF,0xFF,0xFF,0xFF,0xFF,0xFF,0xFF,0xFF,0xFF,0xFF,0xFF,0xFF,0xFF,0xFF,0xFF,0xFF,0xFF,0xFF,0xFF,0xFF,0xFF,0xFF,0xFF,0xFF,0xFF,0xFF,0xFF,0xFF,0xFF,0xFF,0xFF,0xFF,0xFF,0xFF,0xFF,0xFF,0xFF,0xFF,0xFF,0xFF,0xFF,0xFF,0xFF,0xFF,0xFF,0xFF,0xFF,0xFF,0xFF,0xFF,0xFF,0xFF,0xFF,0xFF,0xFF,0xFF,0xFF,0xFF,0xFF,0xFF,0xFF,0xFF,0xFF,0xFF,0xFF,0xFF,0xFF,0xFF,0xFF,0xFF,0xFF,0xFF,0xFF,0xFF,0xFF,0xFF,0xFF,0xFF,0xFF,0xFF,0xFF,0xFF,0xFF,0xFF,0xFF,0xFF,0xFF,0xFF,0xFF,0xFF,0xFF,0xFF,0xFF,0xFF,0xFF,0xFF,0xFF,0xFF,0xFF,0xFF,0xFF,0xFF,0xFF,0xFF,0xFF,0xFF,0xFF,0xFF,0xFF,0xFF,0xFF,0xFF,0xFF,0xFF,0xFF,0xFF,0xFF,0xFF,0xFF,0xFF,0xFF,0xFF,0xFF,0xFF,0xFF,0xFF,0xFF,0xFF,0xFF,0xFF,0xFF,0xFF,0xFF,0xFF,0xFF,0xFF,0xFF,0xFF,0xFF,0xFF,0xFF,0xFF,0xFF,0xFF,0xFF,0xFF,0xFF,0xFF,0xFF,0xFF,0xFF,0xFF,0xFF,0xFF,0xFF,0xFF,0xFF,0xFF,0xFF,0xFF,0xFF,0xFF,0xFF,0xFF,0xFF,0xFF,0xFF,0xFF,0xFF,0xFF,0xFF,0xFF,0xFF,0xFF,0xFF,0xFF,0xFF,0xFF,0xFF,0xFF,0xFF,0xFF,0xFF,0xFF,0xFF,0xFF,0xFF,0xFF,0xFF,0xFF,0xFF,0xFF,0xFF,0xFF,0xFF,0xFF,0xFF,0xFF,0xFF,0xFF,0xFF,0xFF,0xFF,0xFF,0xFF,0xFF,0xFF,0xFF,0xFF,0xFF,0xFF,0xFF,0xFF,0xFF,0xFF,0xFF,0xFF,0xFF,0xFF,0xFF,0xFF,0xFF,0xFF,0xFF,0xFF,0xFF,0xFF,0xFF,0xFF,0xFF,0xFF,0xFF,0xFF,0xFF,0xFF,0xFF,0xFF,0xFF,0xFF,0xFF,0xFF,0xFF,0xFF,0xFF,0xFF,0xFF,0xFF,0xFF,0xFF,0xFF,0xFF,0xFF,0xFF,0xFF,0xFF,0xFF,0xFF,0xFF,0xFF,0xFF,0xFF,0xFF,0xFF,0xFF,0xFF,0xFF,0xFF,0xFF,0xFF,0xFF,0xFF,0xFF,0xFF,0xFF,0xFF,0xFF,0xFF,0xFF,0xFF,0xFF,0xFF,0xFF,0xFF,0xFF,0xFF,0xFF,0xFF,0xFF,0xFF,0xFF,0xFF,0xFF,0xFF,0xFF,0xFF,0xFF,0xFF,0xFF,0xFF,0xFF,0xFF,0xFF,0xFF,0xFF,0xFF,0xFF,0xFF,0xFF,0xFF,0xFF,0xFF,0xFF,0xFF,0xFF,0xFF,0xFF,0xFF,0xFF,0xFF,0xFF,0xFF,0xFF,0xFF,0xFF,0xFF,0xFF,0xFF,0xFF,0xFF,0xFF,0xFF,0xFF,0xFF,0xFF,0xFF,0xFF,0xFF,0xFF,0xFF,0xFF,0xFF,0xFF,0xFF,0xFF,0xFF,0xFF,0xFF,0xFF,0xFF,0xFF,0xFF,0xFF,0xFF,0xFF,0xFF,0xFF,0xFF,0xFF,0xFF,0xFF,0xFF,0xFF,0xFF,0xFF,0xFF,0xFF,0xFF,0xFF,0xFF,0xFF,0xFF,0xFF,0xFF,0xFF,0xFF,0xFF,0xFF,0xFF,0xFF,0xFF,0xFF,0xFF,0xFF,0xFF,0xFF,0xFF,0xFF,0xFF,0xFF,0xFF,0xFF,0xFF,0xFF,0xFF,0xFF,0xFF,0xFF,0xFF,0xFF,0xFF,0xFF,0xFF,0xFF,0xFF,0xFF,0xFF,0xFF,0xFF,0xFF,0xFF,0xFF,0xFF,0xFF,0xFF,0xFF,0xFF,0xFF,0xFF,0xFF,0xFF,0xFF,0xFF,0xFF,0xFF,0xFF,0xFF,0xFF,0xFF,0xFF,0xFF,0xFF,0xFF,0xFF,0xFF,0xFF,0xFF,0xFF,0xFF,0xFF,0xFF,0xFF,0xFF,0xFF,0xFF,0xFF,0xFF,0xFF,0xFF,0xFF,0xFF,0xFF,0xFF,0xFF,0xFF,0xFF,0xFF,0xFF,0xFF,0xFF,0xFF,0xFF,0xFF,0xFF,0xFF,0xFF,0xFF,0xFF,0xFF,0xFF,0xFF,0xFF,0xFF,0xFF,0xFF,0xFF,0xFF,0xFF,0xFF,0xFF,0xFF,0xFF,0xFF,0xFF,0xFF,0xFF,0xFF,0xFF,0xFF,0xFF,0xFF,0xFF,0xFF,0xFF,0xFF,0xFF,0xFF,0xFF,0xFF,0xFF,0xFF,0xFF,0xFF,0xFF,0xFF,0xFF,0xFF,0xFF,0xFF,0xFF,0xFF,0xFF,0xFF,0xFF,0xFF,0xFF,0xFF,0xFF,0xFF,0xFF,0xFF,0xFF,0xFF,0xFF,0xFF,0xFF,0xFF,0xFF,0xFF,0xFF,0xFF,0xFF,0xFF,0xFF,0xFF,0xFF,0xFF,0xFF,0xFF,0xFF,0xFF,0xFF,0xFF,0xFF,0xFF,0xFF,0xFF,0xFF,0xFF,0xFF,0xFF,0xFF,0xFF,0xFF,0xFF,0xFF,0xFF,0xFF,0xFF,0xFF,0xFF,0xFF,0xFF,0xFF,0xFF,0xFF,0xFF,0xFF,0xFF,0xFF,0xFF,0xFF,0xFF,0xFF,0xFF,0xFF,0xFF,0xFF,0xFF,0xFF,0xFF,0xFF,0xFF,0xFF,0xFF,0xFF,0xFF,0xFF,0xFF,0xFF,0xFF,0xFF,0xFF,0xFF,0xFF,0xFF,0xFF,0xFF,0xFF,0xFF,0xFF,0xFF,0xFF,0xFF,0xFF,0xFF,0xFF,0xFF,0xFF,0xFF,0xFF,0xFF,0xFF,0xFF,0xFF,0xFF,0xFF,0xFF,0xFF,0xFF,0xFF,0xFF,0xFF,0xFF,0xFF,0xFF,0xFF,0xFF,0xFF,0xFF,0xFF,0xFF,0xFF,0xFF,0xFF,0xFF,0xFF,0xFF,0xFF,0xFF,0xFF,0xFF,0xFF,0xFF,0xFF,0xFF,0xFF,0xFF,0xFF,0xFF,0xFF,0xFF,0xFF,0xFF,0xFF,0xFF,0xFF,0xFF,0xFF,0xFF,0xFF,0xFF,0xFF,0xFF,0xFF,0xFF,0xFF,0xFF,0xFF,0xFF,0xFF,0xFF,0xFF,0xFF,0xFF,0xFF,0xFF,0xFF,0xFF,0xFF,0xFF,0xFF,0xFF,0xFF,0xFF,0xFF,0xFF,0xFF,0xFF,0xFF,0xFF,0xFF,0xFF,0xFF,0xFF,0xFF,0xFF,0xFF,0xFF,0xFF,0xFF,0xFF,0xFF,0xFF,0xFF,0xFF,0xFF,0xFF,0xFF,0xFF,0xFF,0xFF,0xFF,0xFF,0xFF,0xFF,0xFF,0xFF,0xFF,0xFF,0xFF,0xFF,0xFF,0xFF,0xFF,0xFF,0xFF,0xFF,0xFF,0xFF,0xFF,0xFF,0xFF,0xFF,0xFF,0xFF,0xFF,0xFF,0xFF,0xFF,0xFF,0xFF,0xFF,0xFF,0xFF,0xFF,0xFF,0xFF,0xFF,0xFF,0xFF,0xFF,0xFF,0xFF,0xFF,0xFF,0xFF,0xFF,0xFF,0xFF,0xFF,0xFF,0xFF,0xFF,0xFF,0xFF,0xFF,0xFF,0xFF,0xFF,0xFF,0xFF,0xFF,0xFF,0xFF,0xFF,0xFF,0xFF,0xFF,0xFF,0xFF,0xFF,0xFF,0xFF,0xFF,0xFF,0xFF,0xFF,0xFF,0xFF,0xFF,0xFF,0xFF,0xFF,0xFF,0xFF,0xFF,0xFF,0xFF,0xFF,0xFF,0xFF,0xFF,0xFF,0xFF,0xFF,0xFF,0xFF,0xFF,0xFF,0xFF,0xFF,0xFF,0xFF,0xFF,0xFF,0xFF,0xFF,0xFF,0xFF,0xFF,0xFF,0xFF,0xFF,0xFF,0xFF,0xFF,0xFF,0xFF,0xFF,0xFF,0xFF,0xFF,0xFF,0xFF,0xFF,0xFF,0xFF,0xFF,0xFF,0xFF,0xFF,0xFF,0xFF,0xFF,0xFF,0xFF,0xFF,0xFF,0xFF,0xFF,0xFF,0xFF,0xFF,0xFF,0xFF,0xFF,0xFF,0xFF,0xFF,0xFF,0xFF,0xFF,0xFF,0xFF,0xFF,0xFF,0xFF,0xFF,0xFF,0xFF,0xFF,0xFF,0xFF,0xFF,0xFF,0xFF,0xFF,0xFF,0xFF,0xFF,0xFF,0xFF,0xFF,0xFF,0xFF,0xFF,0xFF,0xFF,0xFF,0xFF,0xFF,0xFF,0xFF,0xFF,0xFF,0xFF,0xFF,0xFF,0xFF,0xFF,0xFF,0xFF,0xFF,0xFF,0xFF,0xFF,0xFF,0xFF,0xFF,0xFF,0xFF,0xFF,0xFF,0xFF,0xFF,0xFF,0xFF,0xFF,0xFF,0xFF,0xFF,0xFF,0xFF,0xFF,0xFF,0xFF,0xFF,0xFF,0xFF,0xFF,0xFF,0xFF,0xFF,0xFF,0xFF,0xFF,0xFF,0xFF,0xFF,0xFF,0xFF,0xFF,0xFF,0xFF,0xFF,0xFF,0xFF,0xFF,0xFF,0xFF,0xFF,0xFF,0xFF,0xFF,0xFF,0xFF,0xFF,0xFF,0xFF,0xFF,0xFF,0xFF,0xFF,0xFF,0xFF,0xFF,0xFF,0xFF,0xFF,0xFF,0xFF,0xFF,0xFF,0xFF,0xFF,0xFF,0xFF,0xFF,0xFF,0xFF,0xFF,0xFF,0xFF,0xFF,0xFF,0xFF,0xFF,0xFF,0xFF,0xFF,0xFF,0xFF,0xFF,0xFF,0xFF,0xFF,0xFF,0xFF,0xFF,0xFF,0xFF,0xFF,0xFF,0xFF,0xFF,0xFF,0xFF,0xFF,0xFF,0xFF,0xFF,0xFF,0xFF,0xFF,0xFF,0xFF,0xFF,0xFF,0xFF,0xFF,0xFF,0xFF,0xFF,0xFF,0xFF,0xFF,0xFF,0xFF,0xFF,0xFF,0xFF,0xFF,0xFF,0xFF,0xFF,0xFF,0xFF,0xFF,0xFF,0xFF,0xFF,0xFF,0xFF,0xFF,0xFF,0xFF,0xFF,0xFF,0xFF,0xFF,0xFF,0xFF,0xFF,0xFF,0xFF,0xFF,0xFF,0xFF,0xFF,0xFF,0xFF,0xFF,0xFF,0xFF,0xFF,0xFF,0xFF,0xFF,0xFF,0xFF,0xFF,0xFF,0xFF,0xFF,0xFF,0xFF,0xFF,0xFF,0xFF,0xFF,0xFF,0xFF,0xFF,0xFF,0xFF,0xFF,0xFF,0xFF,0xFF,0xFF,0xFF,0xFF,0xFF,0xFF,0xFF,0xFF,0xFF,0xFF,0xFF,0xFF,0xFF,0xFF,0xFF,0xFF,0xFF,0xFF,0xFF,0xFF,0xFF,0xFF,0xFF,0xFF,0xFF,0xFF,0xFF,0xFF,0xFF,0xFF,0xFF,0xFF,0xFF,0xFF,0xFF,0xFF,0xFF,0xFF,0xFF,0xFF,0xFF,0xFF,0xFF,0xFF,0xFF,0xFF,0xFF,0xFF,0xFF,0xFF,0xFF,0xFF,0xFF,0xFF,0xFF,0xFF,0xFF,0xFF,0xFF,0xFF,0xFF,0xFF,0xFF,0xFF,0xFF,0xFF,0xFF,0xFF,0xFF,0xFF,0xFF,0xFF,0xFF,0xFF,0xFF,0xFF,0xFF,0xFF,0xFF,0xFF,0xFF,0xFF,0xFF,0xFF,0xFF,0xFF,0xFF,0xFF,0xFF,0xFF,0xFF,0xFF,0xFF,0xFF,0xFF,0xFF,0xFF,0xFF,0xFF,0xFF,0xFF,0xFF,0xFF,0xFF,0xFF,0xFF,0xFF,0xFF,0xFF,0xFF,0xFF,0xFF,0xFF,0xFF,0xFF,0xFF,0xFF,0xFF,0xFF,0xFF,0xFF,0xFF,0xFF,0xFF,0xFF,0xFF,0xFF,0xFF,0xFF,0xFF,0xFF,0xFF,0xFF,0xFF,0xFF,0xFF,0xFF,0xFF,0xFF,0xFF,0xFF,0xFF,0xFF,0xFF,0xFF,0xFF,0xFF,0xFF,0xFF,0xFF,0xFF,0xFF,0xFF,0xFF,0xFF,0xFF,0xFF,0xFF,0xFF,0xFF,0xFF,0xFF,0xFF,0xFF,0xFF,0xFF,0xFF,0xFF,0xFF,0xFF,0xFF,0xFF,0xFF,0xFF,0xFF,0xFF,0xFF,0xFF,0xFF,0xFF,0xFF,0xFF,0xFF,0xFF,0xFF,0xFF,0xFF,0xFF,0xFF,0xFF,0xFF,0xFF,0xFF,0xFF,0xFF,0xFF,0xFF,0xFF,0xFF,0xFF,0xFF,0xFF,0xFF,0xFF,0xFF,0xFF,0xFF,0xFF,0xFF,0xFF,0xFF,0xFF,0xFF,0xFF,0xFF,0xFF,0xFF,0xFF,0xFF,0xFF,0xFF,0xFF,0xFF,0xFF,0xFF,0xFF,0xFF,0xFF,0xFF,0xFF,0xFF,0xFF,0xFF,0xFF,0xFF,0xFF,0xFF,0xFF,0xFF,0xFF,0xFF,0xFF,0xFF,0xFF,0xFF,0xFF,0xFF,0xFF,0xFF,0xFF,0xFF,0xFF,0xFF,0xFF,0xFF,0xFF,0xFF,0xFF,0xFF,0xFF,0xFF,0xFF,0xFF,0xFF,0xFF,0xFF,0xFF,0xFF,0xFF,0xFF,0xFF,0xFF,0xFF,0xFF,0xFF,0xFF,0xFF,0xFF,0xFF,0xFF,0xFF,0xFF,0xFF,0xFF,0xFF,0xFF,0xFF,0xFF,0xFF,0xFF,0xFF,0xFF,0xFF,0xFF,0xFF,0xFF,0xFF,0xFF,0xFF,0xFF,0xFF,0xFF,0xFF,0xFF,0xFF,0xFF,0xFF,0xFF,0xFF,0xFF,0xFF,0xFF,0xFF,0xFF,0xFF,0xFF,0xFF,0xFF,0xFF,0xFF,0xFF,0xFF,0xFF,0xFF,0xFF,0xFF,0xFF,0xFF,0xFF,0xFF,0xFF,0xFF,0xFF,0xFF,0xFF,0xFF,0xFF,0xFF,0xFF,0xFF,0xFF,0xFF,0xFF,0xFF,0xFF,0xFF,0xFF,0xFF,0xFF,0xFF,0xFF,0xFF,0xFF,0xFF,0xFF,0xFF,0xFF,0xFF,0xFF,0xFF,0xFF,0xFF,0xFF,0xFF,0xFF,0xFF,0xFF,0xFF,0xFF,0xFF,0xFF,0xFF,0xFF,0xFF,0xFF,0xFF,0xFF,0xFF,0xFF,0xFF,0xFF,0xFF,0xFF,0xFF,0xFF,0xFF,0xFF,0xFF,0xFF,0xFF,0xFF,0xFF,0xFF,0xFF,0xFF,0xFF,0xFF,0xFF,0xFF,0xFF,0xFF,0xFF,0xFF,0xFF,0xFF,0xFF,0xFF,0xFF,0xFF,0xFF,0xFF,0xFF,0xFF,0xFF,0xFF,0xFF,0xFF,0xFF,0xFF,0xFF,0xFF,0xFF,0xFF,0xFF,0xFF,0xFF,0xFF,0xFF,0xFF,0xFF,0xFF,0xFF,0xFF,0xFF,0xFF,0xFF,0xFF,0xFF,0xFF,0xFF,0xFF,0xFF,0xFF,0xFF,0xFF,0xFF,0xFF,0xFF,0xFF,0xFF,0xFF,0xFF,0xFF,0xFF,0xFF,0xFF,0xFF,0xFF,0xFF,0xFF,0xFF,0xFF,0xFF,0xFF,0xFF,0xFF,0xFF,0xFF,0xFF,0xFF,0xFF,0xFF,0xFF,0xFF,0xFF,0xFF,0xFF,0xFF,0xFF,0xFF,0xFF,0xFF,0xFF,0xFF,0xFF,0xFF,0xFF,0xFF,0xFF,0xFF,0xFF,0xFF,0xFF,0xFF,0xFF,0xFF,0xFF,0xFF,0xFF,0xFF,0xFF,0xFF,0xFF,0xFF,0xFF,0xFF,0xFF,0xFF,0xFF,0xFF,0xFF,0xFF,0xFF,0xFF,0xFF,0xFF,0xFF,0xFF,0xFF,0xFF,0xFF,0xFF,0xFF,0xFF,0xFF,0xFF,0xFF,0xFF,0xFF,0xFF,0xFF,0xFF,0xFF,0xFF,0xFF,0xFF,0xFF,0xFF,0xFF,0xFF,0xFF,0xFF,0xFF,0xFF,0xFF,0xFF,0xFF,0xFF,0xFF,0xFF,0xFF,0xFF,0xFF,0xFF,0xFF,0xFF,0xFF,0xFF,0xFF,0xFF,0xFF,0xFF,0xFF,0xFF,0xFF,0xFF,0xFF,0xFF,0xFF,0xFF,0xFF,0xFF,0xFF,0xFF,0xFF,0xFF,0xFF,0xFF,0xFF,0xFF,0xFF,0xFF,0xFF,0xFF,0xFF,0xFF,0xFF,0xFF,0xFF,0xFF,0xFF,0xFF,0xFF,0xFF,0xFF,0xFF,0xFF,0xFF,0xFF,0xFF,0xFF,0xFF,0xFF,0xFF,0xFF,0xFF,0xFF,0xFF,0xFF,0xFF,0xFF,0xFF,0xFF,0xFF,0xFF,0xFF,0xFF,0xFF,0xFF,0xFF,0xFF,0xFF,0xFF,0xFF,0xFF,0xFF,0xFF,0xFF,0xFF,0xFF,0xFF,0xFF,0xFF,0xFF,0xFF,0xFF,0xFF,0xFF,0xFF,0xFF,0xFF,0xFF,0xFF,0xFF,0xFF,0x78,0xD8,0xA9,0x00,0x8D,0x00,0x20,0xA2,0xFF,0x9A,0xAD,0x02,0x20,0x29,0x80,0xF0,0xF9,0xAD,0x02,0x20,0x29,0x80,0xF0,0xF9,0x09,0xFF,0x8D,0x00,0x80,0x8D,0x00,0xA0,0x8D,0x00,0xC0,0x8D,0x00,0xE0,0xA9,0x0F,0x20,0x98,0xBF,0xA9,0x00,0x8D,0x00,0xA0,0x4A,0x8D,0x00,0xA0,0x4A,0x8D,0x00,0xA0,0x4A,0x8D,0x00,0xA0,0x4A,0x8D,0x00,0xA0,0xA9,0x07,0x20,0xAC,0xBF,0x4C,0x40,0xE4,0x8D,0x00,0x80,0x4A,0x8D,0x00,0x80,0x4A,0x8D,0x00,0x80,0x4A,0x8D,0x00,0x80,0x4A,0x8D,0x00,0x80,0x60,0x8D,0x00,0xE0,0x4A,0x8D,0x00,0xE0,0x4A,0x8D,0x00,0xE0,0x4A,0x8D,0x00,0xE0,0x4A,0x8D,0x00,0xE0,0x60,0xFF,0xFF,0xFF,0xFF,0xFF,0xFF,0xFF,0xFF,0xFF,0xFF,0xFF,0xFF,0xFF,0xFF,0xFF,0xFF,0xFF,0xFF,0xFF,0xFF,0xFF,0xFF,0xFF,0xFF,0xFF,0xFF,0xFF,0xFF,0xFF,0xFF,0xFF,0xFF,0xFF,0xFF,0xFF,0xFF,0xFF,0xFF,0xFF,0xFF,0xFF,0xFF,0xFF,0xFF,0xFF,0xFF,0xFF,0xFF]);